lineId_paradaOrigen_paradaDestino,velocidad_kmh,muestras
2121_500100_513258,16.57,1
2301_512123_513264,26.98,561
2121_500100_513262,11.28,1
272_512054_512055,14.41,438
3452_514134_514460,30.72,12
3721_517278_500052,12.16,3
2101_502303_502250,14.20,9
271_511421_511422,19.26,208
2101_502303_502251,36.82,350
271_511421_511423,66.77,1
271_511421_511420,24.72,43
305_519041_512072,5.17,1
352_515169_515168,21.10,22
3411_514466_514044,26.24,546
3411_514466_514045,20.51,5
3411_514466_514042,15.19,129
150_501550_501500,0.64,1
2102_516217_516219,14.11,71
377_516187_517268,19.35,1
3192_511462_511056,25.61,226
3192_511462_511059,2.54,1
311_511249_511250,7.44,15
2101_511012_516049,18.13,70
2212_513256_500101,19.70,316
2473_515059_515058,17.85,34
3112_511016_511251,30.26,116
347_500156_514021,49.07,1
347_500156_514020,23.21,901
2121_516080_516081,14.49,367
2211_516245_516266,18.66,1
140_501450_501350,11.95,210
2102_516217_516221,9.70,1
2242_512072_512133,2.93,2
140_501350_501250,25.55,1
2101_511012_516051,29.08,1
355_514214_514212,22.59,1
2211_518046_516089,15.01,1
355_514214_514213,13.03,7
371_517021_517232,42.16,396
2473_515059_515060,29.54,165
311_511249_511261,17.52,152
2121_516080_516088,4.97,1
2211_516245_516268,42.87,4
311_511249_511264,16.45,2
272_500603_502401,27.92,432
2121_516080_516090,1.85,1
441_501351_501301,38.71,355
2273_513035_513290,26.84,368
271_511321_511323,29.88,251
131_501002_500750,22.79,1
3722_517248_500053,18.24,1
2242_512072_512148,32.94,1
2242_512072_512147,24.48,402
2102_516217_516213,38.28,1
333_513276_513294,22.49,48
2102_516217_516215,26.92,252
333_513276_513293,16.87,4
282_513289_512134,29.52,1
131_500650_500451,47.25,580
3192_511462_511079,18.46,62
3192_511462_511078,12.82,1
427_502451_502501,17.70,414
2211_511329_511226,31.18,310
2301_501501_501451,8.07,215
2211_516245_516244,6.99,61
2301_512070_501401,3.40,1
2242_512130_513219,30.40,1
373_517279_517015,27.11,457
2473_515238_515049,18.51,1
3122_511170_511352,5.64,2
2211_515161_516085,20.93,274
333_513276_513277,11.92,2
3122_511170_511351,10.80,2
2211_515161_516089,15.04,70
2473_515238_515048,35.90,5
3122_511170_511350,13.49,553
2212_502301_515144,9.36,1
2212_502301_515147,30.49,1
441_501251_501201,22.32,456
2841_514083_514084,33.39,350
3192_511462_511081,22.77,1
2521_515059_515058,20.81,29
2211_515026_515138,14.36,71
2841_514083_514081,20.59,77
2524_516082_515171,11.34,4
2473_515238_515040,32.56,267
3192_511462_511080,17.22,1
2521_515059_515060,29.04,138
2243_513309_513140,28.29,125
373_517156_517043,15.63,86
2273_514409_514002,34.41,39
272_511315_517212,26.49,307
2524_518083_515171,11.96,1
2521_515115_515116,24.18,184
272_512054_512021,11.71,107
2521_515115_515114,6.14,6
271_511422_516128,9.57,1
2402_519048_513291,0.57,1
2211_516094_516096,21.75,240
2243_514031_514030,20.28,44
131_500301_500201,14.49,1
2212_514010_514003,24.78,1
2121_513325_513252,15.48,130
2521_513249_513205,21.78,250
2212_502301_515149,0.22,1
2301_501401_512069,44.44,2
2101_511011_511348,30.31,275
282_513247_513192,3.92,2
3171_511162_511021,21.42,2
2211_519174_519121,17.10,409
427_501855_501803,35.24,377
2524_516082_515153,10.27,1
2212_513035_513104,0.30,1
271_511416_511484,4.44,3
140_501450_501300,21.27,1
357_514419_514543,22.43,15
357_514419_514544,33.32,1
2473_514371_514431,5.36,7
2104_511109_511423,26.03,88
271_511416_511489,52.84,1
2473_515238_515062,30.47,9
2211_516094_516092,14.96,107
2211_516094_516090,27.09,1
2212_514010_514014,24.64,1
2243_514031_514032,22.90,115
357_514419_514546,13.79,10
2211_515026_515161,66.18,2
2212_514010_514012,16.48,132
2402_513149_514114,17.71,336
357_514419_514547,19.88,128
2402_513149_514116,26.26,1
2301_513253_504010,12.50,1
357_514419_514548,10.79,2
2402_514116_519045,25.47,309
421_500106_502550,26.79,819
2402_513124_513292,19.27,50
2121_500202_513040,32.67,375
441_501151_501101,41.23,348
271_511242_511426,20.99,92
271_511242_511427,22.92,233
271_511242_511428,4.78,2
2102_511103_516225,40.57,210
3171_502302_-1,16.86,14
2841_514432_502651,30.62,368
2473_516128_511311,40.07,2
2521_513249_513226,15.81,54
318_511133_511335,48.58,205
272_512207_513264,12.60,2
2243_514026_514027,21.78,95
2472_517006_517007,29.10,350
3452_514459_514349,21.74,6
318_511335_511248,45.36,184
318_502314_511021,2.45,1
373_517279_517052,43.58,17
2473_516128_511309,22.12,346
3452_514459_514347,29.78,1
3452_514459_514348,13.47,266
2104_516146_-1,0.19,1
2401_501550_514397,2.60,1
2471_515149_515017,30.90,1
375_517219_517015,13.11,5
2274_513254_500107,13.70,32
427_501950_502100,41.49,278
243_514097_514218,29.86,112
2243_514026_514025,6.57,2
140_501550_501450,9.54,1
131_501601_502300,0.08,1
2102_511104_511279,17.38,1
1571_502850_502950,15.44,2
2471_515149_515009,53.13,1
2212_513107_513327,41.95,277
336_513309_513215,19.82,307
2524_500851_500951,28.58,672
2521_518100_518099,18.77,68
452_502651_503005,35.85,1
2842_514072_514421,14.17,2
421_500106_502500,43.41,16
2801_518003_518006,36.20,92
2301_513049_500202,34.82,1
2301_513261_512017,36.03,372
2842_514376_514193,35.08,46
4272_501855_501701,28.08,1
3372_513098_513038,3.16,1
2242_513235_512203,48.19,1
272_519026_519290,11.07,94
2242_513235_512208,19.37,1
357_514403_514339,17.44,158
2301_513261_512003,36.64,2
322_500110_-1,8.71,4
131_500301_500251,33.83,693
2243_514345_500165,15.74,1
2402_513147_513148,28.58,268
243_513162_513161,12.91,16
3452_514459_514314,21.37,1
377_516187_517200,21.47,289
2212_503001_518051,41.48,2
271_511422_516184,10.82,1
3122_511167_511169,15.17,4
322_512092_512032,21.49,2
421_500602_500850,20.24,5
2242_514312_514314,22.28,325
2242_512202_512203,22.84,420
140_501101_501151,12.65,92
2242_512202_512201,19.01,184
376_517062_517152,20.38,4
3452_514459_514386,27.63,3
322_512092_512029,22.86,309
357_514326_514171,27.96,1
437_-1_500201,83.74,2
140_501150_501052,28.78,2
131_501601_501001,25.42,680
3122_511172_511072,13.50,1
352_-1_514432,8.37,2
3122_511167_511170,10.84,1
1571_502850_502900,9.00,49
2521_515238_515062,28.56,4
305_519041_-1,1.82,4
2472_516241_516239,14.35,82
2212_503001_518061,9.53,118
3372_513198_513106,0.12,1
1472_500163_500152,16.73,375
2473_515141_515187,34.80,3
1472_500163_500150,17.61,11
357_514273_514341,6.63,4
3122_511167_511165,7.17,1
2243_513256_513251,18.26,32
3122_511167_511168,12.66,436
305_-1_519166,36.24,2
2242_514126_513220,19.76,1
272_516064_519026,52.04,1
2472_516241_516242,23.15,391
3442_514359_514163,11.18,2
2104_516006_516005,11.97,72
2273_516122_516031,25.19,74
3422_514559_514088,18.02,1
3442_514557_514556,14.08,14
243_513008_513158,18.21,1
3372_513089_500251,14.37,127
271_511416_511417,28.05,265
3721_517205_517150,19.98,15
3422_514559_514086,35.26,42
3422_514559_514087,28.12,360
3422_514559_514085,25.35,1
371_517018_517020,41.68,10
352_515072_515249,16.13,24
2141_511222_511018,42.10,116
373_517182_517166,28.32,406
3131_511230_511416,42.92,200
3411_514041_514042,13.20,479
3131_511230_511417,27.32,3
311_511249_511213,3.22,1
2273_513063_513112,17.43,98
272_519025_513264,0.22,1
2273_516122_516027,28.48,380
2841_502700_502650,23.63,420
3123_511391_511292,17.66,97
2521_515238_515040,27.39,148
2102_502301_514001,24.93,253
2273_516122_516025,49.75,6
2471_518006_518004,36.85,449
271_511416_511408,14.19,1
272_512056_502400,8.91,1
2471_518006_518003,20.91,54
437_500601_501550,10.86,306
2524_516090_-1,13.27,3
336_513212_513310,21.84,56
304_519095_519263,26.37,276
336_513212_513311,30.25,2
282_513147_513093,11.32,25
2273_519018_519020,39.43,277
336_513212_513312,45.40,1
2242_512072_512104,15.00,100
3123_511391_511288,24.06,1
272_511235_511243,52.73,268
3132_511272_511273,21.76,227
3372_513098_513084,37.11,1
3122_511167_511182,7.25,114
437_500201_-1,52.80,2
3132_511272_511271,17.78,72
357_514171_514493,39.92,5
1472_501403_501851,0.07,1
303_519111_519160,17.38,437
2274_512154_-1,2.28,1
2104_516255_516257,28.09,7
2104_516255_516256,30.88,253
2102_501400_516078,10.94,1
2473_516234_516196,22.35,84
2401_500161_514080,30.45,2
3452_514257_514392,25.89,29
427_512182_512035,20.84,42
2301_512070_512069,20.05,567
2473_515141_515139,0.11,1
2521_515238_515012,27.36,16
2473_516234_516194,25.82,1
2274_517106_517009,12.74,64
357_514171_514492,12.70,190
3172_511130_511343,35.47,2
336_513214_513001,17.56,302
304_519097_519098,25.88,330
311_511254_511255,26.60,401
2104_511423_511109,28.05,301
303_519160_519111,9.29,95
3372_513098_513099,27.86,250
304_519097_519096,12.25,114
2273_519018_519016,16.99,81
3372_513098_513097,11.24,41
2472_518049_514137,27.43,439
2101_516079_519290,24.10,6
2471_514377_514443,33.03,371
282_518158_518143,97.63,1
2841_514432_502701,22.54,3
355_514379_514415,18.30,198
3191_511359_511204,14.70,130
311_511265_502302,14.29,339
2473_515141_515146,16.45,67
131_500450_500350,39.26,1
2211_502351_-1,3.03,1
2521_513205_513226,61.66,1
2801_519120_519205,33.42,2
140_501101_501051,33.00,721
282_518158_518159,34.22,208
282_518158_518157,14.24,43
217_511021_511215,9.21,48
2274_513280_512149,18.32,467
282_514387_514350,6.90,1
311_511254_511232,17.73,185
3122_511172_511171,9.34,197
3441_514056_-1,14.50,1
3122_511172_511173,18.15,667
2273_514003_514408,39.48,293
3131_511481_511228,34.91,304
353_514400_500161,0.06,1
2801_518003_518089,10.31,2
3441_514213_500168,31.60,1
131_502300_501803,59.69,1
2101_516073_516235,30.63,1
357_514547_514419,5.14,7
2274_513280_512154,19.26,4
385_518115_518117,18.25,15
3441_514213_500162,6.72,1
272_512195_516063,5.95,1
385_518115_518116,32.29,339
3122_511172_511174,7.23,2
2141_515014_515010,19.67,148
3122_511172_511176,18.13,1
282_518158_518161,22.52,1
437_-1_500251,0.33,1
282_518158_518160,11.41,1
140_-1_501301,0.28,2
1571_502801_502901,30.69,5
2211_511034_502951,12.67,2
3124_-1_511441,7.28,7
140_501250_501200,10.65,207
3172_511130_511378,50.83,2
3372_513080_513106,18.39,242
352_515248_515136,31.36,1
2401_501550_514347,0.48,1
2521_513205_513249,16.44,73
385_518115_518114,11.67,18
2121_515142_516193,28.03,2
3121_511369_511401,19.41,1
2274_512042_512043,31.28,322
2274_512042_512044,32.27,1
272_502100_513264,5.19,2
2274_512042_512041,32.27,9
2841_514081_514379,23.85,1
2104_511237_511423,0.17,1
272_502100_513263,10.28,1
2104_511237_511422,30.63,1
3131_511230_511484,16.10,1
3132_511467_511465,21.17,2
2241_513104_514014,16.91,359
3132_511467_511464,14.54,125
2241_513104_514012,34.71,1
385_518185_518118,22.30,46
3122_511351_511169,14.55,2
3131_511230_511478,13.27,57
452_512020_512021,25.57,179
999_-1_500900,18.19,3
452_512020_512022,11.20,6
2521_515120_515121,21.31,172
2121_514374_515012,49.54,2
3132_511467_511472,9.74,1
142_512022_500751,24.02,2
3132_511467_511471,21.70,5
2841_514415_514076,33.76,314
3132_511467_511470,18.19,181
2472_516015_516009,43.54,371
2472_516015_516007,18.08,1
2472_516015_516008,35.29,6
3011_501001_512001,11.45,2
2273_513014_513063,8.75,1
3132_511467_511476,23.46,275
3132_511467_511475,10.21,3
3132_511467_511473,7.99,1
3372_513198_513199,32.42,271
3171_511385_511162,24.48,5
3372_513198_513197,4.78,25
334_-1_513021,47.89,8
2242_512132_514312,6.75,1
2471_518006_518074,3.03,1
140_501201_501101,21.75,3
3422_500164_514219,24.22,414
1571_502801_502951,25.96,1
2212_514002_518030,23.30,15
321_513043_513045,32.14,1
3422_500164_514220,11.45,2
321_513043_513042,4.98,29
321_513043_513044,12.41,424
421_502350_500800,24.37,3
131_500500_504009,8.73,1
2401_501550_514391,19.99,1
377_516185_516186,40.77,273
2471_516268_516093,3.63,178
431_501651_501405,30.86,321
355_514379_514433,24.88,61
355_514379_514432,1.34,11
2104_519021_500751,10.23,1
2841_-1_514481,16.64,6
3124_511435_511296,3.31,1
2274_502100_500601,19.61,3
131_502300_501853,8.33,5
421_500602_500800,17.19,785
3124_511435_511292,23.15,1
1571_502750_502800,5.01,90
2401_501550_514389,32.62,2
2401_501550_514387,11.62,1
2104_519022_516149,40.88,1
2473_511316_511310,20.77,3
2473_511316_511312,26.56,324
304_519130_519293,20.26,38
2273_516043_516041,24.33,293
305_512103_519165,17.29,1
377_516141_516143,2.03,1
377_516141_516142,24.02,5
305_512103_519163,8.16,21
2121_502301_502600,1.09,3
3371_513079_513080,34.54,369
2212_518148_518164,20.51,2
332_513183_513301,5.67,11
421_502050_501950,8.12,356
2212_513114_513112,38.55,378
140_501301_501251,16.98,869
2401_514396_514257,45.92,2
2101_501405_501502,21.68,379
305_502400_519041,5.34,2
376_517059_517061,9.48,200
376_517059_517060,29.41,19
217_502000_501854,6.66,39
2101_511234_511348,23.98,7
324_512176_512175,8.29,25
2241_513013_504010,29.55,1
2102_516219_516078,22.63,3
2243_500103_500100,15.09,18
2841_514029_514032,15.66,3
2841_514076_514415,11.98,33
2841_514029_514030,24.73,352
3442_500162_500166,16.69,13
2301_501401_512154,0.21,2
2801_519120_519283,23.17,135
2211_511329_511322,5.53,1
3191_511236_511203,21.04,2
142_514208_514535,42.94,427
3191_511236_511204,27.84,2
3191_511236_511202,24.59,1
2841_514236_514042,10.25,3
2841_514236_514041,17.20,361
271_511323_511099,23.37,1
2471_500154_-1,19.30,30
2211_511329_511318,7.80,21
2211_512112_519013,38.82,2
2841_514029_514028,18.61,54
271_511323_511098,20.07,2
376_517259_517171,16.94,2
437_500850_501602,27.09,3
271_501900_517006,27.29,292
140_501350_501300,10.34,149
2241_514414_513300,22.34,1
2273_502303_516279,46.98,1
353_515193_515192,16.54,75
2212_518148_518147,27.52,29
2212_514410_502301,23.36,2
2472_518009_516239,8.32,1
1571_503006_502601,0.74,2
2524_502350_500800,26.91,1
353_515193_515190,20.84,1
2141_514367_514382,28.86,26
322_512187_500110,6.78,1
324_512176_512155,8.82,21
2472_518051_518189,20.96,106
2211_519174_519175,15.40,126
3452_514462_514434,6.45,1
370_519109_519110,37.77,169
2472_518074_518009,18.07,72
2242_514080_514346,29.35,6
441_501251_501151,0.32,1
271_511321_511319,18.76,84
441_501951_501851,27.95,439
376_517059_517015,32.75,456
271_511321_511311,21.27,1
376_517059_517014,29.56,49
421_501855_501001,18.69,2
318_511256_511232,29.41,164
2301_513279_513280,22.75,519
2473_514401_514382,32.35,368
427_513254_502100,47.10,1
2521_514316_518110,5.28,1
2212_516168_518149,12.90,41
140_501201_501151,19.16,791
1571_503002_501850,0.05,1
375_517189_517176,47.19,350
2473_516097_515139,25.72,542
2401_514347_514156,29.22,5
3781_517163_517076,27.54,110
140_501301_501201,20.67,1
271_511423_511109,29.10,271
355_514084_514186,18.94,183
2473_516097_515140,19.42,1
217_501854_502150,18.22,1
375_517217_517218,23.69,342
282_513101_513289,63.19,1
375_517217_517216,13.55,115
2243_514154_514080,22.16,12
3121_517277_511369,14.97,5
2121_513251_512003,12.93,1
3452_514462_514453,16.90,6
3452_514462_514454,32.52,3
2521_514316_518100,13.72,87
1472_501052_500152,22.48,5
2524_515088_515171,2.77,2
3192_511051_511461,18.28,3
375_517189_517187,55.69,1
1472_501052_500158,10.38,103
322_512187_512122,5.18,86
3191_511203_502305,26.99,1
2141_514376_515061,25.36,1
375_517189_517188,10.05,21
2472_-1_503006,0.10,1
3191_511236_511244,47.36,233
318_511256_511251,16.61,2
1571_502650_502700,11.64,209
142_514020_514197,22.84,1
2473_515036_515132,28.80,34
2273_513114_513112,37.07,326
3452_514462_514463,20.35,170
376_517015_517014,15.60,2
2121_513251_512017,22.77,1
2121_514365_514382,33.19,53
3132_511270_511467,0.08,1
2473_514401_514367,39.89,11
1571_503006_502651,6.87,1
2401_514347_514134,35.02,71
271_511100_511098,87.34,1
3172_511125_511257,21.67,1
2243_514020_500165,24.15,36
3371_513079_513078,22.69,47
2301_501401_501451,17.17,457
1571_502601_502801,36.67,1
2471_515019_514076,43.53,1
272_516254_511235,24.53,2
352_514432_514446,31.68,2
370_517195_517257,27.08,23
2243_513107_513300,15.88,42
2141_515237_515238,40.96,115
2273_514002_518030,17.35,27
2141_515012_515237,41.01,117
2121_513141_504008,6.22,1
2242_514314_514128,30.30,5
3121_517275_511452,22.70,4
2242_514314_514126,31.82,401
272_501950_502000,34.88,422
352_514432_514441,15.34,2
2471_517011_516242,13.91,100
3172_502304_511252,29.44,2
4272_502400_512001,19.63,141
131_500250_500200,16.29,180
1571_501003_501653,4.55,1
2524_515153_516082,7.11,2
2274_519028_517107,0.78,1
370_519109_519264,6.65,2
2524_515153_516088,21.14,477
352_514432_514433,32.02,96
2402_513303_513149,20.41,392
3133_511458_511501,15.04,35
2121_516089_515161,20.77,321
1472_501003_501351,18.98,3
3133_511458_511502,30.48,187
318_511021_502314,35.68,1
2274_517104_517108,10.73,1
437_504017_500201,36.95,3
3121_517275_511449,26.25,82
2524_515153_516092,18.66,1
2524_515153_516090,13.34,1
1571_502601_502901,1.75,1
347_-1_500156,4.36,3
2121_516196_516234,30.96,345
2243_514412_514080,21.01,5
2524_516082_515064,15.93,424
2242_514080_513236,0.05,1
376_517065_500058,7.60,1
2104_511242_511424,26.32,2
2274_517104_517105,23.00,354
2274_517104_517106,23.86,1
2274_517104_517103,13.14,67
2104_511242_511426,23.90,120
2104_511242_511425,8.77,1
2471_514379_-1,13.51,1
3441_514071_514073,16.35,6
2273_516022_516020,17.76,55
2211_518083_518037,19.35,101
336_513312_513311,14.37,9
2402_513124_513122,32.93,313
452_512022_502350,24.24,2
452_512022_502351,17.60,1
2401_514119_514343,36.90,249
2243_514049_514050,18.53,98
2243_514049_514051,17.62,1
2243_514049_514052,21.16,1
2401_500750_500851,24.81,336
2212_518147_514558,19.18,1
2121_-1_516196,1.32,2
304_519130_519093,10.97,2
373_517156_517159,7.18,3
370_519282_517072,0.12,1
4272_501855_501651,0.21,1
334_513067_513307,14.49,635
304_519130_519099,17.00,1
2472_514017_500154,17.75,316
2472_518061_503001,34.55,444
2301_501401_513258,61.17,2
2301_513273_-1,0.75,1
2471_514382_514367,40.56,403
2121_514365_514400,27.24,4
2121_514365_514401,34.59,7
3441_514219_514055,81.03,1
2241_514414_514413,19.94,52
352_515169_515247,22.33,1
2121_515012_515014,2.67,1
2273_516022_516028,39.95,1
2274_502000_501900,9.14,168
131_500301_500353,7.49,184
2211_515026_515025,32.26,1
2101_519142_516078,31.75,9
352_515169_515242,18.20,111
2212_513256_513327,20.10,1
722_-1_513001,0.06,1
131_500750_500602,13.23,236
272_516069_516068,18.54,410
318_511184_511136,38.08,217
272_516069_516066,17.37,5
2473_516097_515187,28.17,2
3124_511498_511500,16.58,4
2301_501501_501551,21.79,593
2243_513112_513063,26.87,133
2121_516089_515145,14.92,35
2521_502750_503003,33.15,228
3371_513082_513106,20.78,86
3371_513079_513106,12.41,1
431_501951_501853,21.35,343
282_513147_513148,27.31,221
2521_515115_515202,0.05,1
140_501301_501151,45.42,1
2211_518034_518046,4.68,1
2241_514414_513103,30.27,1
2301_501401_513270,4.85,1
441_501151_501051,34.15,1
272_516069_516077,46.42,1
2274_500105_502551,15.03,1
355_514486_514195,11.54,2
3413_514053_514054,33.02,129
441_501251_501301,17.85,178
2401_514119_514386,26.00,100
2243_514150_514413,27.78,119
2243_514412_514056,39.27,1
2243_514150_514412,13.18,9
272_516069_516071,26.99,35
375_517017_517228,10.26,42
3413_514053_514051,7.67,1
322_512120_512121,23.68,275
271_511109_511423,22.92,70
3413_514053_514052,12.39,2
2524_502350_500600,23.07,665
2211_518083_518085,16.63,2
2211_518083_518084,40.47,219
370_517134_519115,23.63,279
304_519097_519100,32.88,8
2842_514432_514376,48.11,1
272_501950_502050,21.54,3
2473_515187_515028,34.22,35
2524_516082_515003,19.09,2
2842_514076_514085,31.35,5
353_514302_514301,17.08,45
3131_511033_-1,2.63,2
353_514302_514303,24.22,308
1472_501603_501801,17.66,1
353_514302_514304,36.94,1
2274_501401_501001,10.99,105
3721_517205_517204,17.25,261
1571_502701_502801,34.94,2
2402_514013_513300,17.68,7
357_514273_514279,33.12,146
1571_501003_502900,35.85,1
347_514196_514195,14.80,248
347_514196_514197,38.19,671
311_511347_511496,35.80,1
271_511469_511098,47.78,2
282_514285_514350,19.36,283
142_512022_500950,5.50,1
2473_515145_516089,26.64,252
373_517156_517126,30.74,398
2473_515145_516085,6.78,1
3442_514162_514070,23.68,1
999_503007_-1,0.09,1
2101_511011_511234,10.71,64
318_511335_511134,44.10,31
318_511335_511133,26.85,24
2212_513014_513035,46.52,4
2842_514076_514081,29.30,448
3132_511474_511269,56.33,1
3124_-1_511296,6.90,8
2211_511106_511099,16.88,1
2472_517011_517119,24.79,397
2121_514367_514156,16.32,1
2471_515147_515148,35.58,468
2104_516255_516079,25.40,1
2121_514367_514155,0.40,1
347_514201_514202,26.56,3
3124_-1_511290,3.32,1
2211_511106_511090,16.64,126
2121_515161_515146,26.81,2
2212_513063_513014,19.09,5
2211_502351_519013,35.47,4
2842_500164_503007,18.25,2
437_-1_500301,0.70,1
303_519160_519092,25.49,358
427_500106_501950,9.06,1
2301_512070_512008,22.61,4
2801_518003_518129,16.54,31
3121_511369_511372,8.77,1
2273_513035_513104,10.01,2
441_501051_501151,14.45,1
3121_511369_511377,18.83,1
3132_511267_511268,23.75,142
336_513058_513001,12.34,69
2473_516081_516082,18.61,348
2524_515146_516103,17.02,2
2471_518006_518165,16.39,1
1571_502850_502800,39.37,628
2274_512042_500105,26.92,1
3452_514257_514342,14.00,2
2471_515147_515151,26.18,1
131_500601_500353,0.49,1
303_519160_519081,14.32,1
357_514496_514233,26.26,3
318_502314_511135,42.07,1
2521_-1_502401,27.94,4
441_502200_502102,8.93,101
336_513058_513014,7.43,3
3121_511369_511368,12.63,314
2243_514054_514053,7.98,3
150_501550_501403,21.98,5
2273_501101_501151,11.75,57
3411_514020_514021,42.42,367
333_513283_513045,28.40,1
1571_501003_501603,9.34,111
375_517219_517186,24.88,1
375_517219_517183,1.72,3
2273_513063_513014,22.77,4
2211_515213_511106,20.39,17
3121_511369_511394,13.27,7
3121_511369_511399,7.91,1
2104_519022_516079,15.22,76
333_513283_513030,2.76,1
2212_503001_518189,23.90,409
2841_514278_514376,13.15,106
2104_516262_516006,7.57,21
2141_511490_511489,10.57,3
3192_511053_511379,26.22,2
375_517219_517176,54.39,2
3441_514071_514072,39.14,354
3441_514071_514070,36.22,3
3781_517076_-1,8.18,6
318_511133_511248,49.67,5
3411_514036_514035,24.94,104
2121_515237_516107,11.55,1
2241_500153_-1,12.84,10
3781_517084_517083,5.80,150
2473_514371_514381,40.31,254
3441_514071_514068,51.16,1
2242_512072_512006,20.93,1
2521_513230_518152,36.62,1
2121_513325_513326,29.05,313
271_511223_511098,12.47,1
2141_511490_511491,17.98,141
1571_501003_502950,37.91,1
140_500851_-1,27.76,2
282_514285_514387,19.98,83
323_512185_500109,24.49,1
3721_517205_517278,18.82,292
131_500300_504009,12.67,1
3372_513198_513202,0.75,1
2241_513251_513256,28.16,302
311_511254_511031,8.13,2
3372_513198_513200,24.06,2
2212_515145_515144,18.62,55
2212_515145_515147,0.23,1
303_519083_519082,9.09,13
3371_513082_513189,4.41,1
3371_513082_513188,41.58,2
303_519083_519084,21.66,320
140_-1_501500,24.26,1
271_516233_511313,95.50,1
2273_501101_513107,26.12,1
272_516254_511243,31.41,21
371_517018_517151,8.34,7
2141_511490_511469,20.03,1
2471_516268_516134,21.69,1
2301_513261_513259,23.40,24
311_511249_511346,28.49,413
2121_516194_515144,27.68,2
336_513058_513059,20.41,343
2243_514054_514055,38.65,100
2243_514054_514056,19.36,2
140_501403_501151,6.04,1
2274_513280_512041,0.66,1
271_516128_511313,18.59,1
2301_512070_513279,51.30,1
2842_514081_503007,24.68,1
131_502300_501701,0.18,1
2273_513309_513290,20.21,2
305_519166_502400,26.29,254
271_516128_511315,0.17,1
271_516232_516231,5.39,11
2212_516192_516138,40.54,321
441_500159_501050,41.80,363
427_502400_500106,2.10,2
2141_511317_511329,33.81,102
2274_513254_512178,3.65,1
3413_514195_514194,8.56,9
2402_513147_513093,9.91,22
3131_511269_511416,36.94,2
3413_514195_514196,23.28,138
140_501250_501300,37.71,659
3131_511478_511230,30.05,333
2121_515142_516090,20.84,65
2801_518205_518090,14.08,5
441_501051_501101,8.81,123
1571_502701_502751,39.09,1
3452_514129_514458,25.36,1
3452_514129_514457,4.94,1
2273_518027_518025,17.13,46
3452_514129_514456,29.86,1
2241_513300_513327,37.03,4
2273_518027_518023,30.87,4
3452_514129_514455,16.17,184
282_518135_518155,0.73,1
2273_501151_518030,35.03,4
304_519130_519110,0.45,1
131_501852_-1,8.20,1
431_501853_501405,28.21,4
304_519130_519106,45.16,1
304_519130_519109,18.41,3
427_512182_512144,24.76,285
2102_511104_511105,27.28,225
318_511256_511334,35.80,3
2121_515142_516084,36.02,1
2274_501001_502100,10.46,1
2121_502301_513253,24.83,2
2121_515142_516088,18.92,1
2241_514156_500153,15.19,234
3131_511478_511226,27.52,1
2273_501151_518025,1.38,1
2273_501151_518027,15.98,1
2801_519157_518178,25.86,1
140_501201_501251,9.89,238
304_519130_519103,32.44,1
304_519130_519104,0.44,1
4272_512001_501800,23.44,1
304_519130_519105,1.24,1
2273_518027_518030,33.63,1
2102_516079_519022,22.76,252
2241_514412_500153,26.41,1
2211_516266_516244,21.26,9
2301_500251_504010,31.47,6
2212_518051_518189,23.62,107
142_514020_514021,42.51,411
217_501853_-1,7.26,7
3192_511048_511187,5.38,1
2104_511237_511301,36.39,163
2121_514379_500155,13.63,1
2121_515161_515042,24.11,1
371_517151_517018,39.07,552
371_517151_517016,27.87,9
2472_501050_514058,11.42,72
2402_513119_513118,18.36,54
3131_511269_511478,8.60,1
2521_514317_514316,19.93,45
2402_513119_513121,15.87,307
2521_514317_514318,29.32,232
131_500601_500301,39.98,1
3441_500168_514219,29.45,15
2842_503007_503012,24.45,24
3192_511048_511183,35.60,1
2242_514133_514346,18.31,41
323_512185_512186,16.47,207
306_519191_519189,67.13,1
323_512185_512184,13.39,3
2524_518036_516266,24.29,20
140_501150_501100,9.54,127
2212_518063_515149,22.95,69
3441_500168_-1,19.20,8
2211_516266_516268,28.83,1
2521_515120_515236,7.95,27
131_502300_501753,44.11,3
2211_516266_516267,18.96,260
1571_502750_502900,2.12,1
3411_514041_514236,12.32,69
2273_518077_501150,14.66,1
306_519191_519192,4.65,257
306_519191_519190,19.23,47
2241_514156_500103,2.19,2
2301_513279_512008,4.69,124
2401_501550_514261,13.83,2
3442_514162_514161,10.71,14
2301_500203_500251,22.75,42
282_513093_518160,8.51,1
2212_516192_516194,12.46,2
333_513030_513294,35.29,9
2211_512112_519174,1.62,1
437_501002_501602,22.74,709
2401_501550_514259,11.27,2
2524_501551_512022,16.40,1
347_514020_514467,3.72,1
355_514186_514084,3.57,15
3131_511478_511269,37.25,1
427_512182_500106,4.14,8
2104_516255_516149,26.70,37
2841_514278_514432,16.40,339
142_512022_500851,28.23,1
3131_502311_511228,29.41,1
2211_516268_516093,4.94,145
431_502303_501951,18.80,2
2524_500800_-1,12.31,1
3442_514162_514163,16.52,245
333_513030_513283,21.43,2
131_502300_500401,46.75,1
311_511196_511496,22.16,335
2274_512069_502100,0.20,1
3411_514236_514271,14.47,47
2141_502301_511033,14.74,1
271_516128_511309,22.49,262
2104_511237_511349,18.24,22
3452_514457_514459,8.62,2
131_500950_500850,9.51,220
2211_516268_516089,23.24,324
2243_514401_500153,26.10,25
3191_511215_511257,25.03,264
376_517064_517072,6.42,1
3191_511213_511496,22.61,216
305_512103_519041,14.82,1
333_513030_513276,27.57,6
2472_501802_517013,8.39,158
2101_502250_502303,16.13,289
2301_501401_512004,29.67,1
3112_-1_502315,17.25,2
2273_-1_502303,12.16,15
376_517259_517072,24.89,551
271_511223_511100,21.37,3
333_513030_513277,19.22,326
333_513030_513278,16.46,13
140_-1_500159,14.37,31
2401_514396_514133,14.18,59
385_514293_514292,4.47,26
2212_516120_516139,31.52,4
377_516185_516200,22.21,36
3191_511252_502314,27.15,227
2301_504010_512003,27.47,1
131_504016_504009,17.53,198
2274_512044_502551,18.86,470
2301_500600_-1,31.58,1
305_512072_512104,14.77,98
3442_500166_514358,20.99,1
376_517064_517065,19.72,2
357_514494_514493,4.76,9
376_517064_517062,7.14,95
305_512072_512103,7.60,1
376_517064_517063,17.78,24
357_514494_514495,21.14,158
3452_514457_514456,8.60,8
2212_518148_518050,36.01,413
3452_514457_514458,25.09,142
2211_518034_518036,11.48,138
2842_514432_514278,11.27,38
131_500650_500401,28.56,2
2242_514133_514396,29.84,27
3441_514219_514067,21.33,472
302_519043_519069,13.18,1
2121_513251_513259,14.53,3
3441_514219_514068,30.93,1
2841_503012_-1,24.75,13
2121_513251_513253,34.17,296
3192_511074_511463,21.81,1
333_513029_513030,25.73,392
2273_514410_514409,13.12,99
2841_514081_514232,35.79,1
243_514095_513152,0.50,1
217_501854_502200,20.21,1
2273_516038_516040,32.48,363
140_-1_500163,2.50,2
2212_518058_503004,24.03,61
3781_517163_517164,25.51,309
2121_511282_515041,6.93,1
3781_517163_517165,11.38,70
421_502050_501852,42.33,1
370_517195_517196,34.40,223
333_513045_504005,16.32,1
2121_500202_513251,44.22,1
427_502551_502501,5.55,90
2273_516038_516036,22.12,29
3172_511118_-1,20.28,2
2104_511281_502301,12.78,212
302_519043_519079,19.70,5
1571_502901_502951,26.97,781
333_513029_513041,40.28,4
2301_512018_513260,24.04,3
140_501450_501500,18.40,793
377_516141_516271,28.53,238
2301_512018_513264,28.36,72
377_516141_516273,21.90,5
377_516141_516272,8.25,2
2301_512018_513262,36.18,442
377_516141_516274,18.32,5
3132_511472_511492,16.93,206
2211_502315_501502,38.51,1
376_517259_517068,16.63,39
1472_501752_501851,38.06,1
1472_501003_501403,35.77,719
2212_514410_514409,13.61,90
3131_511269_511484,10.89,1
2101_519021_516078,25.58,319
2121_516196_516194,6.62,27
3122_511072_511171,17.81,355
3122_511072_511172,23.41,3
303_519113_519087,25.38,3
2242_513216_513328,23.98,366
303_519113_519086,16.21,394
2273_518016_516048,10.50,1
2102_516214_519022,8.44,1
2274_517007_501001,29.82,1
371_517021_517023,5.58,13
3124_511433_511435,22.96,1
282_518135_518134,16.73,88
441_502303_501951,59.29,1
2273_518075_500102,8.56,1
3124_511433_511436,15.94,2
2471_514379_514076,21.11,1
282_518135_518132,12.60,1
2841_514048_514538,29.58,295
3124_511433_511434,19.38,53
304_519130_519131,8.18,4
282_518143_514350,39.23,1
304_519130_519132,24.77,45
304_519130_519133,19.83,14
282_518135_518136,15.30,302
3124_511433_511437,16.55,190
332_513183_513227,24.28,1
2212_516120_516195,22.84,343
1571_502650_502600,32.59,549
2212_516120_516193,37.90,1
2274_501501_512070,22.87,1
332_513183_513223,26.55,1
3172_511125_511126,33.44,34
304_519130_519129,11.17,1
302_519266_519072,4.87,1
437_504009_504017,39.46,8
3172_511125_511124,7.34,4
336_513312_513215,18.45,1
302_519266_519071,22.15,56
3172_511125_511123,51.66,10
336_513312_513214,30.63,409
371_517021_517026,20.75,1
2471_514382_514401,24.45,97
303_519113_519084,13.54,147
303_519113_519082,3.55,1
2212_514410_513103,42.54,1
1571_502601_502951,0.43,3
2472_518147_501050,12.31,101
385_514291_514529,13.63,1
322_512187_512033,34.93,6
3132_511472_511473,10.20,3
2241_513062_504010,17.93,1
2273_514410_501101,21.18,1
322_512187_512032,17.49,306
3132_511472_511471,13.03,32
3132_511472_511470,28.63,12
2521_518016_518082,12.71,68
385_514291_514530,27.21,1
2524_-1_500800,7.39,4
3124_511433_511432,17.52,3
3192_511083_511061,62.62,1
131_501002_500850,40.25,1
3172_511125_511111,9.13,1
3192_511083_511062,22.80,18
352_515248_515072,13.87,1
427_502451_512021,21.07,172
385_518120_518121,23.73,368
2104_516218_502301,35.15,1
347_514194_514467,42.35,19
2243_513107_513327,42.76,83
2121_500202_513211,9.40,2
3192_511083_511054,26.37,220
271_516232_516252,6.28,2
371_517021_517030,22.57,1
1571_502601_501600,13.55,1
332_513183_513209,18.83,3
304_519130_519144,34.95,3
385_518120_518119,21.53,40
1472_501752_501802,31.11,734
355_514084_514081,30.26,1
355_514084_514083,16.18,24
2211_511034_511100,22.13,236
150_501450_501500,21.87,522
3122_511072_511173,15.13,1
3121_511399_511293,62.48,4
3124_511498_511446,18.64,13
2212_502301_514001,23.86,383
2473_515062_515049,33.31,116
2473_515062_515048,8.10,5
3124_511498_511445,16.29,6
2473_514417_514374,0.45,1
2473_515062_515046,35.68,147
2473_515143_515142,12.21,14
282_-1_518158,63.39,1
3411_514055_500165,0.71,1
2274_517104_517007,24.28,2
376_517058_500058,12.99,4
2473_514417_514372,35.15,312
2473_514417_514370,12.58,2
2273_501100_518077,18.34,1
2473_515062_515051,17.23,2
2473_515062_515050,24.15,2
2402_519048_500150,15.82,3
282_-1_518162,20.21,6
1472_500158_501700,1.15,1
3442_514359_514358,10.16,37
370_517195_517132,16.40,1
324_512160_512161,25.26,161
3372_513096_513099,3.14,2
3372_513096_513098,13.13,5
2301_512123_513016,48.82,1
3372_513096_513097,26.73,308
355_514277_514485,43.16,1
2212_516234_515145,43.34,3
2402_513131_513100,18.98,1
2212_516234_515144,35.97,325
2102_519148_519061,33.80,239
322_512120_512029,33.49,3
373_517249_517247,13.98,404
2141_515214_515041,25.34,132
2473_515062_515040,16.00,40
282_-1_518157,1.12,1
3124_511498_511442,13.81,17
282_500101_-1,16.24,11
3124_511498_511441,36.36,1
421_500106_501002,75.01,1
302_519078_519289,27.99,365
142_514481_-1,39.20,6
324_512160_512159,23.23,3
2121_513153_513163,22.21,431
2402_513131_513133,34.25,375
2521_502650_515061,21.34,138
2121_513153_513165,20.97,1
2521_502650_515060,7.45,28
2104_516006_516263,44.28,2
2104_516006_516262,35.06,233
2402_513131_513135,20.64,2
2301_500203_500600,19.52,1
3411_514271_514053,17.59,1
3411_514271_514054,42.16,3
1571_502750_-1,2.91,1
2141_511282_502301,6.35,2
2801_519150_519061,39.25,95
2841_502651_514432,13.04,78
2524_515146_516085,7.89,25
2121_513153_513152,14.02,122
150_501550_502601,14.27,2
311_-1_511265,15.45,3
2274_512151_513015,34.74,5
2402_513131_513129,17.87,85
2473_515062_515063,32.01,3
3411_514271_514041,14.08,8
3411_514271_514042,22.42,1
347_-1_514405,4.06,17
2473_514415_502600,19.87,263
421_500106_502350,40.32,1
2402_513147_513303,0.24,1
131_500250_500350,34.66,1
3372_513096_513085,20.30,61
347_514405_514206,21.16,823
347_514405_514205,32.14,9
306_519112_519289,39.59,1
347_514405_514208,17.94,2
347_514405_514207,27.77,5
333_513029_513055,27.48,85
304_519132_519131,15.92,89
2212_513309_513035,33.34,424
375_517219_517221,25.93,4
3172_511383_511114,38.74,2
2301_504010_513263,22.68,1
2211_518034_518194,36.90,1
311_-1_511254,0.13,1
2473_514373_514368,14.29,1
243_513141_514113,25.72,18
2101_516110_516053,23.03,378
2473_516127_516128,24.43,310
999_500103_-1,3.15,1
304_519132_519133,24.29,246
336_513212_513166,22.06,330
2101_516110_516049,0.18,1
336_513212_513167,19.03,61
3411_514036_514326,29.60,13
3124_511433_511286,12.41,1
131_502051_502300,4.98,1
2121_512004_500100,5.91,1
2242_512100_500158,4.44,1
2104_511279_511425,11.57,1
375_517219_517229,3.88,3
2274_513279_513280,24.83,419
2211_518033_502315,0.05,1
3172_511383_511121,39.10,1
2301_504010_513251,33.98,1
377_516141_517268,10.09,4
2243_514412_514150,41.58,102
2301_504010_513257,23.62,1
2243_514412_514154,24.05,29
272_513015_512037,22.82,422
437_500601_500401,29.82,728
2274_501000_519288,40.88,300
2212_514003_514558,19.52,7
2473_514373_514384,8.01,16
357_514419_514326,20.05,7
2101_516110_516055,26.07,111
2141_511417_511484,29.66,162
282_513192_512014,23.20,1
3172_511383_511117,18.80,12
2473_515187_515188,26.41,300
3172_511383_511118,26.39,98
3172_511383_511116,24.03,3
1571_502850_502750,35.66,1
375_517219_517218,7.31,1
2211_511019_515026,26.86,1
131_501401_501001,9.16,142
357_514545_514546,16.92,167
2801_519159_519157,25.09,16
357_514545_514544,8.12,82
357_514545_514543,6.52,1
2473_515142_501950,36.43,1
311_-1_511232,22.72,1
142_502351_512021,0.09,1
2473_515062_515025,47.30,1
2842_500164_514067,13.40,2
2842_500164_514068,24.37,1
2842_500164_514069,24.96,1
357_514545_514548,12.03,1
323_512085_512124,18.46,35
1472_501603_501703,1.78,1
2473_514415_502650,29.09,4
142_502351_512020,18.26,617
3141_511241_-1,0.03,1
131_500250_500300,32.66,615
3141_511046_511346,29.48,2
2471_515010_515014,14.51,64
3371_513182_-1,7.89,21
2471_515010_515018,36.59,351
999_500164_-1,4.68,2
2212_516120_503004,1.64,1
304_519132_519106,37.98,1
272_502100_501405,9.01,4
2141_514372_514417,9.03,15
2273_513114_500102,38.73,1
304_519132_519105,26.47,5
304_519132_519103,28.74,4
272_513015_512056,15.07,3
421_501502_501552,24.67,895
2274_517104_517009,2.01,1
437_-1_501700,0.33,1
2473_502601_515012,32.78,5
2121_514400_514417,33.29,9
282_513038_512081,8.37,1
3172_511378_511136,2.10,1
271_511416_511230,6.54,17
385_518111_-1,22.46,11
431_502102_-1,1.60,1
3172_511378_511130,36.33,2
3132_511272_511019,19.89,105
3172_511020_502313,1.34,1
441_502001_501951,34.24,429
3422_-1_500164,18.94,8
2243_514028_514029,24.65,93
150_501550_502650,25.27,1
2212_513049_513309,36.18,1
3192_511053_511052,18.14,37
336_513014_513168,11.57,153
3172_511378_511129,51.92,2
2121_515161_515013,16.04,1
2121_515161_515015,27.52,1
352_515197_515213,11.56,1
3413_514021_514467,38.95,137
2473_515187_515141,15.24,2
385_-1_518111,16.75,9
2121_515161_515021,2.69,1
2473_515064_516081,16.59,1
2473_515064_516082,5.55,13
2212_513309_513014,27.12,65
2473_515064_516088,26.04,2
437_-1_501750,39.38,2
3452_514464_514463,12.80,47
3452_514464_514462,14.22,1
2101_516050_516052,29.70,336
376_517014_500058,19.33,61
3011_501405_501001,14.79,92
2243_500103_512019,11.06,2
2471_515147_515030,21.87,72
375_517219_517230,14.38,344
3192_511053_511077,19.26,239
3192_511053_511078,27.62,2
333_513053_513029,30.06,4
333_513053_513030,18.27,1
2521_513205_512054,21.04,1
2521_513228_513229,26.05,200
2472_516011_516239,18.59,368
2121_516081_511281,25.57,1
142_512022_-1,17.42,25
2402_500151_518030,17.30,1
3441_514071_514174,25.71,1
272_519022_516079,14.91,98
2242_514312_513233,16.90,104
352_515197_515244,3.53,1
318_511133_511132,28.15,5
311_511031_511346,36.22,1
2104_516148_516255,14.46,8
2521_513228_513230,12.18,5
2104_516006_516251,24.08,1
243_514097_513162,22.61,68
333_513053_513044,8.25,1
2212_518049_514137,28.82,433
2102_519148_519022,27.60,40
2242_514312_513219,1.89,1
375_517187_517174,33.31,107
2242_514312_513220,5.76,1
3191_502305_502314,8.22,6
272_512207_512123,27.50,356
243_514097_513160,38.11,1
2121_513253_513251,19.24,19
2242_514126_514314,17.13,86
2521_515113_515114,22.40,181
333_513053_513052,20.59,114
2274_513280_513279,10.56,124
333_513053_513051,27.97,7
2841_503007_514233,31.52,3
2471_515147_515069,20.89,1
2121_513253_513258,35.80,12
2212_515145_515030,37.92,2
2121_513253_513257,32.35,306
2841_514083_514232,43.27,2
333_513053_513054,17.25,335
333_513053_513055,17.56,7
2402_519049_519034,23.32,331
2402_519049_519035,22.00,2
2402_514115_514114,19.60,74
2402_514115_514116,46.75,160
2101_516049_516051,13.79,68
2121_513253_513261,37.44,1
2104_516006_516213,1.40,1
2212_515145_515029,21.47,352
3371_513082_513083,37.07,326
2402_519049_519048,21.47,50
2841_514076_514186,11.22,1
2212_513290_518147,21.82,1
271_511323_511321,28.34,60
2273_513035_513014,19.80,1
357_514326_514419,21.65,7
332_513164_513183,30.97,14
2472_503001_518051,29.53,7
302_519289_519080,0.35,1
282_513222_513291,19.95,260
3123_511286_511388,11.98,65
2101_500751_501552,11.52,139
2141_500160_515026,0.44,1
306_519079_519112,12.99,43
3131_511481_511480,17.50,49
140_501301_501403,10.07,2
2401_514345_514347,32.27,76
2472_503001_518061,9.80,138
2273_514010_501100,51.22,1
2212_518051_518049,35.97,388
282_513194_513147,21.56,1
2102_516238_516212,23.97,312
2274_513280_513270,0.68,1
2473_514368_514381,14.07,42
2473_515132_502600,15.58,2
3172_502313_511020,33.52,15
3441_-1_514071,21.46,8
427_519270_501651,26.04,59
3131_511481_511479,25.68,1
282_514313_513222,31.92,272
2841_514055_514056,31.21,391
3141_511241_502302,13.00,67
3192_511074_511187,17.77,2
2841_514055_514054,36.15,41
2121_513251_512209,0.24,1
3721_517203_517150,9.93,13
2101_516079_519022,21.58,329
140_501250_501450,22.22,3
375_517187_517188,30.24,261
999_515028_-1,8.17,2
2141_500160_515061,32.43,1
2301_513263_513267,21.52,2
2473_516081_515153,14.98,1
2402_519054_519047,25.18,382
3422_500164_514403,19.41,8
3413_514051_514050,9.27,10
306_519070_519071,18.74,262
2273_518027_518153,23.70,348
3442_514559_514163,18.34,6
2841_502700_514415,48.43,2
3442_514559_514161,15.95,221
3442_514559_514162,14.99,8
3413_514051_514053,23.04,5
2402_519054_519045,21.12,59
3413_514051_514052,14.25,207
306_519070_519068,8.25,92
2473_514368_514369,37.32,183
131_504009_502000,25.47,2
352_515197_515198,17.33,92
2473_516081_515140,11.97,1
131_500650_500700,13.30,65
2524_512022_512023,24.18,653
2524_512022_512021,7.61,2
3011_512133_518001,29.30,12
1571_502701_502651,13.18,73
2243_513256_500100,22.95,90
2274_501501_501451,9.94,182
2401_514389_514387,33.56,82
2121_514367_514374,46.90,1
431_502101_501951,33.65,321
2121_514367_514370,16.33,1
2473_516086_514415,34.48,1
3171_511020_502302,8.67,153
2104_511423_511301,13.77,1
131_-1_500200,4.36,1
131_-1_500201,73.14,1
2212_503004_-1,15.87,1
2471_517013_517012,9.17,103
302_519289_519043,23.74,358
3411_514538_514048,12.38,75
272_513264_512117,20.52,6
2401_514389_514391,18.93,272
243_514155_514156,19.87,172
427_502400_512001,20.72,325
243_514155_514154,9.23,77
142_514213_501500,2.71,1
2401_514389_514393,17.82,1
3411_514538_514049,24.32,410
2273_516017_516270,43.56,295
2121_514367_514365,1.64,3
3122_511172_511353,4.46,1
3191_511208_511209,60.62,1
3191_511208_511207,39.23,9
3411_514027_514554,19.69,544
131_500601_500650,49.46,1
2242_514154_514133,44.87,3
2524_518085_515171,2.64,1
2841_514236_514271,13.93,46
272_516054_511243,7.46,1
3452_514464_514451,26.94,4
3192_511048_511051,6.28,1
3192_511048_511050,23.95,1
3452_514464_514450,21.47,220
2242_512100_512208,20.15,330
2273_518023_516044,31.60,1
150_502601_-1,3.19,1
282_518135_518077,22.83,1
2301_500750_500850,23.73,597
302_519289_519069,2.66,2
332_513164_513166,12.88,1
332_513164_513167,15.22,15
2841_502700_514470,29.22,1
140_501350_501500,12.98,3
427_502400_512023,11.42,171
427_502400_512022,29.21,2
2141_500160_515022,19.97,1
2472_518063_516010,17.19,53
2121_514099_504008,23.73,1
3192_511048_511076,21.70,3
1571_502601_502651,29.38,677
3413_514195_514052,27.00,2
2273_513256_500101,20.32,285
3413_514195_514055,52.60,1
3411_514538_514051,23.82,3
3411_514538_514050,25.38,8
302_519289_519079,0.76,1
302_519289_519078,24.20,80
2524_500951_500851,10.47,258
243_513160_513161,34.70,127
3192_511048_511070,16.73,83
2243_513140_514010,29.18,1
3192_511048_511073,17.80,238
2521_513205_512115,25.44,209
2521_513149_514282,1.92,1
2274_517108_519028,13.31,2
2524_512020_502951,54.35,1
3192_511067_511463,18.26,11
357_514547_514249,10.96,1
2274_517108_519027,18.20,394
2273_500102_516043,10.17,1
357_514489_514484,4.58,20
243_500155_514401,28.22,152
2273_500102_516047,18.91,2
282_514313_513291,25.75,5
2242_514128_514126,20.60,25
271_511491_511408,31.78,2
243_513160_513159,11.86,55
2841_514041_514042,13.93,384
140_501350_501550,35.76,1
2121_514001_511283,35.09,3
2121_514001_511282,23.70,358
2121_514001_511281,10.66,5
2211_518046_516266,22.57,1
2211_518046_516267,18.67,1
3191_511204_-1,21.33,3
357_514489_514490,7.23,138
1472_501752_501700,11.82,241
2211_516094_516264,7.80,1
357_514489_514491,14.57,2
318_511337_511134,19.44,14
3191_511208_511245,52.13,1
2273_500102_516037,10.22,2
282_500101_512034,35.39,4
311_511196_511195,8.55,118
2121_514001_511275,29.90,1
2102_501400_516215,9.91,1
3372_513096_513101,11.30,1
1571_502601_502600,11.66,94
3372_513096_513106,28.63,1
2212_514012_514010,30.10,480
2211_516089_515026,31.09,1
142_501351_500950,14.87,184
2473_500154_515142,24.10,2
2273_500102_516025,38.60,2
2141_515012_515061,16.90,6
243_513159_513158,12.24,48
2141_511484_515026,5.29,1
282_513192_500102,0.18,1
3132_511270_511269,5.15,38
131_502300_501651,66.65,1
3124_511498_511499,17.33,120
2102_511105_516130,3.03,1
243_513159_513160,23.23,178
2121_515010_515238,35.61,1
2801_518071_518180,28.81,13
441_502000_502050,25.09,464
2212_514012_514014,20.38,110
2102_501400_516219,1.93,1
2121_514001_511298,0.63,1
3132_511270_511272,4.79,1
2102_501400_516217,17.30,3
3132_511270_511271,19.74,243
2241_513106_514014,64.52,2
3122_511072_511290,6.32,1
2141_511317_511479,33.39,1
272_513264_512195,30.74,2
333_513051_513275,28.55,2
282_513194_513193,14.21,44
3124_511498_511488,11.28,1
311_511496_-1,24.79,16
2842_502700_514379,12.15,3
347_514020_500156,23.92,250
2102_516238_516237,20.02,87
999_501850_-1,3.23,1
2301_513254_501401,9.55,1
2402_513303_513122,5.57,50
306_519184_519181,34.42,1
376_517064_517152,25.28,389
282_513101_513037,25.89,4
243_514153_514152,19.89,77
243_514153_514154,28.84,178
2473_502601_515061,19.98,273
306_519184_519183,14.05,77
322_512062_512215,6.57,22
306_519184_519185,13.25,246
373_517249_517162,0.56,1
2471_-1_514373,1.04,1
371_517016_517014,17.27,141
333_513051_513283,26.42,1
3011_501001_501502,30.73,1
131_500350_500300,13.92,175
318_511016_502313,16.54,51
3133_511100_511033,24.68,101
322_512120_512064,17.10,45
373_517249_517165,19.79,17
2401_514347_514397,21.98,1
2102_511102_511239,22.23,10
2471_-1_514379,18.95,1
452_502851_503005,3.79,1
3141_511265_-1,18.51,8
2521_502650_515122,44.04,1
2211_516245_516093,25.07,369
3721_517224_517278,0.14,1
2801_518131_518126,2.82,70
437_500251_-1,2.83,1
2121_514369_514080,16.63,1
376_517064_517172,19.07,27
2471_-1_514369,56.32,3
2273_516043_516270,3.93,65
441_501300_501350,35.89,398
2243_513326_500203,17.06,144
353_515191_514301,28.04,1
272_500600_516071,42.36,1
377_516141_517200,6.71,3
322_512120_512089,10.49,1
2301_513254_500103,16.48,17
2242_514128_514130,25.28,382
3191_511213_511181,22.65,1
2402_500150_514156,22.21,78
2211_511034_511223,19.42,31
2101_519025_519142,19.90,345
2301_500850_500951,38.98,373
4272_519270_501651,28.75,39
353_514381_514305,29.26,57
1571_501003_501403,38.41,623
271_511423_511098,12.62,1
2141_514372_514541,34.41,99
282_518156_518136,2.83,1
2212_516171_516170,22.12,64
3351_513240_513241,14.78,429
3413_514553_514050,18.14,165
2121_513211_513032,21.56,312
421_501002_-1,24.82,1
3192_511069_511187,12.63,22
2524_502901_518037,33.29,1
282_513192_512181,31.83,1
336_513014_513215,17.78,12
2101_516177_516060,0.34,1
3192_511069_511183,32.13,203
2471_515019_515017,26.78,1
2473_511315_516233,14.74,2
2471_515019_515015,41.03,9
3411_514036_514246,23.17,450
271_511491_511484,23.28,2
2243_514031_514322,10.12,1
2101_516177_516056,30.13,308
2241_-1_500100,6.00,1
3172_502304_511493,18.05,1
304_519099_519098,12.82,64
131_500201_500251,11.90,195
304_519099_519097,27.13,1
2241_-1_500103,14.30,12
3351_513240_513239,9.78,159
2471_515019_515011,39.10,424
2121_513153_513251,40.36,1
2273_519016_519018,33.49,338
357_514482_514246,20.28,159
385_500167_514369,17.59,1
282_513038_512134,18.25,4
2212_516171_516169,25.03,1
2401_514347_514345,28.81,332
2212_516171_516168,20.90,1
3191_511208_511087,47.56,216
421_500106_502450,24.37,3
311_511031_511255,19.28,133
2301_501501_512008,34.51,1
2301_513258_513050,18.81,1
2212_516138_516192,19.78,4
3121_511399_511394,10.45,95
2274_513279_512008,3.89,62
2212_516138_516194,21.14,321
2273_519016_519020,31.33,4
305_519041_512178,4.64,1
373_517163_517076,29.64,26
2104_519026_519290,13.99,80
2104_502301_516147,36.04,1
2241_513048_513062,0.32,1
3192_511076_511078,6.04,1
376_517015_517060,32.88,4
2141_511489_511469,8.35,3
3452_514134_514347,35.08,156
2242_514080_500152,33.08,2
2211_511099_511468,27.70,245
2212_511281_511275,17.98,1
333_513283_513293,17.63,1
333_513283_513294,1.67,1
3191_511257_511252,29.70,143
2242_514080_512133,9.97,1
334_513067_513111,0.23,1
376_517015_517059,25.94,80
2101_516177_516054,25.72,60
2121_513211_513040,17.63,11
271_511491_511490,14.95,61
2524_515088_515087,15.62,267
3192_511076_511081,2.52,1
2471_515019_515007,29.73,2
2212_513049_513252,13.53,114
2841_514025_514554,19.85,1
2471_515019_515009,13.75,5
3191_511213_511215,36.55,119
2121_512004_512200,44.57,237
3121_511399_511372,18.34,298
2241_514012_514399,40.58,7
3191_511213_511212,13.59,65
2273_516022_516279,42.25,234
421_500106_502400,0.05,1
3192_511076_511050,21.24,9
2243_513309_513014,24.74,24
311_511255_-1,0.06,1
3192_511076_511051,19.68,309
3192_511076_511052,17.96,1
2274_513279_512070,24.74,1
302_519078_519112,25.66,1
2273_502103_516022,34.63,1
2141_514400_514370,23.33,156
2273_502103_516020,51.42,2
2842_-1_503012,19.44,2
2212_516171_516120,24.88,1
357_514482_514206,21.22,1
2524_502901_518085,7.60,50
2121_515012_516107,10.17,2
243_514099_514098,19.44,31
2273_518031_501150,15.55,93
452_502751_503005,17.92,26
2141_514400_514367,27.33,14
243_514099_514096,7.59,1
2274_517208_517113,0.06,1
2274_517208_517115,16.43,1
302_519078_519124,0.38,2
353_514381_514368,43.85,277
2121_514369_514157,7.44,1
3131_511100_511408,6.39,79
142_500950_501351,21.41,542
2141_515237_515012,30.57,4
2141_515237_515014,26.71,1
333_513043_504005,5.87,1
2212_514558_514010,27.64,2
3172_511257_511021,28.85,211
2273_502103_516040,0.07,1
2242_500157_-1,19.63,16
2273_518018_516017,43.33,1
3191_511257_511215,16.08,47
131_500201_-1,31.83,1
1472_501052_501752,34.74,3
3781_517084_517255,40.16,128
3781_517084_517254,18.35,1
2524_500851_500800,7.97,239
452_512020_-1,1.57,1
2212_511281_511222,14.34,382
2102_514001_511239,24.42,1
3192_511076_511048,17.24,2
2274_512044_512043,28.79,61
2212_514558_514003,38.20,351
2102_514001_511237,54.00,9
3442_514087_514092,36.22,1
3442_514087_514091,38.80,1
2473_516234_515144,36.60,289
4272_501855_501854,7.07,5
2473_516234_515145,54.12,3
2241_500100_500103,17.67,169
3441_514468_514173,20.32,593
2242_512039_512202,28.93,4
2242_512039_512203,30.22,1
302_519041_519040,26.27,335
2242_512039_512201,18.44,379
3442_514087_514090,28.02,4
3452_514459_514460,13.10,1
217_511044_511043,9.11,16
3191_511229_511201,39.25,1
431_501852_504019,0.03,1
437_-1_501853,7.45,13
441_501351_501251,22.50,1
3442_514087_514088,23.18,334
357_514545_514481,11.02,1
2141_514374_514278,8.03,1
305_519039_-1,17.96,1
2211_518036_518045,19.30,1
2211_518036_518046,21.91,1
347_514194_514195,38.89,731
3121_511453_511449,11.16,1
385_514291_514290,16.64,78
357_514326_514246,20.87,63
3441_514468_514186,19.24,177
272_512207_512040,24.88,34
2241_513251_513048,10.06,119
357_514496_514497,16.40,151
357_514496_514498,8.38,10
2274_501401_502100,0.15,1
385_514291_514293,20.27,22
3452_514459_514457,27.09,1
2273_514012_514010,29.12,384
3452_514459_514458,26.97,2
385_514291_514292,16.70,375
3121_511453_511452,19.61,112
2273_514012_514014,17.72,82
2211_518036_518034,24.77,396
2273_516017_516047,5.81,3
2801_518126_518069,24.43,15
272_513264_-1,31.24,18
3192_511048_511049,30.68,1
2473_516233_501950,7.41,1
357_514496_514484,19.89,1
2242_513235_512100,14.39,1
131_501803_502300,28.55,1
375_517017_517015,30.94,454
3192_511081_511056,32.33,2
302_519041_519038,22.27,3
302_519041_519039,20.98,70
2121_514367_514382,18.41,35
376_517171_517059,9.38,1
2473_514373_514431,37.19,322
437_500601_500301,0.26,1
2242_514154_514346,27.33,402
322_512064_512065,17.26,125
2801_519206_516135,29.48,124
421_502400_502350,22.93,941
2524_501551_501501,13.27,288
3011_512133_519176,16.83,6
2212_511276_511284,1.17,1
2401_514120_514389,20.49,1
2241_513300_513107,30.50,352
2211_515214_516081,1.73,1
2102_516224_-1,0.36,1
2211_515214_516080,22.21,264
2401_514120_514387,29.63,9
321_500107_-1,3.32,1
2242_500158_514157,26.17,6
2212_511276_511279,43.22,1
1571_502701_502601,17.32,10
2402_514013_513103,25.38,422
2212_511276_511278,16.12,479
3132_511474_511470,28.40,13
3441_500168_514056,21.97,3
3132_511474_511471,18.35,97
3441_514219_514212,25.96,1
2471_515147_516268,4.73,1
3132_511474_511473,11.08,33
3132_511474_511475,20.94,264
4272_501855_501803,26.91,186
333_513283_513277,57.30,1
333_513283_513278,12.39,31
2274_517208_517190,8.33,127
2241_-1_500153,16.41,9
2121_515237_515012,7.42,5
2141_511489_511490,37.71,124
2243_500103_513254,20.09,96
2212_511281_511283,31.11,4
375_517143_517144,32.30,390
311_511031_511215,2.15,1
2212_511281_511282,22.06,82
318_511335_511334,35.18,1
2241_513300_513103,19.18,102
311_511031_511213,21.76,484
336_513212_513214,27.14,1
318_511335_511339,46.41,1
318_511335_511337,0.09,1
2212_511281_511284,21.62,111
2273_514408_518031,13.57,2
3112_511265_511264,16.31,131
375_517143_517173,32.66,1
311_-1_511196,1.31,1
272_511313_516061,20.53,60
311_-1_511195,1.35,1
3721_517205_517035,15.21,1
2211_518085_518037,11.73,1
217_511044_511020,36.73,3
370_519282_517258,19.54,274
2242_500158_514133,8.93,2
2402_514013_514414,10.58,112
3441_514071_514276,0.60,1
2242_512072_512214,9.65,1
2242_512072_512212,3.69,1
2121_514400_514365,10.66,3
2242_512072_512211,23.88,3
2121_514400_514367,15.02,36
353_514367_500161,11.83,30
370_519282_517259,25.65,6
2274_501900_517117,17.81,165
323_512085_512086,17.90,180
271_516184_511109,14.48,49
336_513001_-1,0.77,3
357_514403_514255,20.99,28
2243_514414_514013,15.21,141
322_512092_512121,27.24,1
2121_514400_514370,21.50,351
3721_517205_517037,14.90,1
2242_500158_514121,36.09,1
2273_514003_514558,4.65,9
3372_513089_513201,0.21,1
2121_514400_514374,30.71,1
375_517143_517169,19.96,105
3112_511258_511302,14.94,2
353_514304_514381,34.23,1
2401_514120_514344,32.26,1
2121_502301_500155,22.68,1
3131_502311_511481,19.77,1
2121_511282_516194,12.67,1
370_519110_519282,12.39,239
2121_516195_511278,54.85,1
2273_514558_514010,50.92,1
2121_511282_516192,43.10,1
3411_514236_514041,16.90,439
3411_514236_514042,12.28,2
272_513264_512037,4.41,2
282_518161_518158,16.72,2
2301_501401_501501,16.44,10
2472_503001_518189,23.61,429
2104_516148_516172,26.53,1
2521_513228_512105,17.23,70
2121_514154_500103,25.07,1
322_512064_512120,20.47,243
3121_517277_511449,30.81,188
304_519104_519105,26.30,235
324_512155_512156,17.57,117
2121_513251_500100,15.50,1
282_518161_518143,30.23,274
304_519104_519103,10.57,31
2141_514367_514400,42.85,109
1571_502750_502700,30.06,1
2141_514367_514401,34.16,2
2273_514558_514003,37.34,287
272_513264_512056,18.13,1
311_511250_511346,14.44,138
2273_513309_513035,34.29,320
2211_518085_518084,12.98,138
2211_518085_518083,1.55,1
3122_511172_511290,10.71,1
3122_511172_511292,11.82,1
3371_513080_513106,16.80,528
324_512155_512165,10.35,1
385_518122_518121,23.63,48
3122_511165_511352,3.70,1
3172_502313_511131,6.86,1
272_513264_512057,30.48,4
2521_515113_515202,1.52,1
357_514075_514074,18.40,83
282_518161_518160,13.58,69
3172_502304_-1,12.80,10
282_518161_518162,25.21,1
2471_518074_518009,24.56,78
385_518122_518111,15.95,7
2273_-1_502150,0.44,1
2211_516096_516094,10.98,30
324_512155_512175,7.55,2
2473_516081_515025,25.90,3
324_512155_512176,9.89,12
3171_511385_511021,14.38,152
3171_511385_511020,26.65,9
2473_516081_515028,5.32,47
357_514207_514039,33.59,220
2104_516148_516149,24.41,267
282_514313_513127,15.44,1
2212_518061_502301,0.05,1
2104_516148_516147,15.60,96
2524_518036_515161,2.28,1
371_517023_517021,38.68,529
355_514212_514487,29.96,22
347_514405_514054,29.32,1
427_512182_502550,7.30,1
2273_513309_513014,26.98,28
427_502400_502550,37.98,1
3011_501001_512133,0.06,2
421_500104_500106,13.10,456
2842_502700_514415,45.08,8
282_513194_513233,55.80,2
2104_511423_511422,14.11,67
3441_514071_514212,24.39,1
2273_-1_502103,15.59,3
3411_514041_514466,15.76,1
371_517023_517029,22.35,1
2274_512069_501001,0.20,1
371_517023_517026,25.29,237
2841_503007_514049,0.17,1
3441_514071_514213,0.14,1
3192_511081_511059,13.82,92
334_513021_513307,27.97,1
140_-1_501201,4.09,1
2801_518126_518131,22.92,165
332_513164_513014,19.81,2
282_514387_514285,25.45,305
370_517072_517259,18.75,94
1571_501403_502900,43.15,1
131_-1_501401,1.90,1
370_517072_517257,18.42,209
333_513278_513030,39.86,5
2472_518051_518049,35.72,381
2141_502301_500160,11.75,2
2212_514001_500101,27.88,4
322_512092_512091,14.92,15
2473_514541_502601,19.01,1
322_512092_512093,13.70,1
2301_512018_513050,19.46,2
3192_511081_511080,10.17,167
2401_519141_514261,27.25,1
2274_501501_501551,23.13,512
333_513030_513055,22.45,15
271_511316_511312,26.61,265
3123_511286_511287,12.42,214
304_519104_519133,14.92,1
3441_514487_514486,27.22,118
2473_516083_516087,15.12,2
2473_516083_516086,30.52,565
2242_500158_514080,12.42,2
2473_516083_516081,14.39,5
2401_519141_514258,21.62,280
2211_511106_511223,16.68,1
2101_500900_501552,0.28,1
2211_512046_512112,4.52,46
303_519090_519089,6.96,162
302_519041_519074,25.42,14
1472_501003_501603,7.98,140
282_514387_514262,15.33,91
452_512020_502351,16.40,66
318_502314_511339,13.09,4
336_513058_513215,13.65,2
333_513030_513041,17.62,2
353_514308_515190,14.24,1
282_513101_513102,26.58,279
282_513101_513100,7.32,17
2402_513092_513292,7.85,1
303_519111_519090,8.96,164
2473_516081_515064,11.60,7
2274_500107_502000,13.55,1
271_516252_511424,26.35,326
271_516252_511425,45.78,2
334_513067_513066,5.87,76
306_519079_519069,22.47,445
3191_511213_511252,18.52,1
353_514304_514305,30.47,307
353_514304_514303,6.64,13
1571_501403_502950,38.13,632
3721_517203_517204,29.47,156
3411_514466_514331,6.81,1
2473_500154_515040,33.89,1
311_-1_511215,15.85,1
3141_511046_511249,25.50,5
2471_515152_515016,8.30,1
2841_503007_514084,20.66,2
3122_511286_511352,12.28,2
1571_502601_502751,13.21,1
3413_-1_500156,14.36,7
282_513222_513101,38.31,1
305_502400_519161,46.65,2
2141_515061_515012,36.07,129
305_502400_519162,13.96,2
1571_501403_501603,2.16,1
305_519041_512101,9.10,1
2211_516089_516268,19.41,75
305_519041_512103,15.13,3
306_519161_519181,25.57,2
305_519041_512104,30.18,1
2212_514010_514399,30.42,468
2472_517013_517012,6.41,66
302_519266_519280,18.79,16
3122_511072_511353,33.74,2
333_513030_513029,24.55,120
3122_511072_511354,5.15,41
3122_511072_511352,3.59,1
2471_515152_515002,8.62,31
4272_501651_501701,12.13,57
2473_516097_515028,9.14,1
2401_514396_514342,36.79,256
333_513029_513277,19.97,19
375_517015_517219,54.87,2
2473_516097_515025,32.76,3
333_513029_513278,37.92,2
2842_-1_503007,11.04,3
282_518156_518077,16.26,35
427_501855_501951,12.12,100
1571_503002_502850,1.49,1
2841_-1_500165,8.18,5
140_501301_501351,9.75,98
3192_511051_511379,20.47,285
3172_511130_511085,54.03,1
3442_514359_514533,11.42,9
2212_515143_515142,26.03,23
142_514055_501300,32.21,1
271_511223_511323,16.56,2
347_514405_514039,33.29,3
3372_513080_513079,16.14,43
431_500251_500301,6.56,92
2242_514133_514121,23.59,2
271_511223_511321,20.16,2
2402_513103_513300,23.50,343
271_511223_511319,26.62,248
272_516074_516076,27.41,261
2104_511242_511279,37.66,244
2521_515120_515060,17.07,4
3141_511046_511265,21.70,1
333_513029_513283,11.72,2
272_516074_516072,11.53,104
2801_518071_518069,37.84,83
336_513215_-1,10.39,1
2102_-1_501400,2.91,5
3141_511046_511264,29.11,1
2242_514133_514129,59.09,2
3141_511046_511261,22.75,466
1472_501752_501600,13.89,1
243_514099_514113,18.57,162
371_517016_517151,38.67,456
2211_516089_516245,24.60,1
2471_515011_500154,8.74,1
2301_513270_513016,21.20,87
2273_502103_516019,40.20,278
999_-1_519041,0.03,1
131_502300_500201,44.47,1
304_519099_519100,20.67,236
2521_515120_515058,12.51,1
2521_515120_515059,12.67,7
3011_501001_501451,13.52,1
2104_511242_511281,15.41,1
243_513160_513009,33.86,1
272_516074_516079,41.47,1
2243_514056_514054,51.84,1
271_516231_511310,6.37,9
2242_514133_514131,24.71,392
3172_511257_511111,18.44,6
2243_514056_514055,11.84,41
371_500051_-1,10.14,17
1571_502601_502701,27.22,9
2104_511242_511284,2.37,2
2121_-1_504008,7.98,3
321_513041_500107,43.09,1
321_513041_500105,5.71,7
3172_502313_511116,31.45,1
3172_502313_511114,48.76,1
421_501502_501701,11.77,1
2402_519034_513123,33.63,1
2101_501552_500751,17.02,438
3172_502313_511113,0.23,1
2521_513149_514114,14.89,205
2141_511417_511416,14.43,28
306_519112_519079,23.48,347
3441_500162_500168,13.67,37
2121_514367_514400,41.20,270
421_501702_500106,14.80,1
352_515158_514432,18.36,95
2472_514137_518189,51.66,1
334_513067_513011,20.05,1
2211_511468_515214,20.70,1
2104_502301_516184,19.30,1
373_517163_517164,31.52,430
3442_500166_514163,38.61,2
373_517163_517165,13.74,84
2521_514280_514114,17.71,12
2521_518152_514320,25.62,1
2242_514314_514312,29.36,42
437_500250_500200,16.09,251
2141_511417_511408,0.10,1
2301_501401_501551,28.20,7
2471_515019_515069,30.22,1
271_516233_511098,0.83,1
376_517064_517269,38.59,1
355_514214_514195,29.81,157
217_501854_502000,34.89,142
2102_501400_516130,19.28,1
2521_512020_518016,42.25,1
271_511321_511419,17.54,3
2241_514014_514012,32.42,313
2524_515088_515054,37.06,501
3721_517203_517224,25.51,226
3721_517203_517225,22.83,249
2102_511102_511103,28.10,231
2121_513040_500202,18.28,83
2102_501400_516129,22.75,1
2141_515214_515213,27.34,8
3011_501001_501405,32.08,324
140_501350_501450,17.66,686
2141_514400_514417,30.58,1
2402_519034_513118,15.84,2
2524_516082_516081,3.30,160
302_519289_519112,4.64,3
1472_501603_501653,18.41,127
2212_514409_514002,32.23,35
2801_519120_519119,6.25,10
336_513312_513001,5.02,3
2212_514409_514009,20.29,2
2273_514010_514399,29.30,385
2471_516241_516239,14.12,87
3191_511360_511212,21.75,250
373_517126_517093,14.33,45
3191_511360_511210,21.33,12
427_501702_501854,35.34,2
271_511484_511469,20.95,1
2274_513279_512154,36.81,1
427_512014_513254,25.55,62
2402_500157_500150,18.19,42
2243_513103_513300,19.50,118
2402_500157_500151,12.15,205
352_515044_515009,19.92,1
2471_516241_516242,22.66,490
437_501853_501753,26.16,828
2212_514558_514399,20.21,120
282_513037_503004,0.23,1
437_501853_501750,20.18,5
334_513021_513068,51.26,2
2524_516244_516245,26.83,484
375_517185_517186,40.42,358
375_517185_517184,21.13,16
3452_514392_514457,17.53,31
324_512157_512156,2.22,1
2402_513303_514114,16.18,4
3192_511069_511070,43.93,4
324_512157_512158,19.97,93
2473_511315_517212,27.51,300
131_501900_504009,19.18,1
2121_513253_500100,23.86,2
2473_515060_502650,19.59,216
302_519078_519043,20.08,10
2121_513006_513007,37.63,257
999_511290_-1,10.01,3
2212_500102_515142,0.04,1
353_515190_1046368,23.97,1
333_513051_513052,19.82,331
333_513051_513053,23.13,41
333_513051_513054,11.90,6
333_513051_513055,9.70,2
150_503002_502800,25.61,4
2274_517108_517107,10.92,137
427_501701_502401,0.60,1
2401_514115_514343,11.85,18
2211_519013_512112,11.41,2
437_501853_500401,19.05,2
376_517060_517014,39.92,1
2243_514045_514047,24.52,1
2243_514045_514046,23.60,102
243_514095_514082,15.03,51
243_514095_514080,6.62,1
2472_518061_516010,91.00,1
2842_514076_514379,21.85,2
377_516278_516198,25.49,8
2524_516244_516267,11.47,144
2141_500160_502301,0.22,1
131_502151_501753,21.57,1
131_501002_501602,24.74,639
311_511031_512002,38.75,8
243_513162_514097,24.60,176
377_516278_516197,28.02,271
2842_-1_514070,18.81,6
2121_516192_515144,26.82,1
2842_-1_514071,9.47,4
2273_502303_502151,16.80,2
2301_500850_500750,13.23,264
421_502300_501001,0.32,1
2401_514387_514389,28.51,291
3122_511163_511286,10.54,216
3122_511163_511289,6.77,1
3411_514029_514030,24.79,456
3411_514029_514031,19.66,1
999_-1_511118,11.97,1
2212_513049_513114,32.71,310
282_518133_518132,18.82,55
131_500200_-1,20.82,1
3411_514029_514036,32.80,1
282_518133_518134,25.92,240
2301_512069_512008,19.75,538
282_518133_518135,21.15,2
3411_514029_514028,17.22,89
2473_515060_502600,37.94,1
3133_511456_511494,27.73,1
306_519182_519184,9.99,1
2121_513006_514365,29.90,1
306_519182_519183,20.77,327
306_519182_519181,19.67,102
2274_502100_512154,9.47,1
3172_511257_511123,9.34,1
3112_511258_511297,29.30,7
999_-1_511106,0.05,1
2243_514045_514044,13.32,29
2521_502851_502801,16.64,38
2104_516146_516250,12.42,57
2402_513135_514110,22.70,1
150_502901_502801,0.99,1
304_519129_519128,17.00,90
437_501853_501701,0.92,1
2212_513049_513112,45.35,3
3191_511199_511180,23.45,5
2524_515088_516080,22.27,4
3123_511287_-1,8.55,3
311_511347_511179,7.88,1
437_504017_501853,1.77,1
282_513292_513233,23.53,285
2211_519121_519284,30.82,296
2121_511282_502301,7.05,2
2121_513006_513009,2.63,1
2121_513006_513008,24.15,1
2473_502000_501950,8.34,105
2301_504010_513048,23.24,448
2401_514116_519045,25.17,250
2473_514377_514076,5.75,30
282_518133_518155,12.35,1
3191_-1_511204,12.38,10
2274_501401_501501,11.24,2
427_502100_502101,11.05,229
376_517060_517058,13.49,212
2274_513261_512210,17.52,2
376_517060_517059,68.18,1
311_511347_511195,9.97,1
427_501702_501800,24.26,438
311_511347_511193,21.64,117
1472_501003_501051,3.13,1
311_511347_511194,14.63,448
131_500750_500950,5.30,3
441_502051_502001,21.43,419
304_519129_519101,16.07,1
2273_502150_502200,34.59,417
333_513275_504005,19.01,170
2274_517208_517211,16.50,390
2521_515060_502650,18.89,181
2471_515151_518012,14.41,95
2242_514131_514133,12.67,98
243_514365_500155,11.55,126
3121_511293_511399,20.04,2
352_515011_515015,32.68,105
376_517066_517072,4.72,1
2121_514156_514367,27.22,1
352_515011_515019,8.24,3
3452_514245_514129,34.25,1
3452_514245_514131,24.05,189
3191_511020_511251,11.40,24
2102_511349_514001,2.73,4
2524_516080_515003,20.50,1
333_513052_504005,34.27,1
3722_517039_500053,1.26,1
2212_513254_513252,19.55,2
452_502700_503003,15.14,66
2211_516080_516081,14.20,327
2211_516080_516082,23.46,4
3191_511206_511245,38.89,187
2274_517110_501900,50.29,3
150_502950_502800,42.05,2
2211_516085_516268,27.14,1
318_511339_511135,51.90,245
3422_514404_514403,20.70,100
376_517060_517062,22.87,531
376_517060_517064,16.48,6
2121_514384_514371,2.76,1
376_517066_517065,20.06,101
2121_514384_514373,33.85,356
376_517066_517067,24.71,545
376_517066_517068,20.59,1
140_501052_501100,29.02,692
2471_518074_516239,2.07,1
3133_511407_511483,11.29,17
2402_513138_513215,9.03,6
2242_514345_500157,11.82,2
3191_511199_511198,16.49,86
3191_511199_511197,16.45,1
2524_516080_515028,55.06,1
2102_502301_516204,0.17,2
2141_514374_514376,22.16,120
272_502000_502050,25.08,429
3172_511127_511493,3.78,1
2104_511279_511281,10.24,2
376_517171_517172,29.01,423
3452_514460_514346,25.66,4
2471_517175_501850,30.87,45
2104_511279_511284,26.53,306
373_517126_517043,30.47,1
2841_514029_-1,0.14,1
2274_517131_502551,70.33,1
999_500101_-1,5.50,7
370_517257_517072,1.94,1
2273_502150_502250,15.70,5
322_500108_512033,9.94,55
2121_514156_514365,25.99,235
373_517096_517129,29.88,11
427_501651_501701,11.46,96
2212_513254_514558,26.68,1
2273_514012_514399,37.59,1
3121_511293_511372,9.10,31
2121_515023_516081,8.33,3
2121_515023_516080,26.05,1
3122_511353_511290,11.31,3
324_-1_512165,0.72,1
334_513021_513012,2.93,10
2401_514120_514262,26.75,217
303_519090_519111,15.08,380
2401_514120_514261,8.33,153
334_513021_513011,2.23,1
352_515044_515043,12.66,52
352_515044_515045,29.25,110
2242_513218_513330,6.36,1
332_513164_513301,30.65,377
2273_513254_500102,19.59,56
371_517228_500051,20.94,1
355_514186_514468,26.19,209
3411_514271_514235,18.06,59
375_500055_517015,11.66,5
3411_514271_514236,19.65,426
302_519078_519077,14.69,50
3442_514092_514065,22.79,6
306_519207_519197,12.16,3
243_514095_514096,34.69,116
302_519078_519080,22.58,1
2102_502301_516202,36.31,1
2141_514001_511317,29.46,1
2102_519059_501000,7.13,8
2102_502301_516203,0.31,1
3442_514087_514163,14.00,9
243_514095_514098,38.52,1
2243_514414_514154,26.04,1
2471_-1_501752,64.95,6
2524_516080_515054,24.07,66
3191_511206_511204,29.88,6
2842_514432_502651,30.61,477
421_502400_502450,22.76,363
2242_514345_500150,12.01,2
243_500155_514157,24.71,1
311_512002_-1,1.02,3
306_519207_519199,16.66,38
306_519207_519198,32.59,314
3442_514092_514091,19.98,72
2471_517006_-1,0.06,1
318_511339_511184,46.58,1
2274_517131_-1,10.19,1
2242_513328_512214,13.88,1
272_516060_516062,27.68,333
2101_516071_516069,31.93,314
2242_512104_512212,19.85,1
2521_514320_514282,16.82,51
2301_512069_512070,6.14,181
2473_501950_502100,1.89,1
306_519188_519204,39.49,4
272_516060_516064,15.54,2
2273_502303_502103,7.89,8
2472_518006_518004,37.35,363
441_501100_501050,17.39,177
2242_512104_512211,25.68,1
2472_518006_518003,20.74,61
2471_517006_517010,6.03,1
3121_511235_517275,17.13,2
3121_511235_517272,13.01,62
3121_511235_517273,22.23,1
271_511230_511100,0.16,1
2473_502051_502103,6.31,59
1472_501650_501752,11.81,1
302_519078_519052,13.50,3
2521_518151_518152,26.94,202
2242_514131_514125,5.03,1
2104_511279_511242,8.89,38
2101_516071_516073,8.76,119
2242_514131_514129,37.05,314
2104_511425_511284,4.41,2
3192_511069_511050,14.22,3
272_516060_516056,13.90,1
2471_517006_517007,28.93,462
2471_517006_517009,0.09,1
272_516060_516058,11.86,68
2473_516083_515028,20.66,2
2243_514322_514465,25.54,78
2471_515061_515012,38.52,383
2473_516083_515025,6.60,46
3442_514087_514179,14.97,88
2121_515144_516234,28.92,37
321_513033_-1,13.04,1
304_519100_519128,27.05,2
2121_500160_514154,0.09,1
140_501052_501150,42.25,2
2301_500203_513269,13.74,1
311_511250_511249,48.71,2
2274_513273_512024,9.54,7
2211_518105_502312,6.81,1
305_519162_502400,16.68,1
437_501002_500850,11.74,226
271_501855_501851,17.37,35
2473_514278_502601,12.75,343
2521_514280_514281,20.62,202
271_511424_516252,21.68,106
371_517232_517021,40.16,7
371_517232_517023,46.72,1
2141_516107_515196,13.57,7
332_513227_513246,24.09,467
373_517247_517249,8.66,51
3133_511456_511501,24.46,194
150_502950_501550,0.44,1
2273_500102_514014,0.23,1
3172_511111_511257,16.81,1
1472_501650_501700,25.28,851
304_519100_519101,28.59,315
2273_518023_518021,22.06,49
3133_511502_511458,30.14,26
2801_515204_515174,32.90,107
243_513006_514365,12.98,1
357_514543_514545,0.07,1
2273_518023_518025,37.24,274
2801_519157_519156,15.69,21
357_514543_514544,22.18,152
3133_511407_511408,34.02,292
431_501651_501853,13.54,93
385_500161_500167,25.90,30
357_514543_514548,13.52,9
332_513227_513250,33.12,56
2801_519157_519159,16.14,98
272_502400_500600,23.93,438
3722_517038_517039,23.22,108
2273_502201_516019,0.68,1
3722_517038_517037,9.09,24
2301_-1_513016,30.10,3
304_519129_519093,0.67,1
3122_511169_511350,12.99,2
2273_513251_502303,9.86,1
2121_515161_516085,20.57,283
2301_-1_513015,5.18,2
3122_511169_511352,0.09,1
2274_502100_501501,51.41,1
142_500950_500851,9.74,195
2273_500102_514003,0.19,1
347_514147_514405,9.26,1
352_515244_515243,4.94,9
3172_502313_502304,9.82,8
2841_514048_514047,25.77,70
2841_514048_514045,46.77,1
142_514199_514428,42.09,5
377_516247_517123,25.08,34
2121_515161_516089,13.78,70
2274_517102_517131,17.60,71
2524_516088_516090,24.57,529
2274_517117_501900,23.60,494
2524_516088_516092,28.14,1
1472_501851_501003,13.78,3
353_514400_514307,28.49,10
2841_514041_514236,12.30,59
2841_514041_514235,36.32,1
353_514400_514306,25.43,291
452_502601_-1,10.80,1
357_514171_514039,24.84,35
999_-1_501802,3.51,1
376_517171_517063,16.26,6
3124_511437_511439,12.14,51
3133_511402_511224,11.20,2
3124_511437_511438,11.47,41
3124_511437_511447,24.15,222
3372_513201_513200,7.77,6
282_513292_-1,2.18,2
3124_511437_511444,8.07,30
3124_511437_511443,7.99,11
336_513058_513308,4.33,3
3372_513201_513202,20.52,357
336_513058_513309,30.69,2
3124_511437_511440,6.58,5
3171_511020_511021,14.03,459
441_501051_500163,22.81,304
376_517171_517072,23.66,49
357_514233_514232,43.29,2
272_512037_513015,19.85,139
3124_511286_511296,8.47,124
2104_500952_511426,38.08,1
3124_511437_511436,40.50,4
3124_511437_511435,20.48,250
3124_511437_511434,21.99,6
3124_511437_511433,15.26,49
2243_513326_513325,31.02,36
353_514400_514367,12.45,8
332_513227_513209,22.74,1
2141_500160_514382,20.73,2
2141_514001_511282,24.78,135
2141_514001_511281,13.37,1
2841_-1_514029,9.14,2
2141_514001_511268,19.68,1
282_513038_-1,5.49,3
3441_514173_514174,21.77,3
3192_511062_511083,22.88,210
3192_511062_511082,14.36,73
385_518122_518204,30.12,341
3133_511502_511494,19.02,273
311_511250_511264,21.12,491
3133_511502_511495,19.57,2
2401_514345_514156,25.44,371
347_514210_514147,9.65,1
2274_517102_517103,37.54,364
2273_513107_513013,30.79,11
3411_514045_514044,19.54,132
3411_514045_514046,22.34,397
150_502950_502850,58.03,1
3411_514045_514047,52.83,4
150_500950_500851,12.37,135
334_513111_504006,1.59,1
2402_513122_513124,17.65,24
2841_502651_502701,36.31,363
332_513227_513223,28.56,11
452_502900_502750,1.93,1
318_502314_511459,11.17,3
2121_502301_-1,18.44,10
2301_513258_512200,11.73,12
2842_514067_514069,14.11,1
3192_511062_511061,21.61,2
3112_511258_511266,21.98,259
2842_514067_514068,26.92,469
2301_512007_500251,20.38,1
1472_501851_501051,17.67,3
305_502350_513003,31.95,2
304_519093_519129,15.62,1
3191_511198_502305,2.37,1
282_518162_-1,29.75,6
2273_514009_514002,90.46,1
431_500251_500201,28.20,327
304_519093_519130,9.08,8
3124_511437_511488,16.00,142
3124_511437_511487,15.35,36
2473_516090_516088,5.65,81
302_519067_-1,9.13,11
2121_511222_502301,17.30,4
2471_514379_515019,17.07,1
2471_514379_515013,18.63,1
3452_514434_514245,23.36,248
3192_511062_511054,25.26,1
131_501901_501753,30.83,2
2273_514009_514013,18.19,1
2274_500107_513253,37.28,1
2473_511315_517178,55.35,1
3721_517150_517205,23.68,134
2274_500107_513254,28.94,331
2274_500107_513257,34.35,1
3721_517150_517204,23.88,186
2301_512070_-1,0.17,2
2273_514009_514011,30.10,325
3133_511100_511226,26.04,367
3721_517150_517203,18.29,351
347_514428_514201,31.33,769
282_512014_512035,27.67,1
347_514428_514200,35.46,30
2273_513251_513048,13.67,110
282_513233_514312,32.69,239
2141_500160_514367,44.76,1
3781_517033_517083,19.85,267
3372_513084_513085,24.28,305
2842_503007_514081,19.16,1
272_516067_516062,5.46,1
3372_513084_513083,5.34,6
272_516067_516065,7.57,93
131_502251_502300,4.17,115
385_514425_514287,23.33,75
272_501950_516233,9.77,137
2842_503007_514083,40.63,1
2401_519139_519140,23.70,277
2121_514097_515153,12.22,1
2401_519139_519141,8.71,2
1571_501403_502850,26.65,3
441_500159_501350,22.32,2
131_504009_504016,23.65,26
437_500850_500750,12.99,342
272_502100_-1,12.49,10
131_502300_501401,19.56,1
131_500950_501602,14.45,3
2241_513058_513203,28.51,282
2121_514218_514367,36.66,1
3141_511036_511046,20.47,490
1571_501752_501650,13.62,1
999_-1_511204,2.67,2
272_516067_516070,25.38,384
2212_516120_515143,9.94,146
2212_516120_515142,8.96,1
140_500950_500851,10.24,220
3124_511437_511448,13.30,4
3721_517150_517224,14.56,4
3721_517150_517225,8.66,1
421_502350_501702,32.63,1
2101_500751_502250,8.36,1
2472_501900_518189,32.35,1
2301_512069_500103,37.78,1
2402_514413_514410,24.91,86
2524_515153_515064,5.92,31
2402_514413_514414,33.29,312
3141_511036_511038,23.42,101
272_513264_500800,15.60,2
2473_516127_517178,44.56,1
441_501351_501851,14.73,130
302_519124_519052,0.10,1
3121_511372_511399,13.77,29
3372_513084_513096,27.22,2
3441_514215_514054,29.68,441
3441_514215_514055,66.56,2
333_513051_513045,18.67,86
2121_515010_515014,11.92,61
302_519124_519043,12.60,1
318_511016_511020,24.39,5
2121_515010_515018,34.76,269
2402_518030_519045,2.77,1
2471_516008_516268,1.23,1
1571_501703_501751,15.47,195
2524_518033_518037,5.12,1
2524_518033_518035,28.53,351
2402_518030_519047,25.62,13
2472_514058_503006,46.36,2
4272_502400_501800,21.82,1
3191_511229_511180,27.32,248
2101_500900_500751,20.22,139
306_519070_519281,9.24,1
302_519124_519079,6.87,1
2471_514379_515021,4.89,15
302_519124_519076,13.53,3
304_519093_519106,39.28,1
3133_511456_511502,36.59,10
302_519124_519078,10.28,6
302_519124_519077,0.19,1
999_-1_501853,0.05,1
999_-1_501854,7.37,2
2212_513049_513063,24.10,1
999_-1_501855,0.10,1
2402_500156_514002,36.89,1
999_-1_501850,22.33,1
999_-1_501851,4.75,3
2121_514372_514400,7.45,1
2301_500203_513253,19.03,1
427_502500_502550,9.63,123
2301_512069_501401,0.05,1
2243_513058_513203,27.55,97
2242_514080_512178,17.25,1
3781_517033_517032,10.39,100
2524_516267_516093,7.75,1
150_502901_501450,54.44,5
3191_511229_511198,21.38,1
2212_518060_518058,15.08,83
3191_511229_511199,36.05,13
302_519124_519067,12.24,3
243_513006_513009,27.49,1
3124_511437_511497,11.61,11
243_513006_513007,36.31,122
2121_514372_514417,4.78,35
3172_511251_511112,63.40,1
2801_515174_518200,7.34,4
3172_511251_511111,20.26,1
2301_500203_513267,40.62,2
2211_511034_511468,14.87,2
2121_513257_502301,0.05,1
373_517042_517041,21.22,111
150_503002_502700,25.88,527
2104_516257_516256,11.55,53
3112_511251_511258,19.26,135
3112_511251_511253,16.79,143
2141_515023_516108,26.63,1
2301_500202_-1,32.63,7
373_517042_517043,26.39,569
2473_502051_502001,20.92,368
375_500055_517179,4.05,1
311_511194_511361,24.94,490
271_511425_511424,15.63,69
3441_514068_514070,1.86,1
2211_516268_515141,32.52,1
3191_511043_511044,33.64,62
271_511425_511426,31.06,239
2104_516146_516172,34.01,221
131_502300_-1,12.90,32
272_502100_501502,0.14,1
2242_512039_512038,29.40,24
2121_513032_513211,5.53,17
271_511491_511230,26.64,240
437_501500_500601,38.07,1
2473_514443_514373,37.88,10
304_519106_519107,32.09,316
2121_514152_500103,16.05,1
2473_514443_514377,6.99,27
375_500055_517169,8.73,1
2211_-1_502351,31.73,9
370_517257_517132,16.39,2
304_519106_519105,29.65,35
375_500055_517168,36.42,94
2273_502303_502251,34.85,378
2273_502303_502250,20.96,2
3411_514048_514538,26.83,380
2141_500160_514400,48.39,2
2473_515144_-1,10.18,1
2141_500160_514401,25.86,148
2101_500900_500952,26.60,381
2121_513253_512003,25.01,4
2401_514134_501550,6.35,2
311_511179_502302,16.88,3
2473_516231_511310,6.29,10
2212_500101_-1,16.07,21
2102_516130_511105,27.65,1
2473_516097_516087,35.61,89
999_-1_511292,0.88,1
999_-1_511290,7.96,8
304_519106_519133,30.39,2
355_514195_-1,10.70,3
2121_514001_511222,27.28,3
2841_514172_514469,15.32,289
999_-1_511294,0.44,1
3191_511043_511020,26.32,169
2121_513253_512017,9.92,1
999_-1_511287,3.65,1
3121_511293_511400,12.10,334
3121_511293_511401,3.99,2
243_514157_514080,20.65,181
375_500055_517144,14.69,1
2212_515144_-1,0.26,1
373_517166_500056,32.89,1
3124_511437_511292,20.31,2
375_500055_517143,23.06,2
2273_516019_516020,41.21,319
371_517025_517027,33.12,626
371_517025_517020,30.54,50
2121_516107_515018,18.12,1
2273_516019_516022,37.13,1
371_517025_517029,38.71,1
2211_511273_515026,25.66,1
3132_511476_511474,13.71,1
421_502300_502201,23.52,919
3132_511476_511472,17.92,24
421_502300_502200,1.75,1
3132_511476_511471,17.21,11
2121_514384_514443,9.19,27
3132_511476_511475,26.93,29
441_502051_502101,7.05,91
437_500601_501853,0.04,1
2274_519029_501001,8.19,2
2211_-1_502315,16.75,12
272_512040_512123,43.59,1
2121_515023_516107,39.66,1
2121_513160_514218,43.25,2
2472_514138_501053,28.20,412
150_503002_502750,10.23,104
271_511098_511468,24.80,13
272_502000_502100,32.50,1
2472_517011_516242,12.60,98
306_519182_519071,40.18,1
3172_511257_511252,27.56,36
3442_500166_500162,15.10,224
2121_514372_514370,13.39,1
131_500450_500602,19.98,2
3132_511476_511467,30.63,262
3132_511476_511465,31.12,5
3132_511476_511464,19.11,114
2121_513211_513251,18.53,2
2471_518009_-1,0.25,1
2402_513138_513136,30.02,284
271_511098_511490,22.58,1
2402_513138_513134,28.32,1
271_511098_511491,12.41,3
304_519100_519099,16.54,10
3721_517150_517037,16.77,25
2473_514443_514384,29.87,311
2212_500102_503004,36.54,3
311_511194_511347,10.21,112
333_513041_513030,26.13,1
2841_514172_514421,29.45,1
2301_513049_513050,17.61,480
282_513292_513148,20.62,54
2473_517175_511312,35.61,1
2121_513260_513262,26.47,38
2104_519026_519022,30.62,1
2521_512054_512194,20.05,158
271_511098_511484,13.53,3
2211_519013_512046,20.64,127
2241_513048_513251,20.85,349
131_501753_501803,9.81,247
2212_513114_512019,32.86,1
2104_516146_516149,19.83,1
333_513041_513044,21.72,1
2121_514372_514374,15.20,3
3133_511100_511408,7.37,137
333_513041_513043,14.77,22
2241_513048_513256,19.63,1
333_513041_513042,20.66,317
305_513003_512009,17.74,63
2212_514009_514011,31.23,343
2212_514009_514013,21.12,2
332_513217_513209,18.22,1
3112_511297_511266,9.71,19
1571_501600_501000,6.86,80
332_513164_513223,23.30,1
441_501100_501150,34.17,382
2121_514400_514541,24.80,1
2274_500951_501000,22.95,411
140_501201_-1,3.41,1
333_513041_513055,28.58,1
2521_512054_512115,11.54,82
3011_519176_518001,20.14,5
3722_517015_517248,42.47,4
2212_514009_514002,28.49,1
3192_511059_511054,28.71,3
282_514350_514285,14.51,78
3141_502302_511265,8.65,3
421_501502_502300,5.45,1
3112_511297_511264,17.57,42
2402_513138_513130,0.49,1
3131_511267_511268,22.04,385
3131_511267_511269,38.33,1
2274_-1_517131,41.86,1
1472_501350_500152,6.21,2
150_502701_503005,36.88,437
3452_514460_514453,22.18,1
3452_514460_514454,29.86,2
2273_501101_514009,32.25,1
2274_500105_502100,0.76,2
3452_514460_514459,17.37,2
271_511323_511419,16.52,241
2212_515149_518063,21.75,356
2212_515149_518061,19.93,1
421_501502_501001,8.20,317
332_513217_513227,18.75,1
437_500200_504009,13.12,7
2242_513218_500158,7.85,1
2401_500161_-1,28.36,15
332_513217_513223,26.89,5
2473_517175_501951,20.16,55
373_517096_517251,9.43,52
332_513217_513221,24.87,390
2471_517006_517175,10.79,130
3452_514460_514461,17.48,219
3452_514460_514462,17.32,2
3452_514460_514463,17.75,1
385_514367_514382,24.81,46
373_517076_-1,31.09,1
2104_500952_500751,11.22,109
2104_514001_502301,16.50,88
2241_513327_513107,14.44,10
437_500301_500201,29.11,2
243_500155_514099,24.71,1
323_500111_-1,2.59,1
2841_514032_514037,1.68,1
2211_511320_511273,1.71,1
370_517257_517196,19.18,1
370_517257_517195,20.67,249
2121_513165_513163,18.65,5
2841_514032_514031,18.71,84
1571_501700_502601,8.42,1
2841_514032_514033,15.31,379
2273_501101_514002,31.91,4
2104_516257_516218,42.74,3
2473_516120_516119,4.03,93
431_500201_504016,42.62,233
3721_-1_517224,13.25,4
421_501002_500106,0.10,1
3131_511267_511228,18.67,112
3351_504007_513244,24.81,7
3351_504007_513245,32.10,311
421_501502_502351,23.29,1
3122_511353_511171,23.91,1
3122_511353_511175,0.06,1
2104_516257_516216,19.55,280
2473_501950_502000,36.62,370
373_517165_517050,12.47,1
2273_502303_502201,38.22,2
2402_513103_514013,18.98,138
2212_502301_516194,49.41,1
2102_516224_516226,18.06,54
2212_502301_516192,29.71,1
2104_516251_516166,14.23,2
2212_513107_513013,28.94,10
2104_516251_516167,16.39,56
322_500108_500110,18.10,206
352_514448_514447,20.36,16
332_513227_513164,5.23,2
3351_504007_513237,26.41,477
373_517165_517045,29.15,4
3351_504007_513238,20.61,12
131_501701_501651,28.75,669
3351_504007_513239,12.08,1
373_517165_517046,30.72,1
2274_501401_501451,19.23,425
3121_517272_516276,8.48,66
3121_517272_516277,43.25,4
3452_514460_514450,0.73,1
150_502750_503002,34.48,492
1472_501350_501402,35.43,663
2842_502700_502650,23.77,525
2274_501000_500951,10.20,126
2243_514345_514411,31.00,27
2402_-1_518030,12.35,3
2241_513104_513106,16.50,67
2141_511489_500160,17.80,1
437_500301_500251,32.93,756
373_517165_517076,7.76,3
2524_502950_518045,3.33,1
2242_513235_513236,18.26,343
332_513164_513209,18.91,24
3141_502302_511241,35.42,422
2242_513235_513218,18.43,106
2472_516131_517007,19.60,17
271_501855_501900,29.15,338
3422_514085_514086,32.55,274
2121_515237_515238,42.53,273
3131_511408_511484,26.83,116
431_501853_502303,0.41,2
305_519165_519041,1.29,1
2274_-1_517110,2.30,1
2472_514017_501053,22.96,55
306_519191_-1,2.90,2
2243_513300_513103,19.32,40
373_517015_500056,10.79,369
2211_518046_518194,31.91,339
2243_513300_513107,27.93,138
2121_511298_515041,26.71,1
2273_500102_502150,58.89,1
282_500101_500102,14.31,175
2104_516251_516252,34.37,238
2473_515145_515144,17.02,39
2101_501552_500952,17.01,6
2141_502301_511480,26.25,1
142_514215_514055,0.23,1
142_514215_514054,27.63,420
217_511195_511361,12.73,49
2102_516215_516226,16.60,1
282_518077_518155,23.79,40
2212_513231_513309,31.61,11
282_518077_518156,23.67,246
282_500102_518161,26.10,1
3372_500251_-1,5.69,2
271_501855_511316,0.32,1
2521_515118_502750,18.24,1
2524_515003_501501,13.09,1
3441_514071_514427,6.10,3
2121_514278_515012,43.12,2
2473_514076_502600,10.85,8
2211_511320_511318,33.26,369
2121_514278_515014,41.95,1
347_514194_514021,45.00,1
2473_515145_515161,16.13,22
452_502600_502601,8.26,101
347_514020_514021,41.29,728
2242_514154_514080,23.25,52
272_512056_512195,28.81,333
2471_516008_516112,26.27,391
347_514428_514196,10.11,1
2273_518023_518153,22.37,1
357_514326_514544,25.33,8
357_514326_514543,18.08,156
357_514326_514548,14.43,3
3133_511495_502310,29.50,1
1472_500163_501851,10.21,2
2241_514010_514399,30.61,339
2274_517102_517008,23.01,1
2473_516120_516194,22.00,328
421_500104_502551,29.68,13
2473_516120_516196,33.86,1
2211_516085_516093,15.01,1
3133_511495_502309,46.34,1
3441_514487_514212,32.38,539
3441_514487_514213,17.68,3
2212_511283_511222,21.84,44
2141_514374_514541,12.09,15
431_504016_-1,27.46,15
2842_514432_502701,36.74,2
302_519068_519050,11.84,102
2121_516085_500155,12.82,2
3441_514173_514071,32.14,1
3422_514403_-1,13.90,9
2212_500101_500102,11.88,249
3422_-1_514403,12.13,10
2471_518074_516011,30.53,390
306_519188_519189,29.20,429
302_519071_519072,24.55,369
302_519071_519073,13.60,17
441_500159_500163,17.03,25
306_519188_519187,28.10,74
302_519071_519070,12.78,88
2212_511283_511298,18.98,2
306_519188_519185,6.24,1
306_519188_519186,46.30,3
302_519071_519074,29.06,1
2402_513292_513124,18.91,340
2402_513292_513122,41.24,3
333_513278_513277,14.00,59
2274_513273_512178,18.73,403
1571_502801_502601,19.97,2
2301_513016_513270,35.41,390
3721_517038_517278,14.45,134
2301_513016_513268,9.35,1
332_513164_513250,27.95,3
2242_514133_500158,0.09,1
306_519188_519192,23.50,1
3441_514071_514468,19.28,2
2211_518036_518194,12.83,110
352_515244_515197,12.46,105
302_519071_519067,7.55,1
2274_500107_512007,21.17,2
306_519188_519190,25.98,4
302_519068_519067,0.24,1
2102_516215_516213,23.88,251
217_502200_511020,23.90,140
2102_516215_516211,14.69,2
302_519068_519070,11.13,322
302_519068_519071,19.56,44
2212_511277_516194,68.15,1
2141_511033_502301,13.84,109
2212_511277_516192,38.50,1
150_502950_501403,19.14,116
321_513024_513034,19.61,37
2102_516215_516209,17.02,2
2212_511283_511275,14.26,2
333_513278_513283,16.89,290
322_500108_512061,27.11,1
2212_511283_511277,29.59,386
150_502601_502600,11.02,63
3413_514467_514194,21.83,119
2273_500102_502100,34.98,2
3442_514559_514086,23.54,20
142_514208_514209,36.21,1
3172_511378_511343,35.22,1
321_513024_513041,6.13,1
357_514494_514074,22.85,4
2102_501000_-1,4.34,2
2274_500107_512024,11.22,2
3191_511020_511204,31.72,1
2102_516215_516219,4.99,3
2101_501552_500900,25.57,5
2102_516215_516217,4.52,15
2401_519045_514115,24.72,1
2102_511105_516226,0.04,1
2401_519045_514116,16.09,34
3442_514555_514533,17.47,1
3411_514055_514053,31.17,1
2141_514384_514443,20.27,4
2273_502050_517200,8.00,133
150_502601_502651,30.29,471
2141_514278_515061,20.48,151
2121_516107_515054,33.76,1
3452_514434_514131,0.93,2
3452_514434_514129,37.40,1
2104_516215_516005,0.30,1
421_501753_501552,40.71,1
2104_500751_-1,39.90,4
2471_515150_515016,15.25,72
357_514075_514251,23.44,139
271_511098_511420,23.80,1
3133_511456_511458,16.41,2
999_-1_511309,5.28,1
321_513024_513025,15.07,334
2524_516244_516093,28.26,13
385_514507_514508,22.85,321
2473_502650_515060,4.98,35
271_511098_511422,4.12,1
3411_514055_514054,27.67,44
2471_515150_515002,18.43,578
2212_514012_514399,40.01,6
3411_514055_514056,31.53,488
2472_516008_516015,45.71,242
2471_515150_515006,0.29,1
2841_514271_514041,26.81,8
385_514477_514508,12.73,6
385_514507_514531,15.17,75
3141_511046_511036,17.95,154
304_519106_519093,0.19,2
377_516278_516249,12.94,147
3172_511257_511344,54.85,2
2121_511275_515144,34.34,1
272_-1_502050,72.45,1
282_518132_513291,2.88,1
2274_513261_512017,38.81,289
2472_516008_516007,28.40,63
271_511484_511408,26.29,316
2402_513292_513148,11.65,23
2842_514076_514415,16.38,47
2101_511005_516050,19.77,1
999_-1_511323,5.20,4
3191_511213_511021,12.34,2
3124_511296_511290,3.57,10
2521_514319_513225,23.05,222
2521_514319_513226,28.42,8
131_501901_501853,23.37,723
1571_501703_501850,10.60,1
385_514382_500161,19.21,77
304_519093_519263,24.15,2
1472_501150_501200,35.18,755
2243_514466_514465,12.39,48
271_511484_511417,27.70,22
3124_511296_511286,20.95,334
3442_514555_514557,19.57,14
3442_514555_514556,20.04,280
3011_515001_512001,20.62,40
2301_512069_501551,0.13,1
302_519071_519041,32.53,2
3452_514134_514132,23.80,20
131_502251_502201,24.16,676
2402_500157_501552,11.88,2
347_514210_514208,29.78,4
1472_501052_501100,29.07,756
3191_511229_511086,20.27,1
2212_518060_518149,37.73,402
2473_515064_515245,0.22,1
2801_518180_518179,18.37,5
2274_502100_501401,30.82,4
142_502351_501552,11.34,254
2301_512069_501501,23.54,1
347_514210_514211,31.54,931
3133_502309_-1,4.57,3
441_501300_501250,7.77,121
427_519165_512206,0.65,1
2241_514156_514345,14.27,110
373_517091_517093,13.33,145
131_501002_501702,51.49,2
373_517091_517090,18.78,475
140_-1_501051,36.60,7
2101_516055_511012,13.89,1
3371_513100_513077,39.45,1
282_513233_513147,13.60,2
2242_514019_514386,41.29,27
375_-1_517219,5.40,7
3133_502310_-1,11.82,12
375_517015_517017,29.17,84
2301_500251_-1,0.23,2
282_513194_513093,19.81,338
318_511016_511133,59.04,1
3441_514068_514069,28.31,495
3441_514068_514067,16.40,216
2242_514019_514388,28.93,5
2841_514466_514045,35.98,1
271_511098_511417,31.07,1
2401_514080_514157,16.09,44
2401_514080_514154,24.29,288
2141_514384_514431,38.35,2
282_512014_513254,30.82,50
3371_513188_513094,14.87,3
3371_513188_513093,20.27,84
271_511098_511419,14.59,3
2524_515153_515171,0.15,1
2273_513251_513111,16.06,1
2211_516268_515161,16.03,12
3121_511372_511293,16.49,294
1472_501150_501250,38.87,1
421_502401_-1,5.08,2
2841_514466_514044,26.12,428
3371_513100_513093,3.20,2
2102_516078_501400,12.86,1
282_503004_-1,0.17,1
2841_514466_514042,14.58,113
2402_500156_514115,20.16,1
2104_516218_501451,20.37,1
3371_513100_513094,24.73,78
271_511242_511098,35.38,8
2121_516193_511284,10.59,1
2241_513058_513112,37.37,1
2121_516193_511281,44.17,1
271_511098_511408,50.38,1
2121_513260_512004,43.92,268
272_513264_500600,45.87,2
371_517084_517030,19.77,2
142_501251_501201,21.92,555
2121_516193_511279,56.55,2
2524_516103_515087,19.46,618
2524_516103_515088,12.38,3
373_500056_517156,30.72,1
2121_516193_511276,35.87,337
373_500056_517155,19.44,6
2211_502315_502901,0.20,1
2121_516193_511278,17.36,8
373_500056_517154,22.04,433
2211_516268_515025,13.67,2
2242_512104_512072,22.62,439
2273_519019_500102,0.67,1
441_501100_501200,65.62,1
353_514367_514400,45.12,237
371_517084_517028,30.18,575
332_513250_513164,14.87,3
999_511496_-1,13.11,1
373_500056_517164,29.64,2
2211_519121_518152,30.75,1
371_517084_517029,13.52,13
333_513276_513042,20.03,29
2243_514466_500100,22.35,1
2104_511109_501405,31.87,1
3171_511162_502302,11.42,772
3122_511353_511072,9.55,5
2273_516026_516028,30.17,384
2524_516103_515064,28.35,1
3192_511183_511187,12.24,16
3133_511225_511224,5.23,7
321_513041_513042,23.21,352
427_512014_512181,36.54,303
321_513041_513045,5.01,1
1571_501801_501850,6.58,55
321_513041_513046,14.02,3
2524_518034_516267,15.92,2
321_513041_513043,9.12,6
321_513041_513044,18.38,2
2524_518034_516266,18.93,558
321_513041_513047,33.93,5
421_502300_502151,17.91,8
282_513292_514312,18.80,1
333_513276_513041,29.98,344
377_516187_516186,5.99,2
427_502500_512023,5.33,2
1571_501850_501800,24.71,3
427_502500_512022,0.21,1
2241_513327_513062,36.19,1
1571_501850_501801,35.59,586
305_512072_512178,16.57,382
2242_512130_512164,37.16,1
2212_513035_513309,16.40,43
2242_512130_512163,27.85,316
2524_515171_518085,0.13,1
371_517018_517231,25.66,512
2121_513260_512017,44.84,2
2524_515139_515028,28.32,6
2242_512006_512133,38.23,1
385_514291_514551,7.44,1
2242_512006_512132,20.04,1
333_513276_513051,22.95,1
272_502100_511235,42.01,326
999_-1_511352,3.44,2
441_501851_501951,7.74,122
2801_518124_518006,23.16,34
333_513276_513029,18.97,8
421_500106_500104,14.56,117
334_513011_513111,23.14,104
2104_511425_511424,13.89,71
272_502400_-1,9.80,1
2104_511425_511426,32.84,256
3371_513100_513101,29.89,303
2242_512130_500150,21.25,1
2524_515146_515171,13.08,448
3441_514176_514485,32.40,402
3452_514392_514257,30.56,5
999_-1_511343,8.76,3
3441_514176_514486,28.02,1
2524_518045_518046,30.58,535
2212_500102_514003,41.43,1
2274_517111_517190,3.42,1
2212_502301_516234,48.31,1
3441_514215_514213,1.01,1
3441_514215_514214,18.75,166
2211_516245_515161,30.36,1
2242_512130_512133,9.31,2
2242_512130_512132,10.99,1
2524_518083_516264,27.76,1
2274_517190_517113,4.62,86
2524_515139_515003,8.43,1
333_513276_513030,33.85,11
2274_517190_517115,41.81,1
2212_500102_514010,3.07,1
142_514196_514197,39.01,374
150_503002_502600,27.92,4
373_517247_517097,13.21,115
272_513264_501950,2.41,1
437_501853_500601,34.94,1
142_514199_514198,12.11,99
318_511339_511344,57.74,1
2242_512006_512163,32.77,1
318_511339_511343,2.89,1
2841_503007_502650,13.44,4
318_511339_511341,48.93,1
142_514196_514195,11.40,125
357_514494_514404,35.76,1
999_-1_511369,6.11,3
385_518113_518114,23.28,291
385_518113_518115,20.04,25
243_504015_513006,28.20,174
150_502650_502750,42.06,1
3191_511360_511021,5.39,1
3452_514457_514392,19.16,8
421_501502_502401,6.50,1
311_511361_511196,24.52,12
2241_513058_500203,10.95,42
311_511361_511195,24.73,552
385_518113_518111,14.05,1
311_511361_511194,8.19,165
385_518113_518112,11.36,17
2273_513231_513309,33.49,3
2472_501850_501802,27.76,1
2212_514009_514137,34.47,1
2273_513254_514558,31.68,1
375_500055_517219,27.62,6
311_511347_511361,34.83,1
375_500055_517218,23.93,2
2274_517131_500105,21.21,1
2212_514009_514138,25.16,1
375_500055_517214,22.00,352
375_500055_517217,19.63,1
373_517247_517076,12.17,6
2121_511276_511278,17.02,371
2211_516085_515161,10.15,16
3132_511467_511268,12.59,7
3441_514055_514214,48.73,1
131_500450_500500,34.26,493
2121_511276_511284,8.76,1
3371_513077_513080,29.04,3
2473_514541_514374,22.02,312
2473_514541_514372,14.65,7
2524_516103_515003,5.77,87
2212_518061_503001,32.92,441
441_-1_500159,11.19,15
2242_512163_512164,28.12,407
2473_516087_516086,17.92,131
131_500601_501550,10.52,254
3191_511245_511246,39.53,212
2121_500160_514382,35.48,12
3132_511467_511271,1.36,1
2471_515012_515237,42.33,344
3132_511467_511270,5.35,1
377_516138_516139,26.68,17
2242_512104_513328,27.96,1
322_512090_512065,14.21,4
3371_513077_513095,9.33,72
2211_515138_511322,28.55,1
2473_516087_516097,24.17,588
334_504006_513111,36.40,1
2121_500160_514372,0.05,1
377_516197_516278,21.10,29
2121_500160_514370,21.86,1
2242_512163_512132,0.22,1
2211_516085_515141,23.72,1
311_511196_-1,25.47,1
142_514055_514056,27.45,544
2211_516085_515146,20.35,285
282_514262_514387,31.61,286
2524_502951_515171,0.22,1
142_514055_514054,10.10,23
150_502650_502700,11.39,133
377_516138_516141,27.59,228
2211_502901_502951,26.88,355
2841_514044_514466,22.14,119
322_512090_512091,30.07,232
2121_500160_514365,15.56,70
131_501401_501450,19.62,638
2121_513325_500160,0.98,2
2104_519290_501405,26.21,3
371_517084_517083,5.41,162
306_519051_519052,37.01,307
322_512090_512089,8.74,35
2101_516059_501552,27.00,1
131_501450_501401,15.03,186
2273_513107_513327,41.00,243
3371_513077_513078,23.39,413
3371_513077_513079,23.44,2
140_501052_501350,9.05,3
1472_501350_501300,10.87,141
272_502100_511243,43.42,1
3442_514555_514179,12.31,6
421_501002_502400,0.94,1
3371_513182_513101,28.46,1
427_512021_502451,24.69,456
3191_511245_511206,28.89,9
217_511044_511361,34.24,101
2801_518174_515204,11.54,1
2211_515213_511468,27.81,1
3452_514241_514451,10.94,92
2211_511324_502351,0.28,1
2211_502315_511034,25.87,336
385_514367_514287,17.98,342
2842_514081_514076,22.83,94
3413_514195_514552,26.43,2
2211_515161_516245,24.27,1
3452_514241_514453,9.89,5
3452_514241_514452,21.97,216
3452_514241_514454,17.56,2
2121_513325_500103,36.63,1
2841_514081_514083,33.05,348
2274_517111_517113,19.65,429
2402_513122_513303,24.92,243
2274_517111_517110,4.07,65
2471_515061_515237,0.68,1
373_517165_517164,46.94,5
3131_511408_511100,29.86,340
373_517165_517162,24.63,437
373_517165_517163,18.95,470
332_513168_513014,26.87,47
3411_514271_514466,30.61,1
3452_514241_514462,8.35,1
2242_514126_512133,0.14,1
3121_517275_511369,7.18,4
2212_513107_513105,15.92,130
2524_515171_518037,56.18,1
2212_518058_516169,56.66,1
2241_513327_513013,26.06,332
2471_514384_514431,33.65,1
2212_518058_516168,5.16,1
2842_514081_514083,33.72,430
2842_514081_514084,8.95,1
2842_503012_503007,31.10,255
3121_511369_511292,24.20,2
2524_515140_515139,6.75,23
3192_-1_511059,16.23,9
272_516076_516079,23.40,350
375_500055_517229,0.67,1
2841_503012_503007,24.90,220
353_515191_515190,12.35,58
2801_518189_518200,32.73,94
3133_511402_511034,14.20,101
353_515191_515192,34.33,232
131_501701_501753,9.81,265
3191_511020_511043,24.21,230
441_-1_500163,88.39,1
347_514147_514211,19.91,130
347_514147_514212,29.18,747
347_514147_514213,1.96,1
3442_514557_500166,25.96,7
2211_511090_515213,35.24,6
2141_511222_502301,9.72,4
2211_511090_515214,46.43,1
272_516076_516074,23.57,45
305_519165_519166,22.50,331
2301_512200_513258,46.57,381
3191_511020_511044,38.39,132
2473_515036_514415,19.09,1
271_501855_511426,6.50,1
271_511098_501901,51.25,1
2473_515057_515036,31.79,2
2402_500751_519048,18.57,356
282_512014_513193,26.06,1
385_514425_514426,24.89,319
3172_511111_511020,13.45,68
2471_514384_514443,5.31,15
272_512056_512057,34.49,1
2212_516196_516138,38.92,1
2473_500154_516090,11.72,1
3413_514467_514053,26.12,5
336_513167_513001,7.73,6
142_514199_514200,46.11,337
431_504019_504016,29.02,28
3722_517222_517223,13.13,171
2212_514137_514138,39.59,332
2121_514367_500160,20.18,6
2301_513251_504010,1.35,1
452_500600_502900,55.30,124
2211_516092_516096,4.15,1
2801_518180_518071,18.04,104
2102_516079_519148,13.51,2
2471_-1_500154,7.81,33
2473_515064_515153,24.67,255
2211_516092_516094,30.64,322
3371_513182_513093,5.87,6
3122_511176_511292,15.46,13
3171_502302_511385,1.52,1
3171_502302_511387,22.13,1
3122_511176_511290,16.94,1
3171_502302_511386,24.87,2
2121_514153_514154,30.01,367
2242_514121_514125,25.60,13
2121_514153_514152,19.23,135
2102_519021_516078,26.04,226
2801_518189_518128,11.85,1
2243_514010_514012,15.57,42
357_514079_514076,38.91,188
3124_511440_511441,19.00,151
2842_514067_514219,7.11,9
357_514079_514078,19.84,19
2473_515064_515142,37.58,1
3124_511440_511444,19.70,46
2211_516092_516090,8.69,36
2801_518180_518069,34.92,9
2524_515171_-1,8.95,3
3171_511385_511386,28.33,6
1571_501752_501800,29.87,768
3171_511385_511387,24.66,388
427_501951_501803,20.09,1
3371_513182_513080,26.46,1
357_514484_514278,7.92,2
3372_513096_500251,20.84,1
3452_514434_514454,21.98,54
3452_514434_514453,12.56,4
3452_514434_514451,18.51,1
3192_511078_511052,17.17,1
2212_518164_500102,0.20,1
2104_500751_519142,22.21,1
370_519107_519108,25.30,531
322_512090_512032,16.26,1
3192_511078_511053,30.85,2
3371_513182_513077,2.02,1
3122_511169_511170,15.69,532
272_516070_516067,26.17,160
322_512089_512090,14.17,267
3371_513084_513188,31.34,2
140_501351_500950,13.25,2
2801_-1_515204,3.04,3
322_512089_512091,25.40,7
322_512089_512092,19.75,1
3422_514067_500164,9.91,2
2212_516193_511279,28.11,2
2212_516193_511278,18.38,3
2212_516193_511276,35.67,420
2274_500107_501000,8.18,2
3122_511169_511167,14.63,1
2801_518205_518174,44.60,82
3122_511169_511168,9.95,82
271_501901_-1,30.97,4
3371_513188_513101,25.09,32
131_500601_501500,4.62,1
3371_513188_513100,20.14,395
370_519107_519115,43.36,1
282_514285_514312,10.92,1
2242_512163_512214,33.27,1
2121_512018_512209,23.61,22
272_512056_512037,3.43,35
282_514349_518156,17.56,3
2241_514010_514012,15.29,99
2471_515149_515151,13.02,3
3192_511078_511077,15.05,106
2402_513292_500151,6.86,1
303_519087_519086,8.99,167
2471_501752_501850,30.90,367
303_519087_519088,21.33,1
3192_511078_511079,18.83,237
2121_514156_514155,16.60,108
1472_501350_501250,34.50,1
306_519051_519080,24.22,93
2212_515143_502301,0.84,1
2801_518189_518169,18.56,16
437_500301_501853,0.05,1
2301_501401_500750,20.70,1
1571_501752_501850,45.59,1
140_501150_501200,35.32,695
2242_514386_514019,19.83,4
427_512021_502401,36.34,1
2841_514469_514421,22.92,1
302_519038_519073,19.01,90
2841_514192_514193,30.93,354
2471_515149_515148,15.56,14
2841_514027_514554,20.67,412
421_500850_501002,21.65,863
2273_514010_514012,11.10,103
2402_519035_519034,22.04,57
2401_519140_519139,21.01,67
271_511098_511315,0.86,1
353_514308_514309,14.76,314
353_514308_514307,8.70,6
2102_516205_516207,4.45,43
271_517213_511316,21.52,299
2102_516205_516209,1.70,1
2243_513107_513013,22.85,2
2401_519140_519141,29.99,287
306_519080_519192,0.57,1
2242_513330_513222,5.94,1
2401_514157_500161,20.73,102
2242_513330_513224,21.35,428
2242_512130_512214,18.08,32
2242_513330_513232,11.30,30
2121_514218_514152,29.99,382
2121_514218_514153,18.69,1
142_501251_501151,9.36,2
2121_514218_514155,0.23,1
2274_500107_513015,30.25,2
2121_514218_514156,12.49,1
282_513147_513233,22.17,1
324_512174_512175,18.75,114
2121_500100_512200,48.17,2
2524_516267_516266,10.19,103
324_512174_512173,5.86,40
1571_501850_501751,32.42,9
1571_502601_501752,47.51,1
2301_500203_512117,8.55,1
322_512089_512032,15.77,1
2141_515061_514278,18.33,37
1571_502801_502751,22.00,75
1472_501003_501301,17.44,1
2241_513140_513309,17.53,84
302_519038_519041,37.09,1
2212_515147_515148,34.01,361
421_502350_500602,25.90,898
3121_-1_516276,10.20,1
2211_518035_516264,1.47,1
3371_513084_513189,31.68,1
999_-1_511441,6.28,2
2274_517106_519030,26.47,1
2212_515147_515144,3.45,1
131_500950_501852,0.38,1
302_519038_519039,22.50,349
1571_503006_502851,3.85,1
3452_514434_514462,19.58,9
3452_514434_514461,18.62,1
150_503002_502650,27.68,1
441_500159_501100,29.06,2
3371_513084_513190,38.47,376
142_514326_514206,4.21,1
452_512022_512023,23.72,190
2243_514052_514051,11.98,52
2801_518124_518089,20.06,97
2211_502315_502951,14.70,5
2121_511282_514001,16.98,95
357_514543_514326,10.56,37
2842_514427_514072,62.71,4
2842_514427_514070,10.19,143
2842_514427_514071,28.94,431
2241_513111_513062,16.89,86
2101_501552_519021,13.71,3
3124_511286_511432,19.99,207
217_511020_502200,8.73,40
3124_511286_511433,20.83,144
3371_513100_513182,12.29,3
3124_511286_511435,15.34,2
2801_518124_518090,31.53,3
3371_513188_513196,25.59,4
3371_513100_513188,11.31,126
3371_513188_513195,16.76,1
2402_514152_514218,14.74,58
2301_513258_512019,12.21,1
2243_514052_514049,0.93,1
2101_501552_519025,19.35,2
452_512022_512020,10.10,2
2273_513251_513256,30.24,348
357_514484_514207,34.20,1
2273_516026_516034,40.63,1
2212_516196_516194,10.18,49
2402_501050_518030,22.33,354
2121_515010_516108,22.18,1
2273_516026_516038,101.88,1
3422_500164_514067,7.83,2
3422_500164_514068,24.96,1
2121_514001_500100,16.87,4
2243_513254_513252,0.74,1
3422_500164_514074,0.45,1
272_501502_500603,14.55,5
2243_513140_513106,19.03,139
3371_513188_513189,25.31,3
3371_513100_513195,10.81,2
3371_513100_513196,26.13,2
3371_513100_513194,21.36,1
2241_513111_513048,42.62,8
437_501701_501001,39.30,3
2274_513261_513259,30.31,17
2243_513140_513104,14.36,3
2274_513261_513253,12.97,1
3122_511170_511168,1.20,1
2121_514365_514156,18.05,6
2104_516172_516147,25.44,281
272_502400_500800,24.29,1
272_502100_500603,18.09,1
2104_516172_516146,29.25,23
2121_511283_511277,28.95,372
2121_511283_511275,17.13,2
271_511484_511321,13.49,1
3122_511170_511169,7.52,196
304_519293_519093,8.83,1
2242_513330_513235,66.03,1
321_513034_513024,24.29,339
271_511484_511323,0.12,1
2842_514070_514427,28.09,478
321_513034_513025,16.55,19
2102_516205_516226,17.06,1
2101_516052_516177,29.43,1
421_501753_501855,9.14,305
142_514326_514246,17.43,97
357_514379_514253,23.49,175
3422_514074_514403,35.50,233
431_502200_-1,42.71,1
2801_518179_518069,11.65,3
2242_514156_514345,14.32,131
2841_514076_502650,35.40,1
150_501450_502951,16.68,126
3122_511170_511182,12.31,1
282_514019_518156,12.79,1
2402_519045_519054,25.33,310
2211_516268_516245,34.58,1
2274_501501_500601,27.70,10
2243_514028_514554,16.12,9
357_514075_514404,32.86,2
271_511484_511100,32.11,3
2141_514400_500160,12.77,1
2101_516235_516077,18.27,313
2101_516235_516078,12.87,20
324_512164_512163,8.61,52
324_512164_512165,21.65,109
2101_516235_516073,12.91,3
3192_511183_511048,34.94,7
2473_516083_515139,21.74,1
2141_511416_515012,20.80,1
2121_513032_502301,6.56,1
2101_516235_516071,18.34,1
2473_516083_515132,0.87,1
3351_513237_513239,15.20,55
3351_513237_513238,20.53,443
3131_511034_502311,14.63,46
2121_515042_515041,14.74,86
2121_515042_515043,20.11,360
3452_514130_514460,35.41,3
2121_511283_511222,17.57,34
2274_512024_500600,20.93,396
373_517182_517050,19.71,76
3442_514068_514067,19.81,89
321_513034_513033,8.89,55
2243_513140_513309,20.24,34
373_517182_517052,43.56,2
2401_514389_501550,0.41,1
373_500056_517042,42.62,1
373_500056_517041,12.64,1
2842_514069_500164,29.36,1
2212_502301_503001,23.62,9
2121_515009_515020,50.39,1
421_501753_501701,24.02,962
2471_515011_514377,4.60,1
999_500163_-1,0.23,1
2471_515011_514379,18.13,1
3442_514068_514070,42.16,2
3442_514068_514071,3.57,1
311_-1_512002,3.00,2
3351_513237_513244,27.19,77
3351_513237_513245,26.29,9
375_517168_517214,7.05,3
2402_513135_513137,27.24,365
2104_516005_500751,7.90,1
2402_513135_513131,28.42,1
2301_513048_504010,12.83,113
2402_513135_513133,9.62,53
321_513027_512078,18.12,1
2102_514001_501400,37.80,2
2273_516047_518082,15.06,55
3124_511296_511432,15.85,10
3442_514068_514069,31.24,254
3124_511296_511433,25.94,2
3192_511183_511069,25.95,22
2242_500150_500157,20.02,142
2121_515042_515044,43.13,2
2102_-1_511281,12.71,1
2402_514155_514154,11.87,174
2301_513049_513252,13.24,167
3124_511296_511438,12.62,5
334_504006_513068,24.33,502
2472_501900_517006,29.57,396
334_504006_513066,27.94,18
2472_501900_517007,26.41,3
3124_511296_511437,14.08,16
334_504006_513067,25.81,2
2402_514155_514156,23.33,406
2211_515138_511272,19.85,1
2121_500100_512017,26.06,1
2524_515139_515153,32.64,1
2102_511349_502301,0.16,2
3192_511183_511049,32.94,1
2841_514466_514236,25.32,1
441_501100_501300,46.86,1
3124_511296_511443,4.35,3
2101_516235_516063,0.24,1
2101_519021_516235,27.00,1
3124_511296_511440,1.09,1
2121_515009_515045,21.81,27
305_502350_502400,8.88,183
3192_511183_511050,27.47,1
2301_512200_512004,48.29,5
2243_514052_514053,20.39,91
2473_516086_515187,9.35,1
2524_515139_515140,24.25,442
2121_516107_516108,20.09,317
3122_511163_511165,11.00,3
2241_514412_514080,17.80,5
2524_516103_515171,4.69,4
243_513141_513142,36.82,144
2473_514076_514443,28.87,4
2402_519049_500751,28.86,2
2521_514319_514317,22.39,2
2521_514319_514318,14.33,69
131_500750_500850,24.00,716
2212_518061_515148,53.31,3
2121_514400_500160,13.74,4
2121_514097_514152,9.04,2
2243_513254_500103,11.23,12
2841_514538_514050,18.23,2
3122_511163_511164,18.05,410
3172_511257_511493,24.88,23
2401_514387_514262,28.05,72
150_502901_502951,29.99,498
3011_501001_500601,12.69,4
999_-1_511496,0.70,2
2211_502351_511324,31.07,1
2121_513253_512200,2.66,1
2121_513253_512209,7.10,1
243_513141_513163,9.96,1
334_513011_513012,22.00,416
2212_502301_515030,37.25,1
2273_516036_516040,26.71,1
142_501251_501301,17.50,206
2473_514541_514278,53.69,1
2841_514538_514049,25.58,315
142_501552_502351,22.18,641
2473_515143_516127,16.73,322
2121_515009_515019,42.08,263
2471_515015_515151,20.12,1
150_-1_502601,11.86,9
2841_514538_514048,13.80,54
373_500056_517015,13.25,6
318_511339_511221,41.16,2
2473_515143_516128,24.40,5
2121_515009_515015,10.99,1
2212_502301_515029,9.28,1
2121_515009_515013,21.17,1
2274_517190_517208,15.47,393
2841_514021_514467,40.36,327
150_-1_502600,21.34,2
376_517172_500058,9.98,1
2402_514155_514112,21.57,1
2273_516036_516032,35.43,1
2801_519159_518178,36.91,102
2273_516036_516034,7.06,36
2273_516036_516038,23.97,281
2121_515012_515237,44.77,258
334_513011_513021,13.76,1
272_511235_-1,55.08,1
2243_514414_514413,28.36,31
2101_511234_511011,36.32,315
2524_502900_512022,0.17,1
2121_515012_515238,38.18,1
352_515018_515022,20.54,105
2274_517190_517211,17.46,5
2101_511234_511005,7.74,40
2274_502551_500105,33.44,320
2401_514396_500161,7.81,1
2121_500160_-1,0.02,1
2524_516267_516245,38.83,3
142_514206_-1,15.92,19
2524_516267_516244,19.59,583
3122_511163_511182,0.06,1
2273_513254_512019,33.83,281
131_500700_502300,0.19,2
2301_513016_512154,12.22,229
282_514262_514285,26.96,4
150_502650_502600,30.48,399
2141_511282_514001,17.45,38
142_514215_514214,16.66,174
2472_516010_518061,41.12,8
322_512122_512093,17.87,110
2472_516010_518063,16.85,335
324_512167_512166,26.58,24
324_512167_512169,10.93,1
324_512167_512168,29.34,120
271_516250_511311,46.78,3
324_512167_512170,24.26,1
131_501701_501853,65.52,2
373_517165_517247,21.37,139
2211_516092_516264,14.31,1
2273_502150_502100,14.21,71
452_502900_502850,28.34,155
385_500161_514529,26.66,1
131_501450_501500,17.46,762
311_511194_511192,36.17,1
140_501052_501250,6.01,1
2471_514382_515008,46.61,1
2243_513300_513327,32.41,1
373_517126_517159,17.12,450
373_517126_517156,10.16,20
2211_516085_515026,43.90,2
2521_518151_518082,17.01,1
2301_501401_500601,15.11,4
2141_515009_515045,24.36,14
2472_501850_501900,31.40,448
421_501951_502201,8.56,1
131_500450_500400,13.81,65
3722_517222_517035,4.48,44
3722_517222_517038,5.54,1
3722_517222_517037,10.66,11
2274_517215_501900,12.51,1
3371_513077_513182,14.76,1
3411_514271_514331,0.17,1
2242_512104_512133,10.59,122
2401_500750_501550,12.66,71
2141_516107_516108,18.62,150
272_516070_516072,20.69,334
322_512122_512089,35.29,1
271_511491_511098,0.12,1
271_511425_511242,12.27,3
3121_511369_-1,2.64,4
272_516233_501950,14.72,425
131_500401_500451,8.85,154
2242_512104_512147,32.61,2
2211_511320_511033,25.64,1
2242_512104_512148,51.74,1
2212_513254_512019,33.80,334
3371_513077_513195,20.29,1
2273_502303_501101,0.04,1
2121_512018_512004,17.96,2
2473_516083_515189,56.19,2
2121_512018_512003,11.33,1
3121_511291_517272,10.70,36
2473_516083_515188,27.82,1
3121_511291_517275,27.16,2
2471_514382_515061,36.26,1
3413_514467_514021,17.07,15
2274_513254_512024,11.35,19
2102_519022_501400,2.27,1
2102_501000_516221,5.64,1
2472_518063_503001,16.51,1
2301_512004_513252,33.33,1
2521_518151_518016,7.04,1
421_502300_502051,18.17,3
2274_513254_512017,9.42,1
2472_516010_518005,14.83,51
336_513167_513166,13.24,69
2212_513107_513256,28.57,1
373_517247_517162,14.22,5
2473_514377_514381,2.91,1
3191_511359_511247,24.36,80
373_517247_517163,16.23,6
2473_514377_514384,34.54,1
3781_-1_517076,2.44,3
373_517247_517165,21.03,818
452_502350_500600,21.59,205
385_500167_500161,19.24,326
2301_512004_513260,10.88,17
2121_513006_514097,12.39,1
2273_516025_502050,10.57,1
3131_511408_511226,18.89,2
2274_513254_512007,26.13,1
2212_513035_513290,27.11,467
373_517182_517015,12.09,1
2242_513218_513224,11.08,156
2301_513272_513273,19.80,440
3192_511183_511070,37.38,218
2472_516010_518013,28.10,1
142_512023_502350,19.42,618
2141_515042_515043,19.78,141
334_504006_513021,20.54,390
377_516197_516198,27.49,268
321_513047_513041,40.67,1
2141_515042_515041,11.57,43
2301_512069_513279,18.35,2
131_501450_501550,21.65,5
2473_515036_502600,45.76,2
321_513047_513046,3.86,139
3132_511267_511467,13.28,3
427_501951_501855,19.22,428
2242_513218_513235,22.11,385
2242_513218_513236,24.94,5
2273_514558_514399,16.82,117
2401_514156_-1,5.55,1
3192_-1_511187,25.59,3
2274_512149_512154,26.05,342
2141_515009_515019,42.30,112
272_500800_516235,22.33,1
150_502950_502900,48.63,446
332_513217_513014,14.47,50
2524_515140_515028,37.04,494
3132_511267_511478,25.24,123
3131_511267_511480,60.43,2
2121_500160_514278,21.17,1
334_504006_513011,9.78,1
217_511043_502200,2.83,1
2212_514137_514013,25.52,1
2104_501501_501451,8.74,119
131_-1_501852,28.33,5
131_-1_501853,2.72,3
3011_512001_515001,22.73,239
282_513233_514285,3.57,1
370_519107_519264,24.47,1
2121_502301_511298,34.49,1
2274_513254_513265,21.02,3
2401_500750_500161,6.27,1
2473_516234_516089,10.52,1
427_512001_512023,25.53,1
2274_513254_513261,37.39,1
2273_513114_513063,55.23,2
2121_502301_511281,16.60,10
2121_502301_511282,20.38,3
2121_502301_511283,37.79,1
2121_502301_511284,65.86,1
1571_501752_501700,13.71,229
334_513068_504006,13.93,101
3441_514173_514276,32.89,435
3441_514173_514277,12.64,2
2274_513254_513257,34.62,2
431_500250_504019,17.16,1
2274_513254_513259,41.15,1
2274_513254_513253,35.83,288
2841_514081_514076,25.01,85
140_500163_500159,11.78,428
2273_501101_502303,12.45,1
2212_514001_511281,25.40,8
2473_515057_515132,38.00,273
2212_514001_511282,23.78,375
3122_511176_511174,12.77,1
2212_514001_511275,71.41,1
3122_511176_511175,9.49,35
2473_515064_515025,14.55,2
3122_511176_511177,18.95,449
421_500104_502300,15.44,2
2301_512007_513273,18.58,1
2212_514001_511277,2.34,1
3122_511176_511173,17.29,1
282_513233_514262,22.05,11
2141_502301_511222,11.94,1
2301_512007_513271,14.29,159
2301_512007_513272,23.73,494
3172_511111_511121,28.31,1
3721_517222_517223,13.33,564
2402_513292_513303,15.83,1
2273_518030_518153,26.47,1
2121_513325_500203,17.70,2
2242_512202_512152,17.55,1
3413_514055_514054,18.07,6
2121_514218_514097,8.04,11
282_514262_514312,8.89,58
3413_514055_514056,25.25,183
421_501951_502151,5.70,1
2471_515149_515069,31.82,1
2273_513114_513049,7.68,6
3121_511372_511401,20.66,1
3121_511372_511400,27.46,3
3172_511343_511184,19.23,2
1472_501650_501600,18.10,60
3172_511111_511110,27.89,124
142_514208_514481,27.33,4
140_501052_501200,50.66,2
2471_514384_514371,17.66,1
3172_511127_511125,46.04,8
3172_511127_511124,31.88,2
2471_514384_514373,38.74,469
2801_518041_516135,12.88,1
3371_513182_513188,34.90,2
1571_502801_502851,28.99,624
3172_511127_511126,35.96,10
3172_511127_511128,30.13,22
2141_502301_511281,26.58,8
3371_513182_513192,26.14,418
2141_502301_511282,7.72,4
2104_500751_519021,19.74,5
3371_513182_513193,18.67,28
3371_513182_513194,25.61,3
3371_513182_513195,20.07,2
3371_513182_513196,22.94,12
3132_511470_511475,24.63,10
3132_511470_511476,29.87,3
150_500950_500751,13.40,3
2301_513252_512019,9.98,140
304_519293_519105,24.99,2
347_514020_514200,33.25,2
304_519293_519109,14.77,1
2104_500751_519025,24.06,1
2273_513035_513309,4.84,18
2211_512046_502351,13.69,4
322_512122_512187,21.69,283
427_512021_502501,19.06,1
3132_511470_511471,20.79,215
3132_511470_511472,0.34,1
2273_501150_501100,10.96,84
2401_514080_514346,19.89,2
131_500401_500353,41.92,627
1571_503006_502701,8.82,117
3132_511470_511467,21.83,133
2472_518058_518060,33.53,358
3132_511470_511464,15.79,5
2243_513326_513203,25.27,1
3132_511470_511465,28.51,2
2102_511281_502301,13.65,207
2473_502103_-1,0.33,1
2242_512163_512130,34.22,39
2274_502100_-1,11.40,18
2801_515174_518189,15.41,3
2301_513268_512041,29.78,514
2273_513107_513105,15.24,118
2273_513107_513103,38.76,1
2141_514377_500160,17.88,1
304_519293_519132,46.13,22
304_519293_519131,28.57,113
304_519293_519130,29.72,43
131_502000_502050,23.27,758
304_519293_519133,63.94,3
2212_513254_500102,22.15,82
2273_516020_516019,13.91,49
2121_512018_500100,11.17,1
3441_514068_514219,20.42,1
2402_514152_514154,24.93,2
2273_516020_516022,38.56,324
2402_514152_514153,29.53,432
2212_516196_516234,29.01,401
2141_502301_511267,2.28,1
376_517152_517072,5.75,1
437_500301_500401,7.37,237
3132_511470_511492,0.17,1
282_514386_-1,0.09,1
2301_513258_500103,21.83,570
2141_502301_511270,0.23,1
999_517015_-1,0.45,1
2471_515012_515061,5.93,5
131_500601_501401,41.21,1
2212_514001_511222,35.07,4
3442_514555_514359,10.39,31
3442_514555_514358,0.23,2
217_511195_511196,24.16,111
2801_515174_518169,28.46,95
2842_503012_-1,29.00,7
2521_515062_515046,32.56,158
150_502901_502851,6.18,47
3441_514176_514277,9.08,22
421_502551_502501,7.90,222
2521_518082_518151,28.93,1
2473_514278_500154,0.04,1
2521_518082_518152,23.17,23
376_517152_517061,33.46,4
2273_514558_514408,16.65,1
357_514543_514249,13.93,2
2521_515062_515040,19.04,29
3191_511215_511496,7.66,5
2121_500202_513032,11.12,1
421_501702_501002,10.28,325
376_517152_517064,10.03,11
376_517152_517065,20.86,514
376_517152_517066,26.81,9
3191_511252_511021,17.29,20
2842_514076_502650,39.88,1
376_517152_517068,8.08,1
2101_511008_511006,21.53,417
375_517168_517169,34.13,359
140_500950_500751,13.00,3
1571_503006_502751,36.69,656
2473_514076_514415,14.26,41
2121_500100_500103,17.72,193
302_519071_519266,14.02,13
2241_513107_513300,14.18,109
2212_515147_515030,24.65,79
2102_516225_511103,9.69,22
385_514530_514551,26.86,308
2101_511008_511012,24.98,12
2301_500951_-1,34.90,14
303_519081_519082,21.76,334
2841_514025_514027,4.24,1
385_518119_518189,20.09,115
2841_514025_514026,17.10,281
2841_514025_514024,30.87,35
3371_513084_513083,10.32,6
3372_513198_513080,15.28,3
2211_519174_519284,29.00,8
2212_515147_515029,19.65,1
3171_-1_502302,18.34,29
2241_514412_514154,23.03,94
3141_511346_511249,14.59,144
2274_502100_502551,25.38,3
304_519129_519144,24.63,271
272_512040_513270,15.20,126
2241_514412_514150,42.27,252
303_519081_519092,21.73,43
2473_514076_514431,11.42,1
271_517213_-1,0.08,1
282_503004_503001,31.48,16
2121_513251_513032,21.51,84
3442_514087_514533,11.71,3
2121_502301_511222,17.34,5
2243_513058_513112,36.12,1
2301_500203_512017,40.88,1
2102_516205_516130,44.28,1
385_518188_514551,18.40,22
2241_513107_513327,41.02,207
1571_502601_501850,25.45,1
3141_511346_511250,22.00,551
2243_514156_514345,15.08,40
2101_516068_516069,10.30,110
2524_512022_502350,38.81,5
2102_519062_501000,10.94,1
3172_511343_511111,5.78,1
1571_501703_502950,18.96,1
1571_501801_501751,28.31,766
2212_514001_511298,34.75,2
373_500056_517076,7.71,9
2102_516205_516129,28.71,294
2273_513114_513014,11.81,1
385_518119_518120,19.00,326
2301_500203_512024,6.06,1
2101_516052_516050,14.28,87
3413_514051_514553,15.67,1
357_514484_514326,21.38,3
3191_511199_511229,41.43,175
272_502400_500952,0.31,1
2211_502351_511272,12.46,1
2273_516022_514002,0.07,1
2101_516068_516063,4.45,7
2212_514001_511283,48.57,1
2101_516068_516066,27.40,366
2212_513114_513049,31.13,21
2274_502551_512044,14.04,123
2211_516268_516266,7.66,1
377_517200_516187,19.50,54
2242_513232_514313,25.90,1
2801_518179_518178,5.43,21
2801_518179_518180,24.38,94
371_517032_517029,3.67,1
2121_502301_511275,4.01,1
2101_516052_516054,27.23,291
373_500056_517093,5.52,1
3172_511343_511130,53.33,2
2121_502301_511277,17.28,1
3011_512133_517002,29.61,5
1571_502751_503006,20.77,87
371_517032_517031,3.00,153
2842_514086_514559,40.33,303
371_517032_517033,17.43,675
322_512089_512121,5.95,20
375_517168_517147,29.79,1
3442_514068_514161,39.70,1
2243_513254_512019,30.75,95
271_511098_501855,16.44,2
2473_515057_515189,24.32,53
2212_514137_514002,32.29,1
347_514056_514055,8.31,221
385_514530_514529,6.93,3
1472_501150_500152,25.53,1
3124_511296_511487,48.50,4
2212_516168_518058,43.61,1
2471_515007_518012,22.05,1
2212_513327_514009,28.08,1
2212_513114_513063,28.56,5
2472_518058_518003,1.76,1
272_516078_519021,24.72,30
2521_513149_513230,15.76,54
999_514206_-1,55.24,1
1571_501703_501653,29.18,719
2401_514262_501550,20.07,1
3123_511388_511286,19.89,301
2471_517175_500154,18.26,1
2471_514367_514370,6.91,2
2472_500154_503006,64.41,1
2102_516206_516212,23.97,1
2841_514469_514190,24.68,356
2104_511349_511301,61.35,3
2121_515023_515196,19.18,340
321_513027_513026,5.13,51
142_514206_514039,42.03,4
2473_516090_515153,0.43,1
352_515158_515157,31.57,25
2471_514367_514382,19.39,49
2102_516206_516204,17.46,35
427_500104_500106,15.61,234
2301_500750_500251,0.79,1
305_519112_519079,21.71,315
3133_511225_511456,29.12,288
3452_514396_514342,36.13,26
2121_514001_502600,7.28,2
321_513252_500107,14.55,1
323_512124_500111,0.84,3
3441_514176_514212,20.33,2
4272_512001_513003,24.57,146
2102_516206_516237,25.01,279
357_514341_514279,25.82,1
2842_514086_514088,33.02,2
3721_517037_517150,16.37,199
2842_514086_514087,23.66,1
2841_514469_514172,14.01,9
321_513027_513041,22.28,309
3133_511225_511458,34.75,6
2401_514262_514263,12.75,1
2842_514086_514085,31.29,20
357_514341_514273,39.73,155
2211_511318_511226,1.97,1
2104_519022_519290,22.18,303
142_514428_514201,33.57,443
2842_514086_514092,12.25,1
1571_501403_501003,13.31,84
2473_515028_516082,19.79,2
2521_512195_512111,12.54,3
2473_515028_516081,17.47,273
306_519192_-1,13.29,17
352_515136_515137,26.11,85
305_519112_519043,19.20,60
142_514428_514200,32.16,14
2101_500900_519021,44.99,2
2121_514415_515021,28.27,4
2401_514156_514345,17.10,111
347_514213_514210,19.49,5
347_514213_514212,22.07,179
2102_511239_511102,33.99,203
2102_511239_511103,10.69,1
347_514213_514214,34.08,776
142_501250_501150,25.45,1
1472_501300_501250,8.30,184
2212_511283_515029,6.17,1
3011_518001_501001,16.35,245
3452_514454_514131,21.98,1
2101_500900_519025,14.63,1
2472_518060_517011,31.99,1
2141_514382_514367,38.55,138
2801_519205_519281,19.22,1
2104_516217_516213,21.45,2
2842_514219_503012,25.60,1
2121_515023_515153,14.16,1
217_501853_501854,20.45,66
2801_519205_519283,29.04,6
1571_501800_501752,10.26,238
3452_514130_514128,16.86,19
2141_511230_511416,43.01,104
2141_511230_511417,24.16,2
2842_514379_502650,21.80,110
305_519161_519038,30.75,320
2141_511480_511481,36.79,124
2274_512210_512017,17.84,108
2211_511322_511329,41.02,1
2471_516134_516093,27.00,450
2211_511322_511324,31.00,74
150_503005_502851,1.49,1
2104_516217_516219,15.26,82
2241_513111_513327,17.76,1
3452_514130_514134,26.57,1
3413_514055_514552,27.18,2
2841_514193_514278,9.04,2
3452_514130_514132,23.47,216
2104_516217_516215,26.22,252
3411_514326_514246,22.24,116
2141_511480_511479,19.37,22
2102_516206_516238,27.28,1
2274_513271_513272,25.49,1
2402_518030_513215,33.39,1
142_501301_501251,15.57,625
2211_511322_511318,52.11,2
131_502300_502250,8.40,2
2274_517131_502100,9.23,43
131_502300_502251,36.06,569
385_514529_514293,7.52,1
452_502850_502900,7.48,31
2841_514023_514024,26.62,271
2211_511322_511320,25.46,336
321_513041_-1,9.47,10
3452_514245_-1,0.15,1
1571_501850_501603,0.05,1
2841_514023_514033,19.86,1
2473_516090_515143,32.98,13
2121_513009_513008,18.28,34
2473_516090_515142,23.37,356
2524_512022_516268,15.51,1
2841_514023_514039,28.03,1
4272_519165_519164,12.38,60
3011_519176_517002,17.43,296
4272_519165_519166,18.58,163
427_519266_519165,21.94,9
427_519266_519164,22.59,360
2521_515120_502650,30.60,19
306_519068_519281,10.01,1
2102_501400_519062,40.20,2
2102_501400_519061,6.45,1
3441_514277_514176,31.97,466
2524_515171_501452,35.83,2
3441_514277_514174,19.63,148
2301_513267_512117,13.98,162
333_513043_513052,16.62,2
333_513043_513051,12.20,1
2141_515054_516108,27.90,5
2102_519061_519148,14.49,33
2273_516044_519020,42.27,1
2104_516217_516262,11.18,1
2121_504008_513165,9.16,140
304_519264_519107,50.41,2
2301_513251_513253,31.32,379
3372_513038_513037,14.33,100
2273_502251_518153,0.34,1
2402_513136_513130,18.32,2
452_502851_502751,15.71,23
2212_518063_518061,33.49,387
2212_514014_514399,16.47,2
2102_-1_516220,0.13,2
2301_513251_513259,11.99,1
2104_500952_519025,22.88,247
2211_511319_511100,18.82,5
2274_513015_500107,2.27,1
2301_512178_513273,11.87,161
2402_513136_513138,7.77,12
373_517093_517090,17.50,2
2104_500952_519021,42.35,4
2121_514368_500155,18.41,2
373_517093_517091,26.58,549
2402_513136_513134,22.10,290
371_517029_517083,15.88,1
2841_514192_514421,20.07,47
243_513151_513150,12.80,52
2524_516096_516094,10.61,55
2102_-1_516218,0.48,1
2521_512195_512194,18.40,48
371_517029_517084,17.69,9
243_513151_513152,26.15,198
2273_513231_513114,28.28,1
2402_514154_514153,20.27,106
2402_514154_514152,89.33,1
357_514207_514544,20.42,1
2402_514154_514155,21.55,485
2211_512112_511033,39.21,1
3452_514453_514243,18.07,1
2242_512163_513234,13.99,1
3131_511324_-1,0.08,1
2102_501400_519059,11.43,2
2402_501552_513291,3.40,2
352_514448_515238,25.74,91
2401_514263_514156,42.93,1
427_519266_519138,9.27,149
3411_514020_500165,23.82,145
2121_502301_515141,25.53,1
2102_-1_516206,0.14,1
385_500161_514426,22.70,1
427_512001_502400,15.93,61
333_513043_513045,14.18,10
2102_-1_516202,2.94,4
3442_514353_514065,20.90,259
333_513043_513044,14.10,358
333_513043_513041,16.09,9
333_513043_513042,17.21,40
2121_515019_515011,37.54,277
2102_511242_511305,18.92,51
2121_515019_515015,42.36,2
2472_514137_514138,40.53,332
2524_502951_502901,12.31,192
371_517029_517023,7.35,1
371_517029_517027,37.97,2
2801_519281_519283,71.53,1
371_517029_517026,62.79,1
2102_516207_516129,31.15,2
371_517029_517028,31.56,19
427_502101_501951,32.75,422
333_513293_513055,47.09,1
271_-1_501851,3.83,3
333_513293_513051,17.61,1
2242_512213_512212,33.95,1
3371_513094_513100,7.53,2
2242_512213_512214,26.69,449
142_501351_501151,8.04,1
3411_514030_514031,22.07,484
3411_514030_514032,25.51,5
142_514535_514039,43.30,3
271_-1_501855,3.86,13
2121_515019_515009,20.19,5
302_519074_519123,15.91,1
302_519074_519124,4.36,7
302_519074_519122,22.83,3
2121_500203_504015,29.28,432
371_517029_517015,17.48,6
302_519052_519127,35.14,1
217_511361_511215,11.69,6
2274_501551_500601,22.85,485
421_501950_502200,25.80,3
2473_516128_514401,0.24,1
304_519264_519109,27.58,265
304_519264_519108,23.86,50
2121_512018_513260,29.59,2
2212_516195_515143,21.26,1
3442_514353_514092,18.71,10
2121_512018_513262,41.18,287
1571_502601_-1,0.07,1
355_514196_514195,19.62,16
355_514196_514197,37.53,164
150_500751_501550,17.82,67
2274_500601_513279,31.10,1
3351_513239_513240,14.91,524
371_517029_517030,21.21,592
3351_513239_513241,12.27,2
3351_513239_513243,27.18,1
371_517029_517031,27.61,4
3411_514052_514051,12.92,172
311_511265_511264,18.21,132
3411_514052_514054,17.21,1
371_517029_517033,16.81,1
3411_514052_514053,19.11,356
2121_512018_513258,51.99,1
4272_519164_519266,15.14,33
302_519073_519280,0.22,1
323_500109_-1,7.65,1
421_502351_502451,29.17,5
452_503005_502651,1.21,1
371_517033_517083,19.70,511
318_511251_511020,31.48,218
333_513293_513029,20.89,67
272_513264_502100,32.84,1
373_-1_500056,11.46,5
2521_502750_518058,24.38,10
318_511251_511016,19.20,32
2121_515012_500103,0.28,1
142_514481_514233,40.20,10
3171_502302_511162,10.77,195
4272_519266_519138,8.32,73
2473_502100_502103,15.97,166
2243_500103_514027,9.66,1
2471_515238_515010,7.68,2
2842_514415_514379,18.96,1
142_514481_514249,30.49,7
2273_502303_518027,0.43,1
2841_514192_514376,36.84,1
427_519164_519266,15.46,83
2524_502951_501501,2.81,1
373_517093_517129,0.12,1
142_514481_514246,30.14,12
2471_515238_515014,33.60,365
427_512001_513003,23.48,337
333_513293_513041,20.37,2
3452_514349_514126,16.02,1
3192_511070_511183,33.63,25
3192_511070_511187,9.83,8
142_514054_514056,2.31,1
142_514054_514055,40.95,428
3442_514067_514351,9.89,3
3442_514067_514352,19.38,61
302_519126_519076,9.50,1
427_519270_519164,13.16,1
3441_514276_514277,32.26,4
2471_514376_515018,7.41,1
333_513042_513276,28.26,5
2473_517178_501950,15.22,395
352_515137_515043,20.05,114
352_515137_515044,6.40,1
2241_514154_514080,23.70,49
3441_514174_514427,5.14,1
2521_518110_518100,59.60,1
2402_513100_-1,37.37,1
421_502451_502501,18.36,859
2211_511468_511106,26.70,2
427_519138_502401,28.43,9
2402_514410_514414,8.39,1
2402_514410_514413,26.29,354
2401_514157_514133,9.68,1
3442_514071_514427,30.61,4
2402_514413_514013,27.20,4
3452_514346_514460,21.06,125
271_511098_517212,26.60,1
2102_519062_519059,13.44,101
3371_513094_513078,13.06,1
4272_519266_519164,22.12,155
150_500851_501550,5.59,8
3411_514026_514025,5.43,19
3411_514026_514027,23.57,357
2243_514322_514032,3.51,5
3371_513094_513080,35.38,1
2273_513327_513062,20.95,1
2301_512008_513016,3.19,1
2402_514410_514409,13.67,67
2243_513325_513058,3.78,1
3131_-1_502311,3.96,6
385_514531_514532,13.90,6
373_517093_517159,12.10,135
377_516248_516124,32.25,256
2801_519153_519281,3.13,1
2211_518045_-1,23.57,1
2273_516028_516034,31.82,1
371_517033_517032,13.37,241
2273_516028_516030,34.08,327
271_517178_501851,10.19,5
2141_514076_514377,12.70,120
2212_515148_502301,0.06,1
2102_511238_511301,26.72,43
302_519126_519043,7.77,1
142_514481_514207,28.48,12
2104_501451_501405,13.13,84
131_504016_502300,27.47,1
142_514481_514206,26.01,8
2301_500251_513015,15.21,2
3452_514019_514314,11.39,3
2301_512178_512024,16.68,501
142_514481_514209,10.90,1
142_514481_514208,18.10,3
3371_513094_513077,32.41,5
140_501301_500751,10.40,1
2101_511348_511011,14.43,41
3411_514048_514054,20.88,1
421_502451_502551,0.45,1
2241_513062_513013,14.05,87
3722_517035_517034,4.69,33
282_514348_518077,11.43,1
2121_514080_514157,13.06,91
2273_516028_516026,13.97,125
2273_516031_516122,31.79,321
2301_500601_501551,9.42,229
2471_514076_501850,9.50,1
2243_513104_514014,14.63,131
3452_514019_514349,4.32,5
421_502351_502501,18.50,2
375_-1_500055,23.48,1
3441_500162_514277,30.67,1
323_512124_512085,13.24,204
142_514481_514210,54.41,1
3411_514048_514047,21.76,90
3422_514086_514559,38.73,257
3411_514048_514049,44.57,2
2471_514417_514541,26.91,1
142_514481_514213,102.48,1
142_514481_514211,23.82,1
3411_514480_514331,0.08,2
2102_519062_519021,4.44,2
2841_514549_514039,42.31,11
2242_512214_512130,20.94,345
142_501200_501250,28.98,551
2841_514549_514036,23.21,134
3371_513094_513095,27.33,327
3371_513094_513093,20.83,155
3452_514451_514450,13.64,37
3452_514451_514452,7.70,1
2121_513163_513165,32.65,246
427_513003_501652,16.70,2
4272_519270_519138,17.69,182
2273_516027_516122,13.27,87
324_512165_512167,21.97,5
324_512165_512166,29.59,118
3191_511247_511244,37.29,45
324_512165_512168,27.86,2
2212_513252_513114,34.81,2
2473_516089_516085,16.88,3
2211_515146_516089,38.27,1
421_502300_501552,10.42,1
272_512117_513267,20.98,353
272_512117_513269,13.90,1
2211_515146_516085,11.25,13
272_512117_513263,22.10,63
272_512117_513264,9.56,11
3441_514276_514212,23.25,6
2121_515146_515161,12.02,1
324_512165_512176,12.90,1
373_517043_517156,26.98,449
352_515238_515014,37.42,88
3452_514451_514454,21.78,1
3452_514451_514453,25.65,1
2141_502301_514001,25.96,139
373_517043_517159,6.55,1
427_519165_519164,18.35,96
3192_511071_511068,22.18,22
3172_511344_511136,52.82,3
3452_514019_514386,24.47,226
2524_502951_501551,10.83,1
3192_511071_511059,27.94,1
421_-1_502300,11.35,38
142_501301_501201,20.84,1
3192_511071_511074,36.88,1
2471_516134_516112,5.82,58
2471_501850_514443,50.89,1
2524_515171_512020,47.01,1
2842_514090_514092,21.72,4
2402_519045_514116,16.63,53
2842_514090_514091,22.58,586
324_512165_512155,5.19,2
385_514531_514508,40.66,5
3442_514369_514368,66.30,3
385_514531_514507,27.06,419
2101_516058_516060,31.59,330
2273_513327_513013,25.72,413
2301_513268_513270,33.72,208
311_511496_512002,14.66,3
3441_514069_514427,1.70,1
3121_511291_511294,9.30,5
3452_514451_514434,15.08,1
2521_512105_502401,0.20,1
334_513111_513307,20.79,136
2121_515146_515141,21.77,339
3422_514090_514559,26.19,1
2211_511318_511320,10.99,100
2842_514090_514088,18.90,138
142_501300_501350,36.78,518
3452_514396_514245,35.32,5
427_519270_519138,22.54,410
3452_514347_514346,34.78,146
305_512009_513003,22.87,306
2801_519153_519205,36.45,11
3441_500162_514212,28.97,1
3441_500162_514213,24.42,1
306_519069_519080,19.67,353
142_501350_501300,10.43,114
2121_515013_502600,20.17,1
2101_516058_516056,20.23,131
3191_511247_511204,17.37,36
3441_500162_514219,23.60,590
2101_516058_516050,78.34,1
305_512009_502350,20.65,55
3172_511344_511111,20.78,2
373_517043_517126,25.40,22
377_516248_516195,28.84,2
2471_514401_514367,41.72,14
2242_514346_514133,31.65,360
347_514214_514054,30.53,4
1571_501653_501003,17.87,6
2141_511230_511491,7.31,31
2273_516026_516279,8.85,60
2211_516245_518034,23.43,1
421_501951_502051,4.93,209
2473_515025_515141,17.24,103
2473_515025_515140,2.97,1
3121_511291_511235,33.01,119
421_-1_501002,70.69,1
2401_514342_514119,33.55,1
142_514326_514474,23.12,460
2273_518021_518023,29.39,309
2471_501850_514415,12.01,1
2121_512017_500100,15.53,1
2301_513252_513050,17.99,4
336_513166_513311,28.42,1
2102_516211_516209,26.56,300
3442_514427_514161,24.15,2
385_514426_514529,28.49,7
2273_518021_518016,29.97,1
2102_516211_516205,20.43,1
2273_518021_518019,24.05,51
2301_513252_513049,23.39,545
2121_513163_513153,25.38,158
306_519069_519079,14.64,137
2242_514346_514154,13.76,112
131_501951_501901,23.69,638
2273_516032_516030,14.07,118
2471_514401_514382,33.94,480
332_513231_513014,25.15,482
142_501201_501151,19.22,557
2273_516032_516034,40.74,278
357_514079_514278,14.03,5
2211_516266_518194,10.61,1
2273_516032_516026,39.69,1
282_518077_514019,16.56,1
355_514195_514214,34.13,9
355_514195_514213,42.69,1
2471_515149_518012,22.67,464
2273_518021_518025,34.92,1
2102_516211_516213,15.97,64
2524_516094_516264,55.38,1
2102_516211_516215,27.26,1
2121_511275_511277,25.03,1
142_514210_514211,33.46,542
3441_514054_514215,16.01,2
441_500159_501854,13.45,4
318_511257_502314,27.37,2
2401_514262_514120,10.45,28
2841_503007_502700,26.06,400
318_-1_511339,9.61,11
3372_513079_500251,24.90,1
332_513167_513227,47.94,1
3191_511246_511245,21.67,10
3172_511085_511126,41.23,1
271_511230_511417,40.10,3
427_502101_501855,13.05,9
3172_511085_511128,21.97,3
271_511230_511416,34.86,222
3172_511085_511129,28.65,8
3411_514474_514331,15.66,360
140_501403_500751,0.67,1
306_519069_519051,18.80,1
2242_513328_513219,28.57,427
1472_500163_-1,25.77,32
142_514210_514209,94.89,1
2242_513328_513216,4.60,63
142_514210_514208,43.01,1
333_513029_504005,21.70,4
2524_518085_518084,15.76,229
2402_500157_513100,16.23,9
2121_511275_511298,29.19,64
332_513167_513231,12.05,7
302_519074_519040,11.31,59
2212_514014_513104,11.77,182
2841_514193_514192,27.71,96
311_511215_511232,17.35,308
2473_515025_515028,29.07,1
3411_514474_514326,24.40,62
2274_513271_512005,7.89,68
272_519290_501405,11.56,1
2242_513328_513220,23.41,6
2274_513271_512007,21.17,395
306_519072_519280,38.66,1
271_516172_516128,20.28,215
3781_517030_517083,25.14,3
2841_514024_514025,25.34,307
2521_512194_512195,28.18,184
332_513167_513209,24.44,2
2841_514024_514023,33.15,39
150_-1_501550,10.62,2
3192_511187_511183,27.05,29
311_511215_511265,9.82,1
2274_519027_519029,14.08,12
302_519280_519266,20.77,55
2274_519027_519028,26.86,360
131_502300_502101,3.85,4
2211_501502_502351,31.94,259
2211_516244_518034,35.08,2
352_515070_516107,23.82,17
3721_517037_517038,20.08,80
2104_516216_516257,15.42,69
150_503005_502751,36.84,456
3121_511235_516277,18.00,184
318_-1_511343,46.78,1
311_511215_511255,10.20,1
311_511215_511254,18.13,2
3121_511235_516276,34.91,23
2141_514369_500160,11.85,103
150_501550_500950,37.10,8
427_501701_501651,29.55,388
142_501301_501351,12.01,93
3131_511034_511456,27.31,1
3124_511439_511440,20.46,4
3124_511439_511443,5.97,4
3124_511439_511444,9.23,2
2402_500157_513140,7.32,1
131_502300_502151,14.31,5
2104_-1_516215,3.82,1
2472_516009_518005,29.66,1
2273_500102_518022,20.74,1
2524_502950_502900,56.31,453
3191_511246_511207,46.46,214
3191_511246_511204,24.80,1
2211_511100_511223,17.66,208
3191_511246_511208,47.43,2
302_519074_519075,28.71,379
302_519074_519073,0.11,1
3191_511202_511201,21.43,1
3191_511202_511203,36.91,229
2211_-1_512112,16.21,3
1571_501850_501703,28.28,1
431_500353_502303,7.58,1
347_514405_500156,18.58,6
2102_511242_511279,39.18,220
347_514214_514213,13.19,115
3124_511439_511438,12.70,9
347_514214_514215,30.05,930
2102_511242_511284,10.63,1
2102_511242_511281,22.51,3
2104_514001_501405,45.13,2
2102_511239_511238,18.30,24
2472_518005_516010,35.78,358
2274_500601_512008,6.54,2
1571_502651_503006,14.43,2
3172_511121_511116,29.25,186
3172_511121_511113,57.02,2
2472_516009_518010,17.94,381
3172_511121_511114,26.94,115
2121_516192_516138,39.57,268
2524_515054_515171,0.01,1
2121_515145_515144,18.04,41
355_514195_514197,33.96,1
355_514195_514196,31.60,166
355_514195_514193,1.27,1
355_514195_514192,42.93,1
452_503005_502701,10.27,46
2842_514090_514220,21.78,4
2473_502051_516232,0.33,1
2401_514261_514260,20.40,27
2402_513136_513215,13.18,1
2274_512003_512017,43.47,1
243_513152_513153,30.38,185
2274_512003_512024,41.25,1
243_513152_513151,13.06,73
421_-1_502500,28.40,1
3413_-1_514051,13.76,7
271_511311_511313,27.39,207
2101_516057_516110,35.18,16
311_511215_511213,18.56,1
3191_511044_511361,33.41,231
271_511311_511309,8.16,58
2211_501502_502315,11.79,1
2471_501850_514369,8.00,1
2273_517200_516025,14.49,77
271_511428_511427,5.15,5
2242_512212_512213,12.10,1
2801_519205_519153,29.65,111
2274_502000_-1,40.93,9
2401_514397_501550,0.18,1
2524_516097_516081,7.61,1
2524_516097_516087,37.99,91
2121_513009_514218,48.76,1
2841_514039_514171,25.13,300
2212_513103_513105,22.36,276
355_514195_514175,8.91,1
2402_518030_514410,2.38,1
2121_515145_515161,19.03,21
352_515157_515166,13.31,4
2212_513103_513107,32.16,2
3121_516277_517272,17.89,3
2121_502301_515009,53.95,1
2212_513103_514410,38.23,1
140_501052_500159,13.29,133
332_513250_513209,29.03,569
302_519052_519067,13.53,323
2472_516131_516132,33.93,323
2472_516131_516133,14.69,1
2301_500250_513050,62.49,1
142_501250_501200,12.49,165
352_515136_515072,30.37,3
333_513054_504005,10.57,1
2212_513103_514409,28.06,1
272_519022_519026,35.66,1
371_517083_517031,19.29,9
142_500751_500851,23.84,574
371_517083_517033,7.31,70
2473_511310_516231,26.43,276
2101_516059_511006,47.10,1
2102_519061_519022,94.16,1
3781_517030_517031,16.98,303
3781_517030_517032,17.11,2
302_519052_519051,18.92,55
2841_514468_514186,22.19,85
3781_517030_517029,18.10,71
2471_514367_514417,20.26,1
3422_514070_514427,28.11,395
131_501852_504009,7.50,1
271_511230_511491,28.75,9
3191_511195_511196,30.63,249
421_502401_501552,12.54,1
3191_511195_511197,27.63,2
306_519073_519161,33.45,314
2104_511349_511237,43.37,192
3371_513095_513106,1.60,1
3172_511020_511111,17.25,182
3172_511020_511110,27.67,42
2471_514367_514401,39.73,1
2841_514481_503007,0.02,1
3124_511439_511497,21.47,81
2471_514367_514400,42.96,352
142_501351_501251,0.34,1
2141_511408_511100,30.09,162
302_519073_519124,0.04,1
2121_502301_515025,35.00,1
2121_516192_516194,71.50,2
2524_518036_518034,24.02,671
2212_513254_514010,23.90,1
217_501854_501853,56.41,2
385_514532_514531,25.96,361
2274_500601_512070,18.19,471
3122_511290_-1,5.59,9
999_500100_-1,0.18,3
2274_513253_502100,32.24,1
2521_512195_512057,19.53,197
142_514482_514039,52.92,1
452_502851_502601,1.32,1
2212_513254_514003,52.75,1
377_516247_516248,41.14,221
2274_517102_501001,44.35,6
2121_514374_514541,5.57,63
452_503005_502751,33.81,143
2212_514009_513113,28.40,1
352_515136_515043,14.71,5
2842_500164_514559,37.11,1
2212_514009_513111,30.93,1
371_517083_517084,15.36,588
3141_511038_511265,16.71,1
3781_517030_517076,12.23,1
323_512124_512014,16.65,48
2243_514465_-1,14.62,19
318_502314_-1,9.95,16
2121_502301_515042,2.25,1
1472_501300_501350,37.85,700
2121_502301_515043,24.07,2
2212_513254_514014,54.06,1
4272_519164_519165,14.03,168
4272_519164_519166,8.64,1
332_513250_513246,24.14,43
271_511230_511469,55.39,1
3442_514087_-1,7.22,3
1472_501703_501351,2.60,1
2473_502103_515057,25.81,1
3172_502304_502313,8.47,100
2121_514369_500155,20.29,387
332_513223_513246,19.77,3
3442_514067_514427,19.18,5
2402_514153_514152,19.94,127
3172_511122_511021,25.64,3
2402_514153_514154,31.93,408
2402_514153_514155,3.57,1
2273_500102_518077,1.08,1
2274_500601_512069,21.22,1
2402_514002_514409,29.16,305
2242_512006_512213,30.45,343
3172_511085_511111,3.93,1
2242_512006_512212,10.01,105
2242_512006_512211,0.98,1
2242_514121_514313,17.96,205
2402_513140_513139,8.12,44
2212_514009_514410,20.95,117
2242_512213_512147,25.74,1
3411_514052_514050,15.47,1
332_513223_513227,23.77,399
305_513003_519041,10.39,2
2471_518165_518074,4.59,1
2841_514468_514232,5.79,1
332_513223_513221,19.03,59
2243_514014_514012,33.27,117
3441_514277_514212,37.58,1
2521_515121_502650,12.38,2
2212_514009_514409,42.86,5
353_514309_514308,11.26,70
3351_513239_513238,7.00,122
324_512166_512165,25.36,24
2521_502850_-1,2.03,1
324_512166_512167,28.34,125
2242_512213_512130,19.01,25
3192_511070_511073,25.13,1
3192_511070_511076,6.11,1
2471_515020_515013,32.85,432
421_500800_500602,16.01,287
2471_515020_515015,18.87,8
318_502313_502314,9.76,17
272_516072_501452,18.59,2
2273_516031_516033,19.86,115
142_501200_501150,9.79,174
3141_511264_511250,9.27,187
2273_516031_516027,11.97,2
385_514532_514507,6.74,2
3192_511070_511069,13.03,1
370_517259_517258,24.62,39
271_511310_516231,25.97,222
2473_515059_502650,14.22,3
3411_514030_514029,24.11,148
3411_514030_514027,22.43,1
2101_511005_501405,28.69,6
2301_513271_500251,6.64,1
282_514348_518156,13.88,87
3133_511403_511402,7.17,75
2274_519288_517109,29.67,407
3141_511264_511265,20.66,511
2274_519288_517111,34.18,2
3441_514173_514486,41.91,1
385_500161_514382,36.07,394
282_514019_514386,26.27,284
3452_514349_514019,27.07,176
2524_516080_516087,13.41,1
2524_516080_516086,33.17,2
427_519270_519266,0.36,1
2524_516080_516083,21.77,583
3441_514055_514056,31.78,520
3441_514055_514054,13.30,29
305_513003_519038,20.72,1
2801_519153_519154,19.15,148
3371_513095_513078,36.31,9
3371_513095_513077,30.28,418
3192_511070_511048,30.63,285
2121_504008_513251,36.18,5
2524_515140_516090,26.87,1
2472_518061_518189,24.96,1
2841_514468_514273,2.93,1
3452_514346_514347,24.10,15
2102_501400_519021,7.50,2
2274_512005_513015,18.41,32
2524_516080_516097,14.54,1
2841_-1_503012,13.46,2
2101_502303_516072,5.73,2
2101_502303_516079,0.23,1
2121_515012_502601,20.50,11
2402_519048_500751,15.41,68
2242_512163_513216,4.43,1
1472_501402_501000,19.54,761
2242_514345_514156,23.70,477
2473_515059_502600,21.68,6
271_517212_516233,32.68,232
3452_514452_514241,12.60,63
2301_513267_513269,23.89,370
3371_513094_513188,0.20,2
3131_502311_502312,8.17,19
421_502451_502401,20.17,341
3422_514067_514068,25.60,360
2211_502312_502315,11.62,195
306_519052_519051,13.36,44
437_501550_501500,10.83,350
2141_515026_511489,2.05,1
2524_515140_516092,57.49,1
3371_513094_513195,29.92,5
131_501950_501900,10.35,343
3422_514086_514404,29.91,1
1472_501653_501003,21.56,4
2212_513252_513049,24.82,446
3422_514086_514403,10.02,1
2524_515140_516097,60.60,1
2242_512214_512006,56.15,3
2842_514085_514086,35.08,381
2842_514085_514081,33.82,1
2842_514085_514084,30.51,49
2101_502303_516052,0.12,1
2101_502303_516056,5.03,2
2801_515204_519206,14.36,1
2242_512214_513328,26.52,1
3721_-1_500052,19.10,3
2121_512017_512018,35.02,12
150_500851_501403,17.03,3
347_514215_514055,26.49,1
2121_515025_515042,30.07,6
347_514215_514056,19.95,1
282_514019_514348,1.74,1
2841_-1_503007,19.72,8
2121_515025_515041,18.09,314
282_514019_514349,19.69,54
2473_516088_516090,25.94,333
2101_502303_516062,24.67,1
421_501950_502050,21.92,940
347_514215_514054,27.81,701
2121_514152_514365,17.56,1
3191_511202_511236,50.91,1
2274_513016_512154,13.14,162
131_501750_501800,30.14,697
2211_502312_502351,0.05,1
1472_501603_501003,28.06,731
421_-1_502400,33.05,1
2121_502600_-1,9.13,4
421_-1_502401,36.15,2
2524_502951_501452,24.06,667
2801_519283_519120,15.38,44
2274_512210_513265,20.63,317
1571_501850_502950,0.03,1
243_514218_514097,2.62,3
2211_516082_516088,29.87,1
2211_516082_516084,24.28,341
2801_515204_519281,35.22,2
302_519126_519127,25.56,356
302_519126_519125,22.72,60
302_519126_519124,9.60,5
311_511192_511194,41.49,1
305_513002_519161,34.34,248
311_511192_511193,34.20,404
3441_514068_514468,11.57,2
2842_-1_514379,21.36,3
305_512178_512072,11.58,146
140_500159_500163,15.23,40
2121_515146_515042,24.83,1
1571_502650_-1,5.36,2
2471_518009_516011,15.25,6
3131_511270_511269,6.85,51
2473_514376_502601,18.63,4
282_514349_518077,2.95,1
2242_514346_514080,31.27,10
3411_514480_514269,17.31,385
3411_514269_514480,16.66,32
2104_502301_519026,28.92,2
2521_512194_512111,39.91,1
3411_514269_514479,9.97,5
3131_511270_511271,19.20,264
3131_511270_511272,7.55,1
3422_514085_514559,19.89,1
4272_501854_-1,11.25,7
2121_514080_514082,31.32,386
2473_502600_502650,4.83,77
2211_516266_518036,52.85,1
2211_516266_518034,18.17,80
355_514468_514432,0.06,1
2141_515026_511469,21.58,168
2121_515146_515025,74.57,1
2241_513112_513203,11.83,60
271_511106_511090,16.78,76
311_511192_511179,18.04,51
1571_501850_501653,20.50,1
2121_514080_514096,27.79,1
321_513046_500105,15.61,3
2121_514080_514095,8.35,3
3442_514070_514427,27.02,298
999_500161_-1,10.83,1
2121_514080_514099,33.43,1
2121_514080_514098,8.55,1
3371_513095_513079,14.14,1
377_516195_516138,33.62,1
377_516195_516139,31.74,269
3411_514027_514028,25.71,5
3411_514027_514026,19.07,13
2401_514342_514257,23.73,314
2104_511281_511284,21.65,53
452_502350_512022,0.63,1
452_502350_512023,7.75,79
3133_511483_511100,14.39,2
355_514195_514123,0.39,2
355_514195_514122,14.02,1
3441_514173_514468,19.53,143
2101_516057_516055,30.24,357
3124_511447_511292,6.11,5
2801_516135_519206,7.09,22
2211_511468_511090,21.05,333
2402_513140_513100,25.46,1
2402_513140_513106,23.68,456
375_517214_500055,34.63,108
131_501951_501803,31.71,3
2402_513140_513104,13.63,7
3124_511447_511290,4.95,3
2101_516057_516059,10.10,67
2211_511468_511098,29.94,1
2521_512105_513229,28.22,1
142_514211_514147,33.33,488
131_502300_502201,33.12,7
2211_511468_511099,7.09,29
2521_512105_513228,24.42,216
2521_502850_518016,15.93,81
2524_500951_501403,21.09,536
2101_516057_516066,50.29,1
1571_501801_502850,7.25,1
2101_516057_516061,36.92,1
3371_513095_513094,16.56,52
2471_516134_516268,24.85,3
421_502551_500104,33.25,599
2274_513254_-1,19.26,2
2301_512178_501401,38.93,1
427_512181_-1,2.15,1
305_502350_512009,24.23,264
3133_511226_511100,25.42,238
2841_514042_514466,22.15,388
2211_516082_516081,1.34,81
2471_515020_515011,32.05,1
2521_518058_515236,17.95,1
3722_517034_517248,5.52,37
377_517200_517268,26.71,247
2402_513135_500150,0.08,1
2121_516196_-1,0.03,1
3411_514021_514467,42.09,416
2471_516239_500154,6.78,1
3372_513079_513202,19.38,47
150_502750_502850,14.80,2
2471_501850_-1,24.22,9
2273_516048_516044,2.83,1
2521_503003_502750,12.68,79
142_501552_512022,4.22,2
3112_511297_511302,20.73,141
2402_518030_501050,27.34,99
3192_511187_511049,17.51,5
2104_519022_519026,37.96,1
371_517029_517228,30.53,1
2524_515054_515088,25.08,37
3442_514556_514087,17.14,2
2241_513048_504010,15.06,69
2102_514001_519061,34.85,1
2121_516085_515161,6.72,28
142_512023_512022,14.85,196
2402_513138_513092,41.97,1
142_514483_514246,20.56,1
3172_511085_511493,10.03,1
142_514483_514249,9.63,3
2472_516011_518074,5.00,30
2273_518030_514002,35.79,317
373_517091_517129,28.41,3
3371_513196_513195,18.55,159
437_500200_500602,6.32,1
2301_501551_500601,21.10,595
2402_501552_500150,12.44,4
2473_515061_516081,3.25,1
3192_511187_511069,30.04,221
2273_500102_519015,14.94,1
3192_511187_511066,28.74,1
217_511361_511021,3.38,1
2273_516048_516018,6.71,96
3371_513196_513182,17.23,383
377_516195_516124,29.45,70
2401_514259_514258,25.12,41
3192_511187_511059,8.74,5
2401_514259_514260,20.79,279
306_519198_519199,16.91,276
3192_511187_511056,23.66,1
2401_514259_514261,9.94,2
311_511193_511192,11.37,96
3192_511187_511052,26.27,1
373_517042_517156,30.48,2
311_511193_511194,19.76,2
2842_514084_514559,15.48,2
131_501800_501900,46.17,1
355_514276_514174,38.91,184
2301_500750_512024,8.02,1
357_514206_514483,15.21,8
3442_514065_514369,33.57,1
3442_514065_514368,40.27,255
2104_516250_516216,1.89,1
2524_515171_502901,66.79,2
142_501351_501301,33.88,482
2273_513105_513111,35.23,1
355_514276_514173,6.00,6
353_515190_-1,10.15,7
427_501651_502401,28.82,2
131_501951_501753,34.33,1
3192_511187_511081,1.50,3
355_514276_514186,37.94,1
2212_513103_513251,31.29,1
2121_514152_514218,16.19,103
306_519068_519070,10.48,291
306_519068_519071,22.89,53
3411_514032_514037,8.21,2
131_502050_502000,7.91,282
3411_514032_514031,20.45,119
2141_515023_515196,22.63,133
3411_514032_514033,15.05,450
2274_517131_501001,31.41,1
3442_514065_514353,16.34,10
311_511193_511178,18.07,2
2274_513268_513270,35.70,170
2241_500103_512019,33.93,4
2104_516220_516218,27.21,29
2273_513105_513103,5.51,26
318_511459_502314,25.32,208
2471_516005_516006,27.90,503
2121_513254_500203,35.36,1
2471_516005_516004,12.10,128
2273_513105_513107,31.79,399
3192_511187_511071,30.54,3
3192_511187_511070,37.16,16
150_501550_500851,18.99,13
3351_-1_504007,10.96,15
2104_514001_511109,1.26,1
2524_512022_515171,33.69,1
2241_500103_513325,15.19,1
373_517096_500056,7.60,1
142_514535_514208,9.29,12
142_514535_514209,35.65,544
2524_515054_515028,21.47,1
2141_511469_515026,16.85,43
2121_516139_516193,39.79,224
2121_516139_516195,22.64,84
243_504008_504015,22.24,75
2241_514413_514013,18.10,2
2101_516056_516177,14.78,50
2473_516087_515139,27.82,4
142_514535_514211,55.23,1
306_519068_519050,14.24,91
357_514079_514432,9.25,7
2274_517009_517106,17.25,351
2274_517009_517104,14.73,1
2402_-1_501552,8.02,6
2842_514278_514432,15.67,406
3172_511129_511493,21.19,1
2243_500153_514056,10.40,19
3721_517223_517038,10.69,1
2243_500153_514055,59.17,1
2473_516087_515140,21.20,1
3721_517223_517037,12.48,366
3452_514453_514454,16.87,173
272_511235_502100,14.55,51
3441_514174_514276,10.43,28
427_502551_-1,21.73,4
3452_514453_514452,16.95,46
3441_514174_514277,28.49,539
332_513167_513183,30.38,3
2121_-1_502301,8.01,9
3422_514427_514070,14.19,157
3422_514427_514072,35.23,2
3422_514427_514071,31.12,328
2473_502050_502000,8.89,160
2473_517006_517213,27.33,286
2121_500155_514369,8.44,71
3781_517254_517083,20.68,1
2842_514070_514072,23.08,1
2242_512163_514345,14.71,1
3172_511020_511251,12.68,39
2842_514070_514071,47.38,1
352_514447_515156,11.90,63
2274_512154_513016,23.04,458
306_519073_519072,7.38,65
2524_516080_516103,22.01,1
272_513263_513264,8.60,76
150_502851_502801,22.50,50
2401_519054_519047,25.91,291
2401_519054_519045,17.55,38
2141_511469_515061,19.28,1
2842_514070_514069,14.57,109
2842_514070_514067,44.02,1
142_501250_501300,37.14,523
311_511179_511347,7.40,2
3452_514245_514396,26.05,30
2301_512008_513279,23.85,480
2471_515016_515150,38.90,429
306_519073_519038,39.45,4
3411_514046_514047,28.34,342
999_504006_-1,2.03,1
3411_514046_514048,20.45,10
3411_514046_514045,15.20,53
2211_501351_519121,15.01,1
272_513263_513269,24.41,1
332_513167_513166,13.70,103
2842_514415_502650,8.81,1
272_513263_513267,14.63,3
332_513167_513168,25.52,429
2473_502001_502051,7.53,90
2102_501400_519292,3.78,2
2104_-1_516146,1.01,2
333_513277_504005,14.18,3
2521_513225_515061,0.11,1
2301_512008_513280,2.44,3
2524_518036_518194,9.58,194
2301_513271_513272,22.78,2
271_511230_511323,25.02,1
421_502401_502501,27.22,2
282_513291_513127,41.36,256
1472_501300_501000,6.82,1
2141_515213_511270,28.54,9
2121_516090_515142,23.82,348
2121_516090_515143,43.01,6
377_516247_516124,38.19,2
1571_502601_503006,21.44,4
333_513293_513294,22.48,290
2524_502900_502950,11.09,24
2211_511320_511329,44.54,1
131_500353_500401,8.54,146
385_514477_514478,34.88,339
3124_511442_511500,12.37,23
2211_511320_511322,19.07,54
355_514175_514275,32.99,168
142_514483_514207,30.11,4
142_514483_514206,27.09,457
2121_516090_515153,52.62,2
334_513021_-1,26.10,8
2521_515119_515236,15.30,176
2121_511276_500103,15.69,1
2274_517215_517115,14.54,114
2212_513254_513049,26.29,1
2274_517215_517117,32.89,376
131_502001_502051,9.10,175
2841_514470_514468,26.91,39
2212_514137_518030,34.88,2
318_511221_511337,49.17,68
2121_516085_515141,31.69,2
318_511221_511339,54.44,126
2273_519019_516041,5.60,133
3781_517254_517029,22.15,133
2121_516085_515146,18.71,273
271_-1_511428,23.82,3
282_513291_513100,24.88,3
2524_515171_502951,0.11,1
2401_514388_514019,17.77,336
2212_514137_518049,24.24,102
3372_513201_513079,23.02,16
2274_513259_512003,7.33,35
2212_513048_502301,2.97,1
2121_515144_515145,35.61,291
302_519068_519124,1.65,1
2842_-1_502650,10.24,1
2274_500107_500105,18.20,43
2472_516132_516007,14.92,1
2243_513325_513252,15.36,38
323_512144_512153,18.90,88
370_-1_517257,5.56,1
2104_500751_500952,26.24,311
142_514481_514474,29.78,5
2841_514044_514045,21.45,342
2841_514044_514046,18.35,1
2141_514401_515023,6.51,1
3191_511251_511020,30.99,255
2471_515152_518003,22.44,367
323_500111_512086,0.68,1
150_502951_502901,12.40,128
2274_502100_519031,11.85,2
3172_511111_511493,16.56,14
3133_511226_511033,20.17,257
355_514175_514195,0.08,1
2242_512213_512006,13.64,44
142_514481_514483,32.16,8
142_514481_514482,35.73,365
2301_500203_513048,32.35,3
2121_514374_514372,16.05,2
131_502151_502051,16.46,4
142_514201_514534,33.18,345
371_-1_500051,6.78,8
355_514175_514182,25.68,35
2212_-1_503004,29.39,5
431_502303_501405,0.16,2
2102_516227_516203,5.16,1
2102_516227_516202,32.98,5
333_513293_513275,20.48,47
3441_500162_514070,41.91,3
2274_512024_512178,11.50,90
2101_516077_516235,18.90,27
321_513025_513027,0.18,1
3131_511033_511408,8.52,1
3441_500162_514072,32.25,1
321_513025_513026,18.98,417
3441_500162_514073,26.61,1
333_513293_513276,19.89,18
321_513025_513024,16.57,45
323_512144_512186,36.23,2
421_502150_-1,3.76,2
3441_500162_514068,30.65,2
3441_500162_514069,42.61,3
452_502901_502851,5.73,25
2524_516096_516264,15.23,464
2121_514374_514376,21.11,286
2273_513049_513063,31.73,1
2801_519283_519205,39.63,110
2121_514372_502601,8.95,1
2243_513203_513112,34.45,112
355_514469_514183,0.73,3
3441_500162_514067,10.71,4
2473_514376_514374,34.47,38
2273_516279_516022,13.44,11
2121_502301_514001,23.96,349
3441_514068_500162,14.39,2
2141_514384_514373,37.72,132
2273_516279_516026,33.72,341
2273_516279_516028,21.89,1
355_514469_514190,26.61,190
3441_500162_514056,21.50,33
352_515213_515199,3.35,31
2273_516028_516279,4.33,1
3133_511402_511456,41.26,8
2102_511237_511239,44.25,2
2273_516279_516030,30.40,1
2471_518012_515007,21.84,2
2521_515046_515062,4.83,9
2472_518061_518063,17.06,67
3441_514174_514212,33.83,3
385_500161_514293,19.45,1
3441_514174_514213,20.34,1
3442_514353_514368,29.92,5
131_501750_501702,9.79,239
3351_513238_513240,13.70,7
2274_500107_512151,32.45,4
2101_502303_516177,42.27,1
2471_515021_515013,19.42,65
2473_502050_502100,38.32,277
2121_500155_514401,31.88,314
336_513166_513167,16.39,318
3351_513238_513239,14.92,438
2471_515021_515015,54.91,1
2471_514401_514541,32.35,1
3351_513238_513237,10.41,139
305_502400_-1,44.29,12
2471_517119_517012,18.45,390
2472_518074_516011,29.16,335
243_513165_504008,21.33,126
2471_517119_517011,11.55,131
271_501901_501851,23.92,199
373_517159_517247,6.54,1
3191_511251_511016,22.16,23
2471_518003_515150,1.26,1
2471_518003_515152,4.72,6
142_501300_501500,2.05,1
3452_514453_514434,13.70,5
2121_514382_514374,2.48,1
2524_515064_516080,31.14,2
2141_514415_514076,33.13,129
999_502300_-1,0.13,1
142_514211_514212,31.38,16
305_513002_519038,32.79,5
2402_518030_514409,57.65,2
2473_515146_515141,22.39,358
2243_500203_513058,31.33,105
142_514211_514210,17.53,151
2471_514417_514367,54.89,1
3413_514020_514196,31.12,2
2273_516042_519020,5.36,11
2121_514382_514365,17.92,1
2104_511426_516251,10.60,1
140_501450_500751,89.16,1
2121_514382_514367,39.75,294
2471_514417_514370,3.33,4
2274_513265_-1,16.16,1
2211_502351_512046,19.63,6
2121_514157_514082,35.78,2
2121_514157_514080,23.24,392
4272_501855_-1,2.90,5
2471_514417_514372,33.92,439
2273_516042_519018,15.93,3
2471_514370_514417,34.45,330
2121_514382_514370,27.34,2
2521_514282_518151,27.49,5
2524_515064_516082,5.11,23
1571_501850_502601,0.11,1
421_502451_502351,18.26,3
323_500111_512014,21.79,204
2841_514052_514051,12.80,135
2801_515204_518041,0.68,1
2841_514052_514053,19.94,304
2242_514156_500150,15.06,133
2841_514052_514054,32.06,1
140_500159_501350,11.74,3
332_513231_513227,22.95,1
2301_500250_501401,7.87,3
142_514054_514215,26.93,9
3133_511402_511403,25.64,331
2121_516107_515196,6.68,15
2471_514370_514400,14.16,106
2212_502301_-1,13.17,26
332_513231_513217,20.40,10
2141_511481_511480,19.73,27
2473_516194_516234,44.81,1
2211_511034_502315,16.83,83
3133_511034_502309,18.68,62
131_502050_502102,29.95,745
2242_512178_512152,9.81,144
2242_514156_512133,34.64,1
2274_502000_502100,42.01,299
142_514481_514429,44.60,1
3371_513101_513077,25.78,1
2242_514156_500157,12.70,233
441_501854_502050,3.89,1
347_500156_500151,12.39,18
2102_501000_519059,37.29,206
352_514446_514432,15.59,2
271_516172_516146,30.94,42
2274_502551_502100,23.00,1
3411_514028_514029,23.40,364
2801_519283_519281,7.46,1
2121_513032_513253,34.72,10
2301_500601_512070,16.79,580
2121_513032_513251,22.59,348
2102_516227_516225,15.11,50
272_516061_511315,7.17,3
2141_511018_511329,30.25,1
272_516061_511313,21.58,358
2102_514001_519022,8.21,1
3133_502309_502310,1.37,5
4272_519117_519136,24.40,43
302_519124_519289,13.83,1
3452_514348_514459,7.47,97
352_514446_514445,27.66,16
2841_514052_514049,5.84,1
2242_512178_512133,16.28,3
3141_511036_511261,25.13,12
131_501901_501951,11.30,157
2841_514024_514039,26.01,1
352_514446_514447,23.63,80
2141_511018_511317,37.49,105
2121_514076_514377,12.81,297
347_514205_514405,23.50,624
375_517184_517174,33.59,2
2521_518058_515119,19.98,7
2521_518058_515118,24.18,219
2211_511271_-1,10.71,5
2141_514541_514372,38.97,4
2141_514541_514374,20.91,145
2274_500601_501501,14.74,1
243_514218_514152,30.82,185
243_514218_514153,18.68,2
2121_-1_514382,73.29,1
3141_511036_511249,32.15,1
2801_515204_518090,11.67,1
3452_514347_514134,30.50,14
375_517184_517183,34.34,43
2102_501000_519062,16.07,2
375_517184_517185,38.49,358
2473_502051_516194,46.87,1
3442_514086_514559,40.79,183
2121_514001_502301,14.86,108
2212_513252_512019,9.33,96
2243_513325_513203,49.25,1
2102_516227_516236,35.80,233
3422_514085_514404,29.30,63
2212_500102_513063,23.55,1
2473_516087_515025,15.34,1
150_501550_500751,22.86,470
2243_500153_514157,29.47,1
2521_518058_515061,5.55,1
2101_501405_502303,0.11,1
2212_500102_514399,66.55,1
142_501301_501151,0.79,1
452_502900_500600,12.69,9
2102_519292_519021,20.34,299
2301_513280_513016,25.21,1
2141_515023_515022,15.06,18
2401_519045_501550,18.20,1
2473_517006_517175,8.40,98
2121_511222_514001,33.83,1
3781_517076_517030,22.00,2
3411_514050_514049,17.92,22
2211_518036_516244,26.58,1
272_516064_516070,5.18,1
2243_514013_514414,12.17,42
3372_513082_500251,22.18,1
2121_516085_515041,4.82,1
2211_511100_511034,22.83,13
2274_517009_517008,15.19,90
302_519124_519080,0.85,1
2401_514262_514389,19.48,1
2242_513328_512133,11.53,1
2242_513328_512132,35.71,1
2401_514342_514396,27.38,30
3442_514071_514086,40.86,1
2274_500601_501551,9.70,169
2401_514262_514387,38.80,262
272_513263_502400,48.17,1
4272_501803_501651,35.88,2
2402_-1_500157,33.45,1
2211_518036_516268,29.41,1
2402_-1_500151,14.86,21
2211_518036_516266,21.81,15
271_511315_517178,18.99,1
3191_511195_511361,7.74,146
452_502700_502650,20.82,208
131_500353_500301,38.72,666
2521_502851_518099,19.92,15
3452_514245_514434,11.03,80
2301_513251_500203,23.39,1
282_518161_503001,4.39,2
3442_514071_514072,39.44,184
3422_514087_514090,19.74,1
3411_514050_514052,24.89,1
3411_514050_514051,16.83,399
2211_511318_511329,36.05,267
3422_514087_514088,22.80,411
3411_514050_514054,31.74,1
3422_514087_514086,33.86,5
2401_514342_514392,17.06,2
3411_514050_514053,22.58,3
352_515213_515214,32.42,86
3413_514020_514021,40.34,127
311_511215_511496,16.07,25
2241_500103_500100,17.50,44
2473_515132_515037,17.73,1
2211_502351_501502,4.18,7
347_514467_514020,25.87,1
2473_515132_515036,30.74,308
2471_517010_517009,22.45,531
357_514492_514171,14.51,46
2471_517010_517007,27.26,115
2472_514138_514137,31.46,22
2472_518005_516240,36.65,1
3422_514219_514067,22.76,313
347_514467_514021,23.29,102
3422_514219_514068,9.24,4
3452_514245_514453,19.11,2
3411_-1_514331,9.86,9
2211_519121_519174,12.88,155
2301_513015_500251,11.42,1
2211_519121_519175,18.43,1
2121_513009_513158,36.20,279
2273_512019_502050,29.38,2
2273_513254_519017,26.36,1
2121_513009_513159,16.21,3
2141_511267_502301,10.38,1
2212_500102_513035,28.29,1
2121_515023_515022,14.47,48
3172_511118_511119,28.67,4
3172_511118_511117,15.42,1
3172_511118_511115,15.90,2
2801_518003_515204,9.33,1
282_518160_514285,20.98,1
2121_514076_514415,16.44,45
272_516064_516062,22.60,84
3721_517223_517150,13.81,8
272_516064_516065,25.86,336
271_-1_501901,60.04,4
2473_515132_515058,25.39,3
2473_515132_515057,18.66,9
2521_518099_518110,2.97,7
2211_511034_502351,0.06,1
142_501150_514056,6.85,200
217_502201_502151,16.77,153
2141_-1_502301,4.10,17
3172_511118_511128,0.96,1
2101_516078_500952,25.38,1
3172_511118_511126,36.19,2
3172_511118_511127,0.16,1
272_516064_516067,21.91,2
333_513041_513276,11.26,55
3172_511118_511123,32.41,2
3172_511118_511120,4.27,1
3413_514020_514053,37.56,3
2101_516056_516058,31.24,366
2102_516207_516205,28.96,258
3172_511129_511378,36.48,2
2243_514013_513103,22.88,151
2521_512195_502401,7.05,1
2521_518099_518100,23.37,220
3011_500601_501551,10.43,158
2841_514432_503012,21.45,1
217_511361_511195,29.09,146
2212_500102_513049,7.08,1
347_514233_514205,28.68,2
2101_516056_516060,33.97,5
332_513167_513014,37.78,9
347_514233_514204,26.32,795
2211_512112_-1,47.30,23
217_511361_511196,25.26,3
321_-1_500107,20.89,8
2301_513263_-1,10.12,1
150_502851_502901,33.63,430
302_519280_519071,12.99,2
2273_516022_518027,21.20,1
306_519198_519202,24.57,1
437_501602_501700,25.68,770
333_513041_513294,30.06,4
321_-1_500105,1.17,3
2102_516207_516209,23.15,42
2141_515054_515138,29.90,137
2241_500203_513325,14.15,134
427_519266_519270,13.73,1
2104_516250_516146,26.03,259
2273_513231_513014,25.93,363
2521_503003_502800,4.19,1
306_519198_519207,14.87,57
2301_513267_500251,12.28,3
2472_516006_516015,0.03,1
2471_515016_515006,13.73,208
352_515070_515071,28.10,82
2471_515016_515002,21.69,7
131_502151_502101,24.89,698
131_501800_501852,31.81,685
3722_517015_517039,21.89,13
150_500751_501403,26.40,3
3133_511225_511501,33.96,33
1571_501800_501850,32.49,541
347_514233_514232,38.82,22
3124_511447_511437,20.79,50
2102_516207_516228,15.65,1
2211_516081_515153,56.68,1
272_519022_519290,23.83,384
3133_511225_511502,39.25,62
347_514405_-1,9.79,18
431_502201_500301,53.30,2
427_501803_501701,22.60,448
370_517258_517259,27.52,231
2121_513254_500103,18.48,32
2121_514541_514278,0.52,1
2274_517102_502100,56.26,1
2102_516078_516219,12.92,2
3192_511187_-1,12.24,9
3141_511038_511039,9.83,61
3191_511043_511251,27.38,3
2141_514382_514401,23.02,29
2102_516078_516217,9.39,2
3141_511038_511036,23.95,484
3442_514556_514179,18.98,5
2473_517212_517178,48.99,3
2273_513231_513063,10.65,15
2401_514257_514392,24.02,284
2401_514257_514396,5.34,1
305_512104_512178,32.09,1
352_515213_515247,6.45,3
302_519072_519071,19.36,88
2402_514409_514002,36.33,54
302_519072_519073,16.26,363
2104_516250_516184,8.88,3
2102_516078_516221,35.02,218
2141_514076_514415,13.45,16
2524_502950_501403,11.48,168
3191_511210_511181,14.90,73
2121_514415_514076,33.18,329
2842_514379_502700,13.76,1
3452_514126_514132,34.32,2
3441_514174_514176,50.90,1
3452_514126_514134,12.49,1
2473_511312_511316,18.84,43
3123_-1_511287,8.53,2
302_519280_519050,22.59,7
2211_516090_516092,28.90,270
2211_516090_516094,33.39,4
2211_511100_511099,45.23,1
3452_514126_514130,18.37,4
2473_515050_515246,0.04,1
3112_511265_502310,15.02,183
2121_500155_513150,0.68,1
2121_516085_515025,18.14,2
3452_514126_514128,25.24,157
3121_511401_511292,20.14,4
2472_516006_516008,19.78,2
3121_511401_511293,22.65,8
3121_511401_511294,2.79,1
2472_516006_516007,22.09,427
3172_511085_511343,3.07,1
2472_516006_516005,12.41,82
302_519280_519067,22.31,1
2211_516090_516088,6.26,70
2242_514345_514411,29.10,109
3141_511038_511046,27.91,3
2141_511270_515213,32.18,109
2471_-1_501850,5.43,24
3112_511265_502315,2.51,2
437_501602_501750,44.03,3
150_502851_502951,27.87,2
2242_514121_513222,29.83,7
2473_511312_511310,24.02,333
352_515156_515157,24.36,1
2841_514468_514470,13.48,307
3781_517254_517253,29.96,16
2472_516132_516131,11.61,52
2401_514257_514342,17.22,73
2472_516132_516133,37.83,323
304_519093_519094,25.04,308
304_519093_519095,12.96,9
304_519093_519097,23.72,8
2274_500107_512210,37.44,1
421_500106_-1,16.60,4
243_500155_-1,11.33,16
304_519093_519098,29.19,7
142_514208_514039,16.26,133
352_515156_515154,5.90,46
2471_514417_514400,33.79,2
2473_502103_516119,14.17,1
2121_514382_514401,23.96,46
2471_514384_500154,13.92,1
2241_500153_514401,25.96,298
2104_516166_511425,0.30,1
2301_513271_512005,5.97,119
2242_512178_512205,21.61,1
2301_513271_512007,20.00,540
2402_513136_513092,16.08,2
452_502901_502751,4.27,1
2473_502103_516120,3.75,1
3721_517014_500052,19.94,81
272_516077_519142,31.22,1
352_515156_515166,13.91,87
243_514156_514365,26.90,106
2243_513203_513058,14.37,19
2211_516264_518083,24.12,1
2241_500153_513111,25.45,1
3171_502302_511021,29.60,18
271_511428_-1,18.09,3
3171_502302_511020,24.67,528
142_514201_514428,23.32,19
2101_516061_516057,53.90,1
2242_512214_512213,21.85,206
2101_516061_516059,17.65,363
3121_516276_516277,28.29,190
2473_516194_516196,27.54,277
441_500163_500159,11.07,255
2102_511237_511301,39.22,150
318_502313_-1,5.05,6
3011_512133_500601,25.46,38
2104_501451_501501,18.16,315
2101_516074_502303,16.18,1
2121_500103_511278,5.37,1
999_-1_517268,18.53,1
373_517052_517015,31.41,4
2241_513112_513063,27.81,361
999_-1_517219,1.43,1
2101_516061_516063,13.75,131
2212_513254_502301,14.09,1
3191_511210_511212,23.85,4
150_502951_501500,30.67,1
421_502351_502401,28.66,850
2473_502600_514415,23.99,537
272_501452_512021,47.82,1
377_516248_516247,13.80,15
3371_513101_513100,25.04,107
2104_502301_519290,1.28,1
2524_516268_516093,5.46,252
2301_512003_512024,23.60,1
2104_516215_516217,4.74,25
142_514481_514326,26.81,12
2104_516215_516213,24.50,280
302_519072_519124,1.31,1
306_519071_519266,11.72,16
305_512104_512103,15.66,98
3124_511447_511448,19.18,192
2102_519061_-1,28.66,2
3721_517038_517039,24.05,243
305_512104_512101,22.39,1
2524_516268_516089,22.04,582
2274_513273_513272,14.54,115
2121_514374_514278,18.14,4
2121_511298_516196,37.16,1
2121_504008_513032,30.12,1
2274_512005_513271,13.66,340
2121_511298_516192,42.33,1
271_511099_511090,18.26,3
2274_512005_513272,11.89,1
421_500800_501702,45.32,2
271_511099_511098,15.67,55
2243_500203_513112,21.15,1
2301_512041_513268,8.84,129
2211_519284_501351,16.34,297
2102_511237_511349,18.03,16
2121_516195_502301,10.86,1
2301_512041_513264,22.15,1
2104_511242_502301,5.68,1
323_500111_512186,0.32,1
323_500111_512185,3.12,1
2524_502350_512023,7.48,277
2524_502350_512022,14.81,2
272_502050_-1,38.10,5
131_500602_500850,19.65,3
272_501452_512054,0.07,1
2801_515204_518129,12.14,2
2801_515204_518128,13.87,2
999_-1_517224,18.47,2
2212_513104_514012,39.42,3
3351_513243_513244,29.88,407
2212_513104_514014,17.52,476
3781_517249_517076,19.37,14
2104_516173_516166,28.23,26
3192_511066_511067,18.93,290
3351_513243_513242,15.28,141
3351_513243_513241,11.47,9
3192_511066_511064,16.36,3
385_514426_514425,21.12,8
2104_516173_516167,22.58,241
2211_516096_502315,8.30,1
2401_514261_514120,16.43,398
3452_514348_514386,41.24,3
3172_511118_511021,21.33,3
323_500111_512124,0.37,3
2212_513104_514003,31.22,2
302_519124_519127,26.12,15
3192_511066_511059,10.39,1
2212_515142_516195,104.13,1
3781_517032_517033,19.64,328
302_519124_519123,14.33,1
2521_502851_518110,26.14,203
3121_517273_517275,25.66,313
357_514341_514340,14.89,3
302_519124_519126,19.94,11
3781_517032_517031,3.11,151
302_519124_519125,19.58,324
357_514079_514376,38.18,12
2401_514392_514019,1.00,1
142_501201_501251,11.00,166
324_512170_512172,26.46,26
324_512170_512171,18.10,110
2121_512017_512200,44.62,1
2801_515204_518189,10.74,4
421_502300_502551,25.35,3
2274_519031_519030,27.30,54
3124_511488_511448,34.34,3
2121_512017_512209,29.67,318
3191_511202_511016,19.15,1
3124_511488_511446,94.59,1
3124_511488_511447,25.39,11
3124_511488_511445,9.89,2
3192_511071_511187,18.19,188
142_501552_501500,11.04,275
2473_516194_516120,15.11,77
2273_516027_516025,39.89,333
150_502951_502851,8.56,1
377_-1_516141,8.01,7
2212_513252_513254,51.60,1
2274_519031_519029,2.99,1
2212_511279_511276,2.40,1
2521_515046_515115,22.95,1
2212_511279_511278,9.48,81
3124_511488_511437,19.87,266
2521_515046_515116,18.91,2
1571_501850_501403,17.32,1
3124_511488_511435,21.36,13
3413_500156_-1,13.30,12
3124_511488_511436,22.98,3
2521_515046_515113,18.62,149
3124_511488_511434,21.52,55
2274_513016_513270,35.50,312
2212_515142_516171,16.24,90
142_514206_514207,37.35,392
2841_514554_514032,18.81,2
2212_515142_516170,19.72,2
3191_511210_511204,12.50,1
2841_514554_514031,22.79,2
3371_513101_513194,18.22,82
3371_513101_513195,21.60,536
3371_513101_513196,28.12,2
2841_514554_514029,34.50,1
2841_514554_514027,21.31,160
2841_514554_514028,27.64,329
3191_511213_502314,45.10,3
3124_511488_511441,0.03,1
150_502750_502800,4.43,81
2212_511279_511284,24.20,456
2212_514013_513105,25.15,5
2801_515204_518169,35.18,3
2212_514013_513103,23.55,487
2801_518200_518058,19.71,1
421_502400_500602,28.63,4
3131_511270_511484,24.64,1
3422_514067_514219,26.21,20
3422_514071_514072,38.72,228
3452_514348_514349,29.61,196
3422_514071_514073,26.46,2
2243_513325_513326,27.88,116
332_513231_513168,12.76,173
427_501702_501652,11.57,173
2211_502351_512112,23.53,352
2102_519292_519062,2.82,8
271_517178_501901,23.06,229
336_513166_513212,9.82,74
332_513231_513164,31.77,1
2301_500750_501401,3.18,1
3371_513101_513182,0.19,1
2273_513327_513103,18.92,2
2211_511271_515026,6.18,57
2273_513327_513107,11.86,13
421_-1_502200,65.09,13
421_-1_502201,0.14,1
2121_514372_514541,38.17,235
2243_513203_513063,24.36,1
3192_511050_511073,19.89,2
140_500159_501200,29.36,1
3442_514427_514070,11.59,118
2401_500750_514389,29.30,1
3442_514427_514072,35.58,6
3133_511225_511494,53.74,2
3133_511225_511495,18.90,1
3442_514427_514071,31.47,279
303_519086_519294,13.03,94
427_513003_512001,17.74,81
323_500111_500109,9.67,60
4272_519166_519165,17.20,62
272_519025_501950,41.27,3
142_514195_514196,27.56,488
2524_516103_516080,14.94,1
2524_516103_516083,11.76,2
321_513252_512078,9.73,113
243_513153_513152,15.13,65
142_514195_514194,7.91,47
324_512170_512169,30.39,9
3122_511290_511175,10.16,1
3122_511290_511177,11.60,1
2121_514152_514153,26.00,383
3413_514056_500156,16.37,139
3192_511066_511074,3.61,1
427_501855_519270,4.33,1
3192_511050_511052,17.72,1
2273_513049_513112,4.36,1
3452_514348_514314,21.82,1
2273_513049_513114,34.44,253
2521_518058_503003,35.01,4
347_514215_514214,17.49,286
3192_511050_511049,20.85,85
131_502102_502050,12.31,269
3191_511247_511359,20.23,224
243_513153_513163,22.15,211
2211_511322_511273,1.90,1
150_502951_501550,9.87,1
2211_511322_511272,12.43,1
2212_515142_516120,19.68,1
2212_-1_515144,24.76,9
324_512170_512155,12.17,1
311_502302_-1,16.07,6
2402_500156_501050,40.56,335
318_511338_511339,59.40,1
2473_515025_515246,24.69,99
3123_511288_511391,19.95,1
332_513221_513227,22.10,7
3192_511066_511463,6.16,28
2301_500250_500251,34.05,254
306_519199_519200,23.46,306
272_517212_501950,45.91,1
306_519199_519201,23.03,44
306_519199_519202,34.12,1
3124_511441_511499,8.21,7
332_513221_513223,27.43,425
3124_511441_511498,9.64,23
2401_514156_500161,16.51,222
131_502051_502101,8.43,190
1472_501051_501151,44.07,1
3372_513089_513198,6.41,1
2212_516194_516138,8.42,100
357_514544_514481,23.40,1
3123_511288_511389,16.17,281
131_502102_502200,2.70,1
3372_513089_513197,22.99,306
2102_514001_511349,43.35,192
2241_513325_500203,20.05,384
271_501900_501855,11.43,135
4272_519135_519136,27.23,172
332_513221_513217,10.71,40
377_516271_516272,36.12,230
2102_516236_516202,24.20,245
2102_516236_516203,42.25,2
2102_516236_516204,17.13,1
3124_511441_511488,15.40,3
334_513066_504006,19.90,6
311_511496_511215,28.43,336
2402_513127_513291,16.77,35
2241_514154_514412,25.87,318
311_511179_511178,23.30,56
3123_511288_511377,1.84,1
311_511496_511213,12.32,1
1472_500152_-1,12.19,6
2212_514003_500102,48.08,1
271_511100_511468,1.78,1
2104_511425_502301,26.24,1
323_512087_512086,13.88,4
2801_518200_518169,39.97,1
3722_517014_517248,18.01,132
2102_516236_516225,44.80,1
2104_516184_516250,37.84,202
311_511179_511194,42.36,2
2102_516236_516227,18.88,45
336_513014_513309,28.68,307
311_511179_511192,30.45,370
311_511179_511193,15.40,4
272_500603_501552,10.60,156
3781_517076_517164,2.59,2
3781_517076_517163,0.16,1
272_517212_511315,16.99,30
452_500600_502350,12.57,76
272_517212_511313,29.49,1
271_511099_511468,28.38,185
2524_501403_500951,5.19,108
272_501452_501405,19.95,121
131_502000_501950,7.77,188
2842_502700_503007,17.94,162
3442_514557_514179,14.46,333
150_502750_502650,27.50,4
2471_514377_514076,2.66,33
311_-1_511496,13.20,23
1472_501051_501101,9.57,161
2102_516079_516220,22.00,69
3442_514359_514556,14.48,3
3442_514359_514555,22.67,240
2841_514432_514278,10.81,55
3191_511044_511020,40.87,1
357_514482_514326,33.93,18
306_519200_519207,31.84,1
311_511496_511250,32.85,1
2473_511313_511309,11.52,1
1472_501703_501603,2.94,1
2301_500250_500202,1.26,2
306_519193_519192,15.61,6
306_519193_519195,35.31,2
306_519193_519194,24.97,321
3422_514086_514085,38.54,26
3422_514086_514087,37.55,1
311_511496_511254,15.60,3
311_511496_511255,11.40,3
3411_500165_514056,26.88,2
2473_511313_511311,4.29,11
3442_514090_514353,18.06,2
999_-1_519067,4.98,1
3411_500165_514054,7.73,1
2841_514053_514052,15.14,13
2104_514001_511349,40.50,213
150_502601_503005,0.15,1
2473_511313_511315,17.00,337
2801_518205_515204,14.06,1
2841_514053_514054,32.73,271
347_500156_514467,25.72,2
377_516271_516200,46.25,1
3122_511174_511292,2.50,2
2121_514382_-1,46.37,1
2471_515007_515013,24.17,1
321_513046_513044,44.24,1
2471_515007_515017,16.32,106
321_513046_513045,7.26,10
2471_515007_515015,35.96,2
321_513046_513047,25.57,450
306_519200_519202,5.43,1
306_519200_519201,23.55,273
371_517014_517151,30.59,18
3172_511129_511257,25.69,1
3131_511034_511107,20.35,253
347_514205_514233,21.72,1
271_511099_511420,0.16,1
352_514447_514446,17.84,2
2301_512024_-1,70.34,1
3442_514557_514163,0.28,2
2212_516170_518149,8.55,2
2471_515007_515020,36.15,1
150_502701_502651,13.27,61
357_514074_514404,33.43,6
352_514447_514448,29.94,110
1571_503002_502650,23.29,4
3121_511452_517275,42.35,1
3121_511452_517273,21.72,298
3172_511118_511257,41.20,1
311_511496_511232,20.93,13
2273_513105_513327,35.63,3
3411_500165_514031,9.29,1
3172_511118_511252,13.66,2
2101_519026_501405,19.45,373
3372_513089_513106,23.35,3
3442_514070_514069,16.16,52
2274_513269_512007,14.99,1
2141_514382_500160,23.09,2
271_511100_511408,8.01,19
357_514492_514493,30.54,153
1472_501703_501653,28.09,819
2273_518019_518021,29.56,307
318_511135_511459,39.11,1
131_502000_501900,1.82,1
2121_514095_514082,14.21,94
2211_518037_516264,18.25,1
2301_500251_512117,19.12,3
142_514200_514428,44.71,368
2211_-1_511106,0.08,1
2121_513009_500160,5.23,1
2121_513326_500203,18.54,437
3133_511458_511225,32.84,3
3442_514070_514071,22.45,8
4272_501702_501800,22.42,196
142_514429_514535,27.40,1
131_500602_500750,21.31,639
2211_516096_516264,14.04,286
2473_515141_516083,22.14,2
2841_514376_514193,33.54,34
150_502850_502750,21.50,4
2212_500102_512019,25.53,13
2471_515007_515009,18.94,431
2241_513252_500103,6.39,1
2121_514373_514371,1.87,1
282_518157_514350,22.52,126
2121_516080_515142,31.15,2
2121_514095_514098,34.10,4
2101_516077_516069,15.86,2
2212_516194_516196,22.74,315
2101_516077_516073,17.43,377
373_517164_517076,28.99,355
2841_514023_514467,28.66,87
370_519282_519110,11.00,35
2473_516082_515153,10.54,2
3721_517223_517222,8.58,275
2121_514373_514368,49.18,1
271_511315_517212,25.51,230
2121_514379_514384,13.28,1
3721_517223_517224,7.82,2
3132_511475_511472,14.37,1
3132_511475_511473,13.27,1
3722_500053_-1,12.73,7
3132_511475_511470,28.31,110
1571_501603_501653,13.30,104
3132_511475_511471,12.04,12
427_519135_519136,29.77,376
3191_511020_502305,19.72,3
2273_518019_518016,9.88,82
3132_511475_511476,19.38,93
421_501753_502051,10.27,1
3132_511475_511474,17.32,86
2524_516085_515171,13.34,4
2273_516022_518153,31.94,1
2471_518012_515151,18.40,500
370_517257_-1,10.26,4
3172_511112_511131,26.80,7
2274_517008_517007,9.59,118
2471_518012_515147,17.13,1
2121_514095_514096,36.54,245
2471_518012_515148,68.84,1
2274_517008_517009,23.72,351
2471_518012_515149,20.81,94
2472_518004_500154,0.57,1
3132_511475_511467,29.27,21
2212_511282_511281,21.69,359
2212_511282_511283,5.96,1
131_502151_502201,10.33,213
3721_500052_517222,19.77,9
2521_515118_515119,19.25,183
142_514210_514535,51.86,3
2101_516060_516062,25.38,334
2101_516066_516069,25.84,1
2101_516060_516064,24.73,2
3191_-1_502305,2.60,3
2101_516066_516068,14.68,82
3721_500052_517224,0.23,1
2402_500150_501552,5.67,2
2524_512020_502351,15.51,263
385_518189_518119,26.74,439
2121_513163_500202,21.93,1
3172_511123_511122,56.53,3
2471_515006_515152,33.83,1
3172_511123_511124,50.37,115
3172_511123_511125,53.71,1
150_502801_502751,22.91,38
2521_515118_515121,15.45,1
2473_514431_514384,0.16,1
272_513263_512117,31.63,347
3133_511033_511226,19.96,74
2121_514373_514384,7.20,35
321_500107_513041,8.10,7
999_511352_-1,3.71,1
2121_514373_514381,4.11,1
3124_511441_511446,14.67,4
3124_511441_511445,7.15,4
2101_516060_516058,11.83,85
3124_511441_511448,6.34,1
3124_511441_511447,15.03,1
385_514293_514529,30.62,320
3124_511441_511442,14.27,207
3121_511399_511400,6.33,1
3172_511123_511115,45.35,2
2212_500102_513309,30.50,1
2402_519049_501552,9.14,3
2471_514431_514373,15.97,66
305_512101_519079,22.00,40
2841_514481_514232,50.28,2
2841_514481_514236,20.05,8
385_514293_514530,40.38,2
2841_514481_514233,47.69,29
2101_516066_516063,12.05,344
1571_-1_503006,39.79,3
2212_511282_511222,5.79,5
2101_516066_516061,27.44,1
3172_511112_511114,39.48,1
2212_514399_518147,46.09,1
2471_514431_514371,26.53,453
3172_511112_511113,49.41,120
3172_511112_511111,30.73,2
3721_500052_517204,37.74,1
3124_511441_511435,21.18,2
321_500107_513033,18.14,1
3124_511441_511436,34.34,1
2243_-1_513256,14.58,2
305_512104_512072,21.96,372
271_511099_511491,18.01,1
3124_511441_511440,9.63,10
2472_517006_501900,11.34,113
2471_514431_514384,18.77,1
2273_502250_502303,20.29,284
2524_515003_515171,13.36,9
142_514194_514200,37.21,1
2842_500164_514219,24.18,559
2473_515060_515059,7.06,6
2521_515119_503003,7.89,1
321_500107_513025,19.18,1
321_500107_513027,6.77,2
2243_514154_514412,26.43,123
2301_513015_513269,19.84,228
2101_519290_519022,10.46,132
2473_514431_514371,29.45,312
2211_502315_-1,0.34,1
2473_514431_514373,15.55,53
2101_519290_519026,25.20,382
282_513222_514386,23.04,2
3131_511268_502311,24.90,1
2521_515061_515040,21.40,3
427_513254_502550,36.59,27
2801_519050_519119,13.97,117
2472_514058_518164,0.16,1
2801_519150_516135,15.55,24
272_500900_500952,27.98,442
2274_502000_500107,14.15,1
3123_511389_511292,4.14,1
271_511309_511313,22.79,2
142_514246_514209,22.53,1
2273_517125_516035,37.00,2
2273_517125_516037,21.43,385
3721_500052_517150,10.41,1
142_514246_514206,5.20,1
271_511309_511311,26.70,258
282_518133_503004,14.84,3
421_502300_501950,55.76,1
421_502300_501951,25.67,2
2472_501802_501850,33.19,288
2273_513049_513252,15.72,83
142_514482_501200,16.84,1
431_502303_501651,13.58,3
357_514207_514171,24.97,1
375_517169_517144,36.67,4
2212_514409_513013,28.71,1
375_517169_517143,24.75,451
3123_511389_511288,11.56,88
3123_511389_511287,0.40,1
2274_512024_513273,0.55,1
2274_501451_501401,9.53,164
272_513264_513263,17.90,363
2472_501850_518063,0.23,1
2401_514393_514263,27.04,243
2121_514379_514415,32.61,486
2211_515146_515141,21.56,367
142_514194_514195,38.20,426
3124_511448_511447,7.70,8
352_514441_514445,38.74,101
3442_514400_514351,17.60,3
3442_514400_514352,23.99,3
2121_515146_516085,8.02,12
2841_514482_514041,12.55,1
311_511178_511347,31.40,1
3441_500168_500162,15.85,315
2301_512041_512018,37.01,1
2472_501850_518061,10.39,1
3172_502313_511251,27.34,171
2211_519175_518154,19.71,1
272_513264_513267,7.96,4
2211_515146_515138,26.04,1
373_517076_500056,6.58,2
272_513264_513269,19.99,1
352_515167_515071,13.63,13
2121_514382_514541,7.80,1
2211_511271_515141,13.85,1
2243_500203_513203,20.24,2
2301_512003_513257,17.57,33
3442_514400_514367,23.87,17
2301_512003_513259,38.16,401
2521_515061_515012,40.76,151
2301_512003_513261,41.81,1
2121_514401_515041,0.07,1
437_500250_500300,31.88,691
272_511235_501405,35.32,15
3121_511400_511401,18.09,397
2301_500600_513273,0.50,1
2211_511271_515138,53.22,2
2801_515204_518202,3.66,1
2102_516226_516130,21.69,4
2801_515204_518200,0.68,1
347_514198_514200,29.84,2
2274_517106_500601,33.86,1
2121_516108_516107,18.87,54
140_500950_501351,23.58,2
2242_512132_512133,4.19,1
437_504009_-1,0.39,3
2524_516085_515161,8.20,61
2242_512132_512130,23.52,1
3413_514056_514020,6.51,2
2141_516108_515054,35.36,126
3124_511432_511286,14.82,156
2301_512003_513253,25.66,2
305_512103_512178,18.37,1
2473_514401_500154,11.62,33
2212_511282_511298,45.96,4
2472_516010_516240,19.80,2
427_513254_502500,31.40,1
2104_516079_516220,25.30,78
437_500201_500251,12.21,215
3191_511016_502305,23.43,36
2274_517113_517111,15.95,156
271_511310_517006,46.36,1
2141_511408_511484,26.56,63
441_501950_502000,38.93,398
2301_500750_500600,21.70,77
142_514481_512021,22.71,2
318_511337_511339,54.44,78
2402_501552_514156,17.55,3
2211_518097_518045,16.50,2
2524_516085_515146,16.57,475
140_500159_501150,42.22,1
2401_514392_514386,16.48,1
321_500105_-1,9.76,8
2401_514392_514388,0.46,2
332_513209_-1,6.38,4
1571_501653_501403,54.49,1
2301_500251_512178,0.11,2
421_502200_502300,19.65,582
2211_501351_519284,17.64,40
2141_514001_502301,10.39,45
2471_514401_500154,11.26,62
2472_516007_516006,11.82,145
131_502151_502251,26.27,3
2472_516007_516008,26.69,340
4272_502400_519136,38.70,1
2212_515149_515148,16.31,22
2801_519061_519150,25.11,9
373_517052_517166,13.60,46
2401_514392_514390,16.60,281
3191_511210_511360,35.32,172
3441_514468_514486,0.03,1
2242_512132_512164,25.84,38
375_517169_517168,9.95,61
421_502300_500603,29.04,2
2402_500150_500157,19.51,325
3192_511051_511076,11.59,96
355_514176_514277,42.73,14
2521_515061_503004,0.90,2
243_514155_514365,31.59,1
3122_511286_511289,8.98,187
3172_-1_511118,16.50,15
2472_516007_516015,40.20,3
421_-1_500106,20.03,52
321_512078_513033,16.58,1
385_514551_514530,12.52,5
3132_511465_511269,32.02,237
321_513252_513026,2.08,1
2842_514219_514193,11.88,1
421_-1_500104,24.53,7
3411_500165_514023,18.67,5
3411_500165_514020,24.33,459
3411_500165_514021,55.39,2
3132_511465_511270,21.13,21
3132_511465_511271,0.05,1
282_513222_514313,16.42,52
3192_511051_511050,32.41,6
357_514544_514419,14.82,13
357_514498_514497,6.04,5
1571_503002_502750,10.58,127
357_514498_514496,16.69,4
4272_501803_501701,22.35,181
2101_519026_501502,28.19,2
131_502102_502150,30.04,748
321_512078_513041,8.75,3
2102_516220_516079,23.91,283
2521_502751_502801,22.42,172
2104_516173_516263,30.98,2
347_514205_514204,7.38,149
352_515166_515157,32.49,101
352_515166_515156,12.51,40
2241_513103_513300,21.32,303
2121_515043_515009,0.67,1
2471_515008_518004,13.44,1
3122_511175_511176,16.15,382
2273_502201_502251,6.85,119
3122_511175_511174,10.86,133
352_515166_515154,13.54,6
2121_504008_500202,33.73,459
3132_511269_511467,0.26,1
355_514433_514379,16.81,229
3132_511269_511465,18.61,21
2211_518097_518098,25.62,3
150_502701_502601,14.58,7
2104_516173_516251,39.21,1
3371_513080_513082,70.72,1
321_512078_513025,17.78,1
3191_511044_511043,24.87,13
3371_513080_513083,40.53,1
3371_513080_513084,23.52,2
2242_500150_514156,6.58,40
3191_511201_511086,40.69,223
142_514195_514020,21.46,1
140_500159_501100,40.34,2
2104_502301_511423,20.47,1
2104_502301_511422,22.95,2
271_511468_511469,27.23,1
437_500251_500201,26.10,735
3371_513080_513079,15.01,40
3122_511164_511165,16.60,456
3122_511164_511163,10.13,55
306_519200_519199,13.75,66
3442_514369_500166,17.89,249
355_514277_514212,45.03,2
3122_511164_511166,12.35,4
142_514481_501350,0.16,1
2102_501000_519292,1.78,1
3442_514400_514371,30.60,402
243_513143_513144,30.29,121
3121_511394_511368,12.55,74
3121_511394_511369,16.77,1
243_513143_513142,9.51,77
2102_514001_511301,7.05,2
2243_514412_514413,23.93,1
2212_514409_513062,33.86,1
306_519189_519188,14.82,147
2521_502751_502851,4.91,3
2104_511424_511425,27.37,280
3121_511394_511372,13.43,2
2104_511424_511426,16.23,1
306_519189_519187,39.86,5
306_519189_519186,19.99,1
2274_517113_517190,23.78,340
3441_514073_514072,0.27,1
3441_514073_514071,9.54,2
3122_511175_511177,22.25,1
3442_514400_514382,27.82,3
352_514441_514433,29.67,16
2521_512194_502401,24.08,2
2801_518200_518189,27.06,7
1571_503002_502700,24.81,772
3171_511387_511162,8.24,6
2473_515161_515146,16.20,2
271_516173_516251,27.85,1
376_517072_500058,7.77,1
3721_517224_517038,14.97,3
150_502750_502700,48.07,6
2121_515054_515018,107.43,1
2241_504010_513013,8.38,1
3721_517224_517037,20.11,2
2521_515061_515062,33.05,2
140_501403_500163,1.76,1
321_513252_513041,15.84,1
2301_513280_513279,9.85,170
2472_503006_-1,0.03,1
2273_513256_513251,19.55,75
2472_518010_516240,34.20,360
2212_515142_515143,37.64,328
2121_515043_515045,24.31,1
2241_504010_513048,24.36,296
2121_515054_515023,17.09,1
2274_513272_512178,12.27,2
306_519189_519190,24.72,351
2273_514011_513251,15.11,1
2121_515043_515044,26.01,369
2471_500154_518009,2.30,2
311_511496_511195,13.88,1
2121_515043_515042,9.67,116
3121_511294_-1,17.18,7
321_513252_513033,19.33,408
3121_511394_511399,14.15,336
385_514508_514507,10.66,3
2801_519119_519281,30.61,2
271_516173_516232,14.83,3
357_514074_514495,19.75,4
2521_515061_515058,19.22,4
321_513252_513034,13.00,2
3191_511361_511044,20.73,11
2104_516220_516079,21.59,286
2211_511321_511098,15.65,2
2471_515151_515009,12.48,2
150_502700_502750,19.28,3
2301_501501_500601,24.47,9
271_511468_511421,2.52,1
2211_518083_502901,37.43,1
323_512153_512184,26.81,71
311_511496_511196,22.99,1
305_512103_512104,20.18,352
306_519189_519192,24.40,1
421_500106_502150,47.45,2
306_519189_519191,18.01,41
999_-1_519124,3.62,5
3191_511257_511021,30.44,262
2471_515011_515007,33.09,2
2102_516216_516079,0.67,1
2471_515011_515009,6.41,1
2212_513103_514013,17.96,141
271_516251_511427,11.83,1
2211_518083_502951,49.11,1
271_516251_511424,46.34,1
2273_518018_518020,16.82,63
336_513212_513001,6.51,2
1472_501603_501403,13.13,1
2472_500154_514017,18.23,6
336_513136_513310,21.11,412
3372_513089_513079,15.97,1
336_513136_513312,24.52,1
2211_502951_502901,12.71,126
2141_511226_511033,19.32,187
2243_-1_514414,0.23,1
2471_515011_515015,32.96,431
2471_515011_515019,11.44,23
3141_511037_-1,20.33,2
2241_514413_514150,24.31,79
3372_513038_500251,35.07,260
142_514207_514208,23.02,4
357_514482_514484,0.28,1
357_514482_514481,0.80,1
2121_514096_514095,8.37,18
311_511031_511496,9.11,6
142_514207_514206,5.14,37
427_519136_501652,32.57,3
2472_518006_503006,55.39,1
272_501452_501502,20.89,434
2842_514278_514376,15.57,110
1571_502600_502601,7.91,453
2102_511242_501400,0.91,1
271_511469_511484,41.22,6
3781_517249_517250,17.11,235
2402_500151_-1,6.75,2
431_500353_501405,7.33,57
271_511469_511489,40.26,187
2104_516078_516219,31.12,3
2212_513252_500102,45.05,1
2121_514096_514098,34.74,344
2301_513015_512005,27.57,419
2211_511226_511033,18.62,425
321_513045_513047,25.39,1
131_502051_502001,22.03,655
321_513045_513046,20.49,333
441_501854_502102,3.57,1
321_513045_513044,13.59,42
131_502102_502300,2.48,1
2212_516194_516234,39.27,1
2212_515148_515147,22.22,62
271_511316_517213,16.63,70
2241_513325_500103,12.86,1
2212_515148_515149,38.94,328
2212_511278_511276,13.64,159
2104_516078_516221,34.31,230
421_501852_501950,19.79,971
3123_511288_511287,24.10,50
1472_501051_501251,20.51,2
2243_514013_513300,20.56,7
2471_517011_517119,24.93,496
3372_513089_513080,0.04,1
3131_511100_511226,26.20,301
271_501900_511310,0.34,1
421_502401_500603,10.86,4
131_502251_501753,14.49,1
2273_513063_500102,13.65,1
2211_-1_511271,11.34,11
2242_512204_512203,6.90,63
3781_517076_517227,11.53,1
2242_512204_512205,27.70,6
271_511469_511468,50.71,1
3172_511129_511128,107.36,1
3192_511066_511380,44.91,1
2101_516067_516070,24.37,396
2471_515007_515151,32.29,1
2101_516067_516072,26.76,1
999_-1_519192,3.89,2
282_500102_-1,13.10,10
3721_517224_517203,18.26,142
3721_517224_517204,17.41,4
3172_511118_511343,0.16,1
3133_511034_511225,43.22,2
323_512087_512184,17.37,88
3422_500164_-1,21.28,12
2473_515050_515052,14.32,3
2274_500107_500951,17.29,2
2104_511349_501405,40.69,1
2472_500154_514058,30.00,311
2471_517007_517009,30.58,1
2471_517007_517006,18.14,88
347_514056_500151,19.28,660
1472_501703_501751,13.44,251
150_502850_502800,34.68,483
352_515156_514446,6.58,5
2473_515142_516090,18.18,76
3011_501451_500601,18.03,1
2473_516087_515246,23.89,1
352_515156_514447,12.70,85
3124_511442_511437,20.15,1
2121_502600_515021,10.67,24
3781_517076_517249,21.33,249
2241_500103_513203,0.19,1
3123_511292_511391,19.78,301
3781_517076_517251,9.76,1
3124_511442_511441,6.24,34
282_503001_-1,12.15,8
357_514498_514484,7.96,141
272_516071_511313,15.01,1
2842_500164_514193,15.28,1
3122_511174_511175,18.19,488
3122_511174_511172,17.89,1
3781_517076_517250,15.42,14
272_516071_511315,2.14,1
4272_501803_501855,9.96,66
3122_511174_511173,9.97,126
272_513269_512056,1.32,1
3721_517224_517225,15.67,298
2471_517007_517010,29.16,433
2121_514369_514368,26.47,9
2841_514432_514376,20.16,2
311_-1_511346,29.25,1
318_511135_511341,46.22,246
2242_513328_514128,28.35,1
318_511135_511343,47.89,74
3122_511174_511176,14.87,4
2242_513328_514126,27.32,1
3124_511442_511445,15.67,10
3172_511113_511112,37.09,4
318_511135_511339,29.63,26
2274_513268_512041,32.98,406
3123_511292_511377,13.11,42
3172_511113_511114,43.71,123
373_517164_517163,9.13,104
3172_511113_511116,22.54,1
3172_511113_511118,0.62,2
2101_516067_516065,9.29,71
303_519086_519113,9.58,52
323_512087_512153,27.53,4
2521_502401_503003,20.06,2
3172_511129_511130,13.86,2
3372_513079_513106,11.50,5
385_514508_514477,36.52,350
2521_502401_503004,35.99,1
2104_516221_519021,4.10,1
2273_516041_516043,4.73,17
2473_515050_515025,0.34,1
385_514508_514478,26.85,3
2801_519061_519091,15.57,120
142_514482_501150,29.26,1
2273_516020_502103,28.14,1
2473_516088_515153,4.17,38
2402_519049_500150,16.60,1
323_512087_512144,26.52,67
2274_513253_513269,17.67,1
142_514482_514474,29.31,5
357_514207_514206,8.48,8
272_513269_512037,9.18,1
2212_516195_516139,32.53,414
4272_519136_519117,25.91,180
2104_514001_511237,59.06,5
2841_514049_514048,13.61,1
2121_516080_515054,25.86,36
3351_513244_504007,24.06,7
333_513294_513276,24.95,335
431_502151_502101,26.10,333
3413_514056_514055,6.37,50
2473_516082_515025,41.06,1
2472_516240_501850,0.04,1
2212_516195_516120,21.09,68
2473_516088_515142,16.63,8
2473_516088_515143,32.52,4
282_513100_513101,32.19,223
2301_500251_512005,10.15,1
2841_514039_514550,16.76,39
2841_514049_514050,20.90,302
2841_514049_514051,16.43,1
2301_500251_512007,0.31,1
142_514039_514481,4.77,2
142_514039_514482,16.38,1
2141_514369_514368,39.52,6
2473_515050_515049,11.53,9
2212_514138_518030,31.21,416
150_502751_503005,25.09,59
2121_513006_504015,15.77,103
2473_514376_514278,15.83,365
431_504019_-1,19.73,4
2471_518003_515002,23.69,1
2301_512008_512069,14.50,161
2471_518012_515019,0.13,1
2274_513259_513261,30.98,276
2473_515050_515051,21.61,260
2274_512069_502551,30.78,2
2521_515113_515046,3.33,8
2301_500251_512017,54.46,2
353_515059_515060,29.46,244
4272_519136_519135,14.91,58
2801_518200_518202,35.63,98
2212_500102_513252,11.71,2
2241_500103_513252,1.58,1
3413_514196_514553,24.80,1
2212_500102_513254,21.38,392
282_513100_513127,8.44,72
3124_511441_511500,13.11,1
333_513294_513293,27.22,74
3413_514196_514552,15.19,133
2121_515014_515237,0.80,1
2241_500103_513254,20.59,268
2211_511323_515213,37.55,1
2104_516167_511424,15.95,2
2121_515014_515238,4.74,17
2273_518018_518075,26.66,397
2402_519048_501552,20.32,4
2301_500251_512024,16.89,5
2241_500153_514157,24.60,4
2273_516020_502151,47.68,1
2521_515119_515118,14.43,46
373_500056_-1,7.83,8
271_517212_517178,22.48,2
2273_513035_514010,22.63,1
271_511100_511323,48.75,1
271_511100_511321,12.22,1
2273_513035_514014,1.40,1
2401_514388_514390,21.33,89
2273_502250_502200,12.08,114
243_514156_514155,12.82,57
3172_511128_511257,26.27,2
2241_514414_514013,17.12,358
2211_518035_501502,104.01,1
271_516146_-1,43.18,1
2402_513121_513123,35.03,331
437_500750_500602,13.76,301
271_511100_511319,48.92,1
2841_503007_-1,20.52,2
3441_514487_500162,15.66,1
2101_516076_516079,22.69,355
3172_511122_511493,16.21,32
2473_516082_515064,14.48,293
355_514212_514195,42.28,1
2212_518049_514002,9.69,1
2212_514014_514010,48.45,3
2274_513253_513254,22.29,8
2212_514014_514012,33.26,447
2121_513144_513143,6.30,23
2121_515042_500155,28.89,1
2243_-1_514465,16.46,21
2402_513121_513119,13.54,9
2521_-1_502850,14.97,4
421_500104_-1,11.46,31
150_502801_502851,30.26,413
2211_512112_512046,26.52,294
2121_513144_513151,54.89,1
271_517213_517006,3.42,25
142_514482_514481,9.12,19
2121_513144_513150,29.57,309
2521_502401_515061,12.53,1
3411_514026_514554,43.38,1
2471_518012_515069,23.58,1
2274_513269_513271,14.72,1
2101_511005_502251,23.19,29
324_512156_512157,19.03,109
324_512156_512155,18.12,17
2242_512148_512211,21.19,122
142_514482_514483,21.17,1
2242_512148_512214,43.09,1
2274_513253_513257,32.33,293
2472_516006_516237,10.19,1
2242_512148_512212,23.58,360
421_502400_500800,0.09,1
2212_513112_513063,31.45,430
4272_501702_501652,11.79,92
427_512035_502550,42.20,1
2402_519047_519054,13.95,98
2471_515017_515019,26.39,1
355_514433_514432,18.59,9
2274_501451_501551,11.20,1
311_511346_511249,12.88,115
3721_500052_517034,11.01,7
3721_500052_517039,26.70,11
2121_515044_515045,26.34,336
352_515167_515169,22.49,1
321_-1_513252,58.84,1
2121_515044_515043,12.05,112
352_515167_515168,16.64,99
311_511346_511232,13.08,1
347_514204_514233,32.64,24
272_500952_516077,25.56,1
437_501550_500601,22.79,829
2243_513252_513325,20.95,124
2243_500103_513058,32.36,1
431_502303_500201,24.56,1
2471_515017_515029,12.17,1
2273_514410_514002,3.47,1
2473_502103_517213,0.12,1
2471_515017_515021,29.92,1
2211_515146_515026,28.23,2
3172_511119_511120,25.72,142
3191_511361_511196,34.17,3
2273_514410_514009,22.35,434
3191_511361_511195,26.53,380
311_511346_511261,43.69,1
2274_512069_513280,25.30,1
311_511346_511264,20.55,4
3124_511488_511292,35.24,1
2121_516138_515145,33.60,1
2101_516076_516074,28.32,28
3124_511488_511290,0.07,1
142_514429_514481,31.86,1
150_502700_502600,5.41,2
355_514433_514415,19.33,1
3132_511268_511467,17.12,100
347_500156_-1,2.85,2
2273_514410_514011,13.39,1
3132_511268_511465,25.82,122
2121_515044_515009,13.88,6
3124_511290_-1,7.76,4
2243_513252_512019,9.79,27
427_513254_502400,14.70,1
3721_500052_517014,24.94,373
311_511346_511250,24.58,473
2471_514382_517011,40.45,1
3721_500052_517015,18.95,43
2471_514382_517012,0.12,1
421_502300_501855,40.46,4
2243_500203_513326,19.14,55
271_511106_511489,33.49,1
2524_500800_500851,23.97,616
282_513254_518158,36.51,1
385_518189_518120,16.54,26
3172_511119_511118,14.76,4
2301_512041_512123,28.17,422
131_502101_501951,24.52,1
2274_501451_501501,20.31,482
140_500159_501052,35.31,643
347_514021_500156,9.55,2
2301_513270_513268,25.81,645
282_513100_513037,17.38,1
355_514432_-1,0.68,2
150_502851_501450,15.48,1
2273_516047_516017,38.01,277
142_514194_514021,36.82,2
271_511106_511469,32.44,224
271_511106_511468,12.14,2
3411_514269_514054,33.64,1
2274_500105_517131,12.65,1
2471_515017_515069,8.21,144
3011_517002_518001,30.39,214
2842_514379_514085,40.47,1
385_518189_518188,2.73,164
355_514176_514174,15.53,1
2273_502103_-1,18.36,1
2141_515044_515009,16.92,5
373_517052_517279,43.51,346
2401_514389_514263,9.28,1
2401_514389_514262,6.95,1
353_514368_500166,16.05,252
2212_515149_515030,28.08,2
3122_511286_511166,10.51,1
3122_511286_511163,12.75,585
3122_511286_511164,22.99,8
3371_513190_513188,33.50,5
2121_513153_500202,6.58,1
305_512103_512072,33.98,1
3371_513190_513189,35.64,418
2841_514481_514048,5.90,1
142_501351_514199,19.41,2
217_502103_501853,12.07,2
2211_518097_519284,32.11,1
304_519130_-1,55.30,4
355_514212_514213,23.56,171
2141_511033_511226,24.07,70
2212_516195_516193,41.64,6
2274_517113_517208,17.53,14
2472_516239_516242,39.17,8
2472_516239_516241,30.07,371
2801_519050_519281,9.31,8
3122_511286_511167,9.35,1
311_511346_511213,14.69,1
131_502001_502101,28.62,2
2301_500600_512024,14.30,81
347_500156_514405,5.00,1
2104_516252_511242,42.01,1
272_511243_511235,13.35,23
3411_514056_500165,13.24,349
2211_511322_511019,19.08,1
305_519163_502400,0.11,1
441_500163_-1,18.13,18
3124_511442_511499,14.90,21
2471_518004_518009,1.64,2
2104_501501_500751,22.16,203
3124_511442_511498,15.19,144
3121_511394_511293,12.74,3
375_517179_517173,11.28,34
311_511496_511046,27.76,1
131_502050_502200,59.46,1
2521_515060_515059,22.75,2
2401_514392_514257,17.90,72
3413_514050_514051,15.19,136
2121_511281_516085,19.05,1
437_500251_500301,7.24,252
150_502700_502650,25.68,539
2141_511226_511100,19.12,29
2141_515044_515045,24.62,138
243_504015_-1,11.82,8
2141_515044_515043,10.01,43
2521_515060_515061,8.97,2
4272_513003_512001,15.00,33
2842_514415_514076,33.13,416
3442_514067_514069,34.54,1
2473_514367_515025,32.11,1
318_511337_511221,53.91,190
3442_514067_514068,25.87,298
2273_519015_519019,51.93,1
336_513166_513001,4.47,1
357_514483_514206,24.61,161
357_514483_514207,35.09,5
2273_519015_519017,16.76,9
271_511419_511420,24.06,237
271_511419_511421,28.78,2
2471_517010_516004,27.94,3
3124_511442_511488,5.74,1
2801_519119_519120,16.59,99
2471_518004_518006,12.90,79
999_-1_519281,0.07,1
142_501250_514056,27.51,1
311_511496_511031,14.38,6
375_517179_517180,18.17,2
3122_511164_511286,19.38,3
282_518132_503004,13.17,86
3122_511165_511182,17.85,9
3122_511165_511168,12.10,1
243_513142_513143,23.63,200
243_513142_513141,10.90,19
2242_512178_512024,17.02,409
3372_513079_513080,31.06,279
334_513111_513011,14.41,569
2473_502650_502600,24.97,259
2243_514413_514414,30.16,119
2471_501850_500154,3.41,1
3441_-1_500162,14.94,4
2273_502201_502151,19.22,401
131_500601_500700,22.81,543
334_513111_513012,18.87,59
437_501753_501701,20.91,834
3372_513200_513201,32.55,244
2211_511272_515146,31.83,1
3172_511129_511085,32.77,2
3123_511389_511377,26.75,238
3441_-1_500168,0.93,2
2842_502701_503012,29.40,358
3441_514069_500168,8.54,1
282_512014_503001,9.21,1
272_500900_500800,19.90,163
2243_514014_513104,8.06,53
140_500950_501403,30.30,622
3441_514073_514186,15.98,592
3122_511165_511166,14.07,512
3122_511165_511164,12.11,111
2211_511272_515138,26.15,1
2273_514011_513103,31.20,6
347_514204_514205,34.32,822
2524_515054_516080,20.51,503
2141_514415_514379,25.48,5
357_514432_-1,0.57,4
217_502200_502150,9.14,45
2273_-1_500101,2.01,1
2273_-1_500102,17.11,22
2121_515145_516089,22.77,242
303_519086_519087,22.34,405
357_514483_514249,50.28,1
2471_515002_518006,40.93,1
355_514276_514486,30.34,1
2471_515002_518003,22.67,2
2841_514549_514550,38.10,298
131_502101_501901,32.73,1
375_517179_517147,25.49,445
2273_513049_512019,41.54,1
3191_511207_511087,68.97,1
3171_511387_511021,52.51,1
2101_519025_519021,6.70,4
2524_515054_516083,25.63,17
142_514206_514483,7.10,42
142_514206_514481,3.32,3
150_502850_502900,8.93,54
272_502400_513263,26.58,1
272_502400_513264,2.05,2
3722_517014_517015,24.97,7
321_500107_513252,25.94,9
2472_518060_518149,39.57,327
385_518118_514369,8.37,1
3124_511438_511487,12.08,30
306_519072_519181,25.36,1
282_513291_514019,17.23,1
2402_513101_513129,18.87,407
2121_511281_515142,40.02,1
2273_513014_513309,34.09,283
371_517084_-1,55.20,4
2524_518037_518083,21.70,540
3124_511487_511437,13.31,16
3191_511195_511020,35.03,1
3124_511487_511439,40.19,9
2242_513220_512163,15.80,1
3124_511487_511438,21.78,54
2242_513236_513218,37.10,1
2242_512204_512133,14.48,1
282_513247_512035,23.25,100
2521_513229_513149,14.36,2
3124_511487_511440,11.68,4
2471_515151_515149,33.84,2
3124_511487_511441,13.80,1
2242_512204_500158,13.23,1
2402_513101_513131,15.78,3
2402_513101_513135,2.63,1
3011_519176_515001,14.09,140
3442_514086_514072,16.86,5
427_502450_502400,26.64,1
2212_511275_516192,41.25,337
306_519072_519161,29.81,2
271_511100_511223,17.57,211
2472_500154_501050,48.16,12
2472_500154_501053,20.76,1
2402_513101_513100,8.63,25
2104_500751_511281,5.38,1
140_501351_501301,37.61,627
336_513136_513212,28.61,4
452_503005_502851,16.85,2
2121_516107_514278,1.42,1
3781_517031_517030,7.20,72
2212_515143_516195,21.49,1
321_513043_-1,0.19,2
3781_517031_517032,16.11,388
2102_516220_516218,27.71,42
2473_515040_515046,1.26,1
2524_518037_518035,15.85,197
2473_515040_515048,18.29,1
3141_511037_511035,6.34,78
2473_515040_515049,0.18,1
3141_511037_511039,12.91,365
3411_514021_514020,19.22,20
347_500156_514205,5.71,4
318_511135_511257,28.22,1
271_511469_511106,5.94,12
1472_501703_501851,37.02,2
2211_511226_511329,34.78,30
2273_518077_518031,25.20,64
2212_515143_516139,24.80,1
2121_514415_514369,38.55,1
2521_512194_512054,4.83,9
2521_512194_512057,13.55,8
2101_519025_500900,22.24,1
421_502350_502400,7.35,316
131_500200_504009,23.28,16
2211_511318_511033,32.74,1
3422_514219_500164,22.98,163
2273_518077_518022,19.59,3
2243_514413_514013,12.60,1
2273_518077_518024,36.20,309
302_519125_519067,22.28,1
2211_511226_511320,24.22,1
150_502850_502950,21.73,1
3121_511292_511294,11.60,271
2401_514343_514119,26.31,54
3172_511129_511021,28.34,3
352_515242_515243,18.25,96
3141_511036_-1,0.91,2
2274_500107_500600,34.58,2
2104_501405_519026,14.36,84
3192_511050_511461,23.87,233
2401_514343_514116,30.10,1
2401_514343_514115,29.73,248
3781_517253_517226,18.09,116
2243_-1_500103,14.87,11
3121_511400_511294,7.84,3
3121_511400_511293,11.70,73
3121_511400_511292,8.27,5
2242_513236_513235,27.79,48
2121_514415_514384,42.08,1
2243_-1_500100,34.95,1
3442_514161_514559,22.23,9
2301_501551_501501,12.13,268
3172_511118_511493,2.57,2
353_-1_515190,11.20,6
140_501403_501301,51.18,3
2842_514379_514415,18.40,335
3011_501001_518001,11.69,5
272_519290_512206,19.52,1
150_502801_502901,15.40,2
272_512117_502400,34.38,2
2121_514415_514379,13.41,2
2121_514415_514377,18.26,12
370_517132_517133,21.57,297
2121_515145_515044,0.20,1
3132_511475_511269,26.41,1
2273_502201_502103,12.95,4
2212_511275_516138,34.45,3
2521_515122_515058,14.58,117
2521_515122_515059,12.93,10
2121_514157_514401,16.42,145
452_502901_500603,34.99,138
2801_518089_518124,24.73,11
3781_517253_517255,17.55,115
3781_517253_517254,31.63,137
2104_519021_519142,9.07,114
3123_511292_511287,4.84,1
302_519073_519039,19.61,10
131_500602_500500,12.94,220
304_519098_519099,21.14,289
302_519073_519038,29.18,391
304_519098_519097,24.30,84
2401_501550_514156,13.85,2
3192_511076_511379,9.10,2
304_519105_519110,1.34,1
3411_514051_514049,15.89,1
1571_501403_503002,6.53,1
272_512055_513016,23.98,385
375_517183_517221,22.06,19
352_514432_515247,0.71,1
142_514194_514467,50.41,11
3411_514051_514054,17.81,1
3411_514051_514050,20.40,49
2241_500153_514013,18.96,1
3411_514051_514052,16.15,506
3411_514051_514053,20.70,2
282_513100_513222,6.06,1
3372_513200_513199,4.63,48
2141_511491_511230,29.21,152
2524_516264_518083,18.44,1
2524_516264_518084,26.44,1
3781_517253_517271,14.50,54
2801_518169_515204,8.20,1
357_514246_514543,19.27,9
2471_518165_518009,24.23,437
2471_518165_518004,12.86,109
2841_514481_514482,39.44,288
2472_518148_518147,30.18,22
2274_519028_519027,5.69,80
2212_513112_513114,8.89,56
2211_511098_511468,23.72,4
2274_519028_519029,15.55,351
142_501351_514200,28.06,3
3132_511272_511467,0.30,1
2274_512154_512149,4.52,47
3172_511122_511111,9.21,2
2274_519028_519031,24.96,1
2273_517200_502100,52.81,4
142_514482_514326,33.08,10
304_519105_519106,34.60,286
304_519105_519107,9.73,1
2274_519028_519030,20.71,14
2141_511408_511226,20.60,2
3172_511122_511115,26.11,9
304_519105_519103,22.08,2
2273_513063_513309,34.85,1
304_519105_519104,9.66,7
431_502151_502201,9.46,104
302_519079_519112,15.54,47
373_517154_517155,25.04,381
2211_515025_515026,62.40,3
431_-1_504019,14.19,17
431_-1_504016,26.57,1
3172_511122_511124,36.36,1
3172_511122_511123,39.01,107
385_518019_518111,16.31,91
385_518019_518113,19.19,1
385_518019_518112,26.41,380
3172_511122_511120,28.91,3
302_519073_519072,14.68,78
3192_511080_511056,25.07,67
3192_511080_511059,4.33,94
302_519073_519074,28.78,1
2121_512209_512004,46.31,5
306_519183_519204,7.97,1
282_518162_503001,42.16,223
3121_516277_516276,30.24,184
2521_503004_515061,33.11,2
373_517154_517164,37.35,7
2121_514369_514431,25.06,1
271_501851_-1,1.01,1
2273_516018_516042,10.41,1
3372_513082_513085,5.76,4
2273_516018_516044,8.75,30
272_516065_516067,27.30,330
3192_511080_511081,22.38,251
272_516065_516064,11.79,107
3372_513082_513083,33.95,259
3372_513082_513084,1.49,4
3722_517014_517039,40.26,26
2402_513137_513139,26.46,316
271_511312_511316,16.36,42
2121_512209_512018,29.69,285
2273_516018_516048,22.16,363
140_501100_501052,12.46,187
2121_512209_512017,20.23,63
2402_513137_513135,15.15,52
2243_513103_514013,17.95,53
2402_513137_513140,31.96,1
271_511312_511310,22.59,271
2524_516264_518035,7.30,1
2524_516264_518033,23.00,487
3172_502304_511118,34.04,2
3452_514459_514128,10.67,1
2121_514369_514401,8.28,1
2242_512148_512104,25.19,1
336_513309_513014,20.49,79
302_519073_519050,23.27,1
304_519105_519133,14.36,1
2121_514379_513253,8.04,1
2211_-1_511323,33.29,2
272_516065_516072,8.55,1
1571_501603_501850,0.01,1
3191_511201_511202,77.79,10
2211_516264_516096,19.92,39
2841_514468_514083,81.73,1
2801_518189_515174,16.04,1
431_502201_501951,1.88,1
452_502750_503003,26.49,179
2471_514401_501752,35.70,2
2471_515017_515007,19.00,527
2471_515017_515009,9.38,1
452_502850_502750,29.19,201
2242_514132_514134,33.88,366
3351_513242_513243,22.86,465
3351_513242_513244,15.77,1
3192_511067_511068,14.94,4
3351_513242_513241,17.05,79
2121_516108_515054,36.50,279
3192_511067_511066,15.49,88
2242_512133_-1,9.27,19
318_511251_502313,9.34,2
2141_515014_515238,31.05,4
311_511254_511496,15.02,1
217_511043_511044,33.99,103
3112_511253_511258,18.18,6
333_513042_513051,23.56,2
2801_518089_518090,20.64,73
357_514251_514078,23.33,194
2212_511298_511277,23.03,56
2212_511298_511275,32.41,350
2402_513137_513106,27.91,10
3124_511432_511487,25.51,3
357_514251_514075,7.04,3
3192_511067_511074,26.82,236
3121_511453_517275,15.47,1
370_517133_519115,25.96,1
2121_512017_513253,11.26,1
2121_512209_500100,21.29,1
355_514195_514432,36.07,1
3442_514353_500166,34.29,1
3131_511230_511269,18.54,3
3121_511453_517272,13.96,173
3121_511453_517273,19.32,2
333_513042_513043,18.28,347
421_501702_501750,27.82,915
333_513042_513044,14.80,8
2212_511298_511283,0.23,1
2841_514033_514032,9.33,106
272_513264_513015,54.11,2
2242_514132_514130,7.19,144
333_513042_513041,14.80,33
2841_514033_514037,13.65,343
2141_514373_514384,20.58,8
2212_502301_518063,8.17,1
131_502101_501651,54.55,1
2212_502301_518061,30.52,2
2521_512021_518016,27.59,1
3372_513199_513200,17.37,281
3372_513199_513201,27.02,1
3372_513199_513202,13.64,2
427_513254_512144,12.31,2
355_514195_514421,2.13,1
2121_512017_513261,9.60,17
2121_512017_513262,27.63,2
2211_516081_516080,11.88,111
3413_514021_514053,26.50,3
2274_512069_512070,5.41,105
427_513254_500106,10.57,15
302_519043_519112,23.73,366
421_501753_501001,24.67,5
2211_516081_516082,20.07,312
3133_-1_502309,11.80,14
2121_514382_500160,18.86,53
2521_515202_502751,22.24,5
2473_515046_515025,27.50,1
2242_512148_512133,0.09,1
3371_513095_513195,16.03,3
321_513045_500105,1.75,1
142_514246_514481,13.20,2
302_519069_519051,12.71,3
142_514246_514482,24.55,22
3133_511458_511494,10.17,2
3133_511458_511495,6.81,1
3422_514070_514072,36.30,2
3422_514070_514071,27.01,3
2274_512069_512008,21.95,431
2242_512132_513216,19.90,501
2471_516004_516137,19.81,36
2121_515009_502600,2.49,1
3422_514070_514069,13.09,59
2242_512132_513233,56.33,1
421_502451_500104,20.60,2
2121_516090_516081,1.27,1
2301_500251_513251,16.45,1
142_514246_501150,32.86,1
431_502303_501853,9.99,8
2301_500251_513253,32.77,3
2121_516090_516088,5.91,91
2121_502301_513142,42.10,1
3442_514556_514557,27.98,246
3413_514021_514020,18.67,5
2471_514376_514374,30.54,37
2243_514049_514538,4.65,17
3442_514556_514555,24.28,63
2242_512214_513216,22.53,1
421_502300_501701,5.30,3
271_511106_511315,1.50,1
2301_500251_513271,12.50,2
304_519144_519093,4.30,2
2273_-1_501151,11.66,7
3192_511067_511084,31.29,1
3112_511264_502310,15.74,3
2273_513014_513290,39.09,1
2301_500251_513267,0.74,1
217_511043_511020,23.66,27
2301_500251_513263,0.30,1
427_513254_512181,44.53,1
282_512035_518143,27.93,1
2401_501550_514134,21.85,1
2801_518058_515204,10.83,1
427_513254_512182,4.12,1
2211_515146_516268,23.34,1
142_514246_514474,32.32,3
3411_514050_514538,18.68,1
3112_511253_511251,9.57,137
437_504009_500850,6.66,1
376_517065_517067,19.88,3
376_517065_517066,23.84,425
385_518019_518185,15.36,1
2211_511033_511320,21.15,1
2211_511033_511324,24.85,1
2472_516242_516241,12.96,105
375_517173_517179,38.59,316
3172_511118_511383,16.40,4
2212_516139_511284,17.99,1
999_519124_-1,2.06,2
352_515157_515158,28.24,112
2243_514024_514025,24.71,94
142_501350_501500,16.32,676
2242_513216_512164,2.05,1
999_-1_518060,0.65,2
2212_516139_511276,23.49,3
3452_514462_514243,9.14,23
2212_516139_511278,31.62,2
3172_511118_511384,23.47,126
302_519069_519080,20.61,380
332_-1_513209,11.59,2
2273_502303_516019,63.42,4
3452_514348_514019,20.03,7
2102_511238_511102,0.13,1
2104_511424_511242,41.16,1
2243_514024_514023,26.39,8
2273_518153_518025,30.98,1
2273_518153_518027,19.41,112
318_511256_511020,20.13,98
2301_512149_512154,23.12,435
2242_500158_-1,10.89,5
2101_519025_500952,12.95,70
336_513136_513166,25.16,2
437_501753_501853,17.39,315
2102_516216_516218,22.43,250
2102_516216_516214,8.73,31
2241_504010_513251,30.29,1
3192_511056_511462,25.33,27
2241_513325_513252,15.43,120
2273_502303_516028,21.57,1
2212_515143_516120,19.61,478
2402_518030_501552,0.06,1
2241_513325_513254,37.56,1
2273_518153_518023,54.72,1
2402_500151_514002,27.07,1
3124_511487_511497,2.51,2
321_512078_513252,27.29,423
2524_518035_515171,6.59,1
302_519069_519079,15.46,146
2121_512019_504015,33.07,1
375_517173_517144,24.46,64
999_500160_-1,0.09,1
3124_511448_511290,6.73,10
2242_514080_514157,13.27,101
3124_511448_511292,14.54,346
2273_502303_516038,34.11,1
2121_516084_500103,20.18,1
2242_514080_514154,22.21,350
2274_517109_517110,20.83,372
2273_-1_501100,0.68,3
357_514404_514074,35.92,180
3721_517015_500052,12.44,260
302_519069_519067,2.12,2
421_-1_502550,100.11,1
2473_511316_517213,16.68,69
421_-1_502551,59.13,17
2212_511278_511284,29.06,2
2471_516134_515030,26.71,1
302_519043_519127,33.41,1
2121_515054_516108,20.50,7
2242_512204_512049,22.56,416
3124_511432_511433,18.85,61
2473_515046_515049,34.94,5
282_518134_518133,28.65,59
2801_519119_519050,16.31,21
2241_514014_514399,51.23,1
282_518134_518132,4.44,2
3124_511432_511434,12.41,1
2473_515046_515048,20.72,2
3124_511432_511437,24.50,1
282_518134_518135,27.05,285
3124_511432_511436,20.85,1
2472_518010_516015,10.78,1
2273_502303_516042,31.46,1
3124_511432_511439,9.31,1
3124_511432_511438,48.75,2
2101_511006_516049,53.49,1
2473_502100_-1,12.34,13
2121_514379_502600,16.27,21
2471_516134_515029,13.16,1
140_501351_501403,14.19,227
2473_515046_515050,39.55,2
2212_511278_511279,35.03,400
3131_511478_511324,17.81,37
2472_518010_516008,28.64,1
2472_518010_516009,14.40,141
2101_511006_516053,29.81,1
2104_502301_500952,57.73,1
2273_514399_514558,28.33,367
421_502200_502150,9.50,233
2472_518010_516005,0.03,1
2241_513325_513203,33.79,1
2473_515046_515040,5.94,1
385_514426_500161,20.85,1
2472_518010_516010,14.57,1
2521_512105_512020,21.62,2
271_-1_511098,7.80,15
304_519098_519100,20.76,53
2521_512105_512021,23.91,78
2242_513216_512132,12.46,199
2473_515238_515237,6.31,6
3124_511487_511444,11.10,1
3124_511487_511443,12.63,1
2141_511317_511018,23.61,5
140_501403_501251,19.73,2
2521_512115_512194,12.79,9
282_518134_518155,34.82,1
3122_511351_511350,7.77,115
3122_511351_511352,16.69,336
2141_514379_514415,19.61,107
1571_501402_501000,20.28,659
3132_511324_511478,29.79,258
357_514074_514251,21.26,11
2242_512204_512038,4.68,1
302_519125_519126,27.28,350
302_519125_519127,27.71,2
302_519125_519124,11.97,16
142_501350_501552,17.08,1
2473_515046_515063,22.92,156
3132_511269_511272,31.97,1
3132_511269_511271,16.64,6
3441_500162_514427,0.35,1
2473_515046_515062,6.86,9
2104_516216_516218,22.15,265
131_501002_500950,15.75,221
3171_511387_511386,25.18,565
3132_511269_511270,27.94,221
3171_511387_511385,12.61,13
2521_514320_502850,22.48,1
2274_513272_513273,19.71,334
2102_511104_516224,23.94,21
3132_511273_511019,26.97,121
377_516271_516141,21.44,32
332_513166_513183,12.63,134
272_502400_512057,14.11,184
377_516271_516143,36.78,6
2121_511281_515020,22.68,1
352_515010_515018,38.83,97
352_515010_515014,25.12,4
140_501351_501201,50.09,1
2521_503003_502401,0.58,1
318_511184_511344,47.98,4
2301_512123_512041,26.12,72
2104_516219_500751,10.74,1
2301_513280_512154,25.79,4
2101_500751_516235,0.13,1
2242_513236_512015,10.73,1
421_500850_501702,45.87,2
282_513247_513248,22.69,276
2241_513327_504010,28.83,1
1472_-1_500163,57.27,2
2301_501401_513049,1.76,1
2104_514001_500751,0.34,1
3121_511292_511377,16.19,211
2242_514157_500158,27.53,11
1571_501603_501703,1.43,1
352_515242_515169,11.70,29
2472_518060_518003,16.62,2
2242_513328_514314,5.79,1
2242_513328_514312,17.76,1
2301_513280_512149,17.20,570
3422_514090_514091,23.34,418
3422_514090_514092,25.43,1
2842_502700_514087,36.24,1
311_511264_511213,0.21,1
2273_517200_502050,23.46,416
3411_514047_514048,22.73,396
3411_514047_514046,14.81,54
1472_-1_500152,11.59,27
3172_511021_511252,33.28,149
318_511184_511343,22.68,14
332_513166_513167,17.15,445
332_513166_513168,23.41,16
321_512078_500107,8.70,9
3172_511021_511257,13.52,91
2102_511349_511237,46.46,158
2102_511349_511238,18.01,1
2101_500900_519142,12.14,1
2102_511349_511239,28.93,1
2521_515122_515121,17.97,24
2524_502901_502951,26.29,593
2801_518169_515174,28.44,14
431_500353_500301,38.76,334
2472_518189_501850,13.56,1
2102_-1_501000,18.53,4
334_513068_-1,0.24,1
323_512153_512144,21.91,26
2211_516244_516093,33.97,6
3721_517037_517278,22.83,160
2471_515148_516134,35.46,1
3422_514090_514088,19.18,116
2141_511226_500160,0.09,1
2273_513256_513048,27.85,1
355_514277_514176,39.35,193
282_503004_518134,19.31,4
282_503004_518135,27.81,3
282_503004_518132,24.78,286
282_503004_518133,24.95,3
3411_-1_500165,2.30,2
2521_513229_513228,15.83,56
3132_511465_511464,18.70,35
282_503004_518136,7.81,1
3132_511465_511467,9.89,5
2524_516086_516097,24.76,2
2521_518110_518099,23.20,157
2211_516244_516085,19.09,1
2521_513229_513230,21.05,197
306_519183_519181,27.21,2
2141_511481_511228,39.84,133
2141_511270_502301,19.23,1
355_514277_514173,36.10,1
306_519183_519182,7.94,43
2121_500202_504008,9.94,155
355_514277_514174,33.52,31
306_519183_519184,26.04,320
306_519183_519185,13.09,62
2101_516070_516074,15.83,2
2473_515161_516085,21.12,284
2101_516070_516072,20.39,333
2473_517212_516233,33.03,305
3132_511465_511476,22.14,5
371_517014_517016,22.00,573
2104_511424_511284,4.00,1
2101_516070_516079,16.38,1
3132_511465_511472,17.78,2
2401_514258_514259,30.26,259
2401_514258_514261,15.14,1
2401_514258_514260,8.41,1
2104_511424_511279,45.88,1
318_511343_-1,28.50,4
2242_513220_513329,24.07,422
2242_513220_513328,1.06,1
2472_518148_518050,35.80,363
3372_513098_513100,8.60,6
3441_514073_514468,39.77,1
2471_515151_515069,38.73,413
2301_512149_513280,17.22,176
2402_514114_514115,31.70,298
333_513052_513051,21.56,85
333_513052_513054,19.35,40
3372_513098_513106,0.16,1
333_513052_513053,22.97,337
333_513052_513055,15.11,1
304_519105_519093,16.07,1
334_513021_504006,16.11,1029
2101_516070_516067,26.04,150
336_513136_513138,4.60,1
2524_516086_516080,56.91,2
2121_500155_514080,13.57,1
243_-1_500155,17.57,16
2473_502601_514278,1.31,67
311_511264_511250,10.61,161
272_502100_519026,28.96,4
2473_515161_516089,13.16,67
272_512195_512056,24.26,92
272_512195_512057,20.87,348
3442_514086_514161,24.95,7
333_513052_513045,41.81,4
2524_516086_516087,24.46,587
2211_516080_515213,12.43,1
2211_516080_515214,30.46,45
2524_516086_516083,10.19,78
2473_515142_517178,27.81,1
427_502450_502550,26.54,1
3372_513082_513106,20.77,46
377_517268_-1,22.63,4
2471_518004_518165,19.89,443
2841_514193_514376,25.26,312
2273_516043_519019,13.33,2
2101_516065_502303,13.17,1
311_511264_511249,43.05,1
2121_514373_514431,32.07,362
333_513294_513029,33.35,4
3441_514054_514056,15.19,4
305_512101_519163,17.97,326
2402_513127_513100,20.85,402
3372_513200_513080,6.21,1
2473_517213_517006,4.04,21
142_514207_514039,36.24,516
377_517123_516247,29.66,273
377_517123_516246,8.19,20
333_513294_513030,42.64,5
321_513026_513027,20.62,363
321_513026_513025,11.14,118
377_517123_516248,68.41,1
4272_512001_502400,14.39,32
2141_-1_500160,12.88,20
3441_514054_514055,43.60,455
311_511264_511265,20.76,451
2274_517008_517105,8.50,1
2274_517008_517104,13.06,1
3372_513200_513079,18.38,1
431_501951_501651,45.83,1
2472_503001_516010,43.40,1
2274_501000_517190,18.54,2
282_503004_518155,25.17,1
2211_511321_511319,16.20,106
2212_518164_503004,33.34,416
333_513294_513041,25.17,22
2104_500952_519142,28.98,2
370_517132_517064,26.45,73
2524_518085_516090,34.67,1
2121_516138_516192,9.39,5
2243_514044_514045,17.54,109
355_514277_514195,0.05,1
2121_516138_516194,22.32,305
2212_513112_513231,29.89,9
2243_514413_514150,26.84,33
2402_513291_513123,18.42,45
3411_514031_514033,16.10,9
3411_514031_514032,25.57,433
333_513294_513051,22.05,1
2402_513127_513101,22.87,7
3411_514031_514030,21.63,171
2211_511321_511323,26.83,338
321_513026_513041,29.82,3
2521_503004_515116,43.13,1
243_513008_513009,22.11,131
243_513008_513007,16.66,49
2402_513291_513127,38.93,349
271_511315_516233,34.60,1
3192_511080_511187,12.72,1
1571_502600_-1,17.00,32
2842_514278_514193,33.98,3
2273_513014_513231,8.26,103
2243_514023_500103,10.48,1
357_514207_514484,0.94,1
3133_511403_511225,25.54,96
2212_500102_500101,13.58,32
427_502450_502500,6.67,110
2841_514376_514278,16.09,409
3133_511403_511224,17.53,301
2402_501552_513119,0.05,1
311_511215_511046,17.60,1
305_-1_519039,9.50,1
318_511341_511343,44.41,160
3172_511128_511493,26.04,3
3122_511174_511353,15.02,1
427_501701_501803,8.95,148
321_500107_512078,24.57,321
373_517154_517042,33.76,1
373_517154_517041,28.51,75
305_-1_519041,4.14,13
373_517154_517043,14.36,2
3192_511076_511461,18.41,57
3172_511122_511257,31.00,5
3452_514459_514019,17.06,4
311_511215_511031,27.08,1
2472_518050_518148,5.02,49
2274_513269_513015,27.37,444
431_502151_502303,12.10,1
2402_501552_513100,0.92,2
2402_501552_513101,46.13,1
437_500750_500850,23.20,769
2104_519142_519025,10.87,87
441_501151_501201,8.41,129
352_515137_515136,12.17,7
131_500950_501002,22.13,672
2104_519142_519021,17.95,319
304_519144_519130,21.21,243
431_502303_500353,3.56,1
2211_501351_518105,15.28,1
2841_514235_514481,19.70,1
3721_517037_517223,9.15,73
2841_514235_514482,20.49,117
271_516232_511242,28.82,2
131_501852_502000,33.48,1
304_519144_519129,24.90,7
2472_518060_518058,15.07,64
3131_502312_502311,10.02,193
2273_513063_513231,29.01,232
306_519072_519071,21.24,81
142_514210_514429,19.75,85
2241_500103_513058,40.14,1
306_519072_519073,16.09,376
347_500156_514196,37.05,2
2524_512020_512022,11.34,16
347_500156_514195,23.52,3
2524_512020_512021,28.49,589
2211_518097_518105,26.77,361
2274_512210_500107,9.25,1
2211_511223_516092,29.63,1
142_514482_514246,21.79,414
2402_501552_513121,6.79,2
441_502200_502303,17.36,322
3452_514452_514453,26.08,200
282_518160_500102,7.26,1
2471_514376_514278,15.83,482
2141_514278_514376,11.23,50
321_-1_513024,1.49,1
2121_514095_513141,8.67,1
3441_514276_514174,31.90,476
421_502051_501951,34.38,797
3441_514276_514173,5.26,47
2211_501351_518097,30.61,262
3131_511478_511484,22.55,1
373_517154_517076,28.82,1
2211_501351_518098,28.01,1
2242_512148_512006,8.24,2
142_514246_514326,27.54,466
2841_502650_502700,10.53,137
271_511423_511422,15.07,75
271_511423_511421,1.45,1
2243_513112_513203,12.93,25
2473_515141_515025,23.14,434
131_501701_502300,7.43,1
375_517183_517184,26.88,375
375_517183_517185,45.77,1
2471_501752_-1,36.61,5
271_517006_517213,26.08,233
427_513254_512014,27.78,308
2242_513216_512213,11.66,1
321_-1_513041,16.61,19
3721_500052_517248,19.97,14
352_515248_515249,15.70,87
321_-1_513047,37.21,9
271_516173_516167,22.88,225
3722_517034_517035,16.44,142
2212_502301_518189,26.15,1
2524_500800_500600,15.44,226
2402_514153_513140,22.75,1
2274_501000_517109,33.52,1
352_515248_515247,11.89,34
311_511192_511347,19.55,11
2401_514157_514080,25.85,286
2273_-1_513290,9.45,3
2473_502000_502050,24.02,414
1571_501850_501003,0.35,3
3172_511384_511120,20.62,3
452_502701_503005,30.16,162
321_-1_513033,4.20,1
2141_511317_511107,6.65,2
3191_511207_511204,27.21,1
2301_500600_500251,0.04,1
2211_511034_501502,31.72,4
3112_502315_502310,4.65,14
3191_511207_511208,42.25,216
427_513254_512035,26.35,1
2102_516224_501400,10.78,1
3131_502311_511034,26.59,291
2471_516004_516005,14.59,505
3172_511384_511119,23.55,155
3172_511384_511118,24.98,11
2472_518050_518164,25.15,383
3452_514452_514454,10.23,2
999_-1_518111,0.06,1
3172_511384_511115,16.89,1
2211_511099_511098,16.40,111
2102_519021_519292,11.32,85
2472_514058_518003,19.27,1
3122_511351_511289,5.54,1
376_517065_517152,10.11,120
2121_515014_515010,23.20,340
2102_516226_516224,32.57,280
2121_502301_514369,19.37,1
427_502551_500104,33.60,276
2121_515042_502600,26.84,2
353_515193_515059,17.47,256
427_512035_500106,24.26,1
302_519079_519067,0.17,1
302_519079_519069,21.50,493
2102_516226_516228,11.42,71
306_519199_519198,18.66,35
318_511339_502313,50.45,5
2243_514554_514027,23.11,53
2121_515014_515018,25.20,2
2243_514554_514028,26.06,109
2121_515014_515023,0.31,1
2211_501351_518045,16.12,1
142_514429_514210,39.05,506
3721_517204_517150,24.04,508
131_501701_501001,25.51,2
2301_501551_512069,1.04,1
2472_516239_516011,3.76,90
2212_514409_514410,39.18,406
2521_503004_515202,35.19,62
142_514429_514209,6.93,18
2121_502301_514381,39.38,1
142_514429_514208,41.54,2
421_500800_500850,26.98,908
306_519052_519281,10.93,287
2301_513251_513048,9.71,177
150_502700_502800,8.96,1
2211_516090_515153,19.64,1
3124_511497_511439,12.80,43
3411_514269_514270,25.13,387
272_502000_501950,9.07,144
2273_516047_516270,43.05,1
3121_511449_517276,18.68,211
3191_511207_511246,28.34,2
3411_514269_514271,11.73,2
2521_514317_513225,9.44,1
3124_511497_511440,17.74,22
3124_511497_511441,15.99,1
2121_515054_516080,21.91,294
3121_511449_517277,7.56,12
140_501301_-1,1.79,1
2121_515054_516081,29.47,2
370_517259_517072,22.67,327
421_501702_501852,53.05,9
302_519079_519080,12.46,5
427_519164_519165,17.16,334
2274_513272_512024,11.48,2
302_519043_519289,14.21,36
373_517043_517042,11.63,189
3191_511201_511199,25.35,1
3124_511497_511444,20.33,246
3124_511497_511443,21.91,40
2102_502301_519061,20.24,1
140_501250_501150,1.19,1
2212_511279_500102,1.07,1
2842_514219_514073,62.47,1
3442_514557_514090,62.10,1
2402_500156_500151,10.94,90
2274_512210_512178,7.58,1
2141_514373_514431,34.29,133
321_500107_500105,18.08,48
272_516069_513264,10.91,1
347_514198_514197,16.54,115
347_514198_514199,34.44,573
2472_516010_503001,3.04,1
2102_516220_-1,0.33,2
431_502102_502150,34.58,349
272_511315_511313,3.40,72
2102_511349_511301,29.47,3
3191_511201_511180,33.42,7
357_514544_514543,7.79,6
2121_-1_515161,47.38,2
357_514544_514545,13.63,212
357_514544_514546,11.75,14
2273_518022_518020,33.17,302
452_503005_502901,44.64,1
311_511496_511261,5.83,2
2273_518022_518024,7.32,24
2471_515030_515147,28.38,436
282_518134_518077,22.30,1
353_515193_515060,28.97,10
2274_513272_512007,11.49,89
347_514204_514405,12.73,9
2471_515030_515149,16.22,1
2471_515030_515148,23.41,1
357_514544_514548,16.06,16
2101_516078_519021,20.20,28
2471_515030_515151,5.63,2
3411_514269_514235,30.24,1
2273_518022_518018,20.97,2
311_511496_511264,10.62,1
311_511496_511265,8.05,4
3121_511400_511377,6.30,4
2102_511281_511284,23.63,45
3172_511344_511493,6.31,1
427_512035_512181,4.85,1
427_512035_512182,27.38,280
3442_514090_514088,24.20,65
2521_512194_513205,34.20,1
999_502301_-1,3.00,6
272_512054_512206,66.81,1
2102_502301_519059,54.69,1
2301_500202_513050,7.02,223
150_502650_503002,9.76,4
3442_514557_514087,9.27,7
441_502303_-1,10.52,18
2241_514014_513104,9.50,136
3442_514090_514091,24.19,388
3442_514090_514092,21.49,4
2842_514219_514068,17.07,1
2243_514414_-1,0.25,1
999_513182_-1,0.40,2
2241_504010_513111,30.19,11
2842_514219_514067,22.48,393
3452_514347_514460,22.86,21
2242_512133_514156,32.00,8
2102_-1_502301,11.82,16
140_501403_501351,18.18,794
3124_511438_511440,30.94,2
3124_511438_511441,2.16,4
2211_502351_502315,11.78,1
3124_511438_511443,19.46,17
2521_512115_512054,17.28,244
2521_502801_518110,18.79,1
3722_517034_517014,46.54,2
3124_511438_511439,24.14,26
334_513011_504006,33.84,1
3192_511187_511486,30.00,1
272_519021_516235,0.87,1
2473_515036_515037,27.36,308
2121_504008_500100,53.00,1
2524_516268_515161,13.68,15
2301_512070_500601,18.24,220
2242_514157_512133,18.92,4
271_511109_516184,27.81,234
427_502401_502451,49.22,2
2242_514157_500152,19.57,167
3131_511478_511416,32.12,3
2121_516108_515196,45.55,1
142_514534_514202,39.61,481
142_514534_514201,32.94,8
2274_517103_517102,13.65,78
2104_516252_511424,26.68,334
2274_517103_517104,38.76,356
271_511109_516172,17.93,1
427_512035_512144,27.45,2
2242_512133_514128,18.04,1
2121_514278_514374,0.04,1
2241_514413_514414,33.89,271
2121_514278_514376,15.35,96
2241_500103_-1,3.65,4
3124_511438_511437,10.38,3
2301_513270_512123,60.12,1
375_517219_500055,8.59,4
2473_511309_511311,29.19,332
2473_515187_516097,28.15,1
2102_511238_511239,33.09,206
131_504009_-1,21.34,9
140_500751_500950,38.40,5
2273_514011_514013,16.35,416
2401_519141_519139,35.65,1
2141_514371_514381,38.01,102
353_514303_514302,17.36,58
353_514303_514305,42.26,1
441_501854_501350,11.41,102
353_514303_514304,30.92,250
2402_513127_514155,22.01,1
271_511468_511099,5.78,14
2273_514011_514009,19.65,40
2841_502650_514379,18.20,345
271_511468_511098,46.67,3
3112_511266_511297,28.61,149
2473_516082_516081,1.96,95
347_514202_514232,32.73,800
271_511468_511090,24.15,282
347_514202_514233,32.21,5
2273_512019_513254,19.74,15
2273_512019_513252,27.80,350
2473_515040_515238,20.50,18
131_500400_500450,41.77,520
282_512134_513289,29.14,1
2273_501151_513103,45.96,1
2242_514134_514132,15.82,53
2524_-1_515139,16.06,8
2402_513130_513092,33.26,285
2471_515148_515147,21.67,81
2471_515148_515149,41.79,405
3132_511324_511267,10.00,4
421_501001_502300,14.53,1
2473_516082_516090,9.07,1
2141_515041_515042,23.83,140
2104_519026_501405,19.20,300
427_501854_501950,15.55,456
131_504009_500850,3.24,1
1472_501251_501703,1.91,1
2242_513236_512100,25.24,361
1571_502951_502901,11.85,258
2273_518154_518016,24.38,378
2273_518027_501151,15.01,15
333_513044_504005,0.18,1
2473_516082_516088,1.65,1
2472_516237_516133,18.17,137
4272_519117_501702,8.34,1
306_519190_519189,19.31,129
306_519190_519188,52.47,4
427_512023_501950,39.08,1
2401_514346_514396,5.72,1
272_513270_512207,70.97,2
2243_513113_513048,26.26,112
2841_500165_514172,0.05,1
131_500300_500350,24.45,621
427_502501_500104,7.54,1
305_519043_519289,12.81,21
2273_518154_518027,6.40,2
2401_514346_514392,4.75,1
376_517063_517062,24.92,23
376_517063_517061,12.75,2
2524_501501_512022,0.09,1
376_517063_517064,11.62,4
427_502450_512022,22.49,358
2471_517007_516093,30.51,2
306_519190_519192,9.78,1
306_519190_519191,23.16,274
2243_514053_514052,3.07,5
282_514262_518160,58.02,1
2242_512203_512049,19.86,9
271_511417_511319,45.85,1
282_512081_500101,22.35,5
2211_515213_516082,0.26,1
2121_500103_514155,3.58,1
2243_514023_514467,25.46,26
2473_515037_515036,23.04,56
2242_513220_513219,18.21,130
243_514154_514155,17.64,200
332_513209_513183,21.95,3
243_514154_514153,22.35,64
322_512121_500110,6.71,1
2121_500103_514154,34.89,1
271_511417_511323,31.78,1
3112_511266_511258,2.06,126
2801_518069_518071,37.33,2
1571_502851_502801,20.56,95
2121_515142_511278,20.52,1
452_512023_502350,16.83,208
318_511459_511021,10.90,1
1571_502951_501600,25.19,2
2301_513262_513258,56.54,1
322_512065_512064,21.28,356
322_512065_512062,8.71,119
3172_511124_511493,17.81,60
2243_514053_514054,31.95,76
311_511046_511496,6.54,2
2121_515142_511281,15.52,2
2402_514114_513149,4.46,97
2402_514156_500157,10.44,13
3122_511289_511286,21.14,543
375_517144_517173,38.97,323
421_501950_501750,1.03,1
2402_514156_500150,24.63,446
311_511255_511031,21.42,488
3372_513197_513201,13.36,2
2102_511284_501400,1.26,1
322_512065_512032,18.62,7
375_517144_517179,31.46,59
305_519163_512103,26.04,282
2301_513262_513260,24.27,478
2211_511318_502312,23.53,1
2242_513220_513234,10.67,1
305_519163_512101,10.78,80
427_512181_512144,0.14,1
2211_518194_516267,20.28,1
2401_519141_519140,19.59,71
3452_514458_514457,11.22,13
318_511334_511335,0.23,1
2141_511491_511490,13.41,29
3452_514458_514459,21.82,157
2473_514367_514382,24.37,40
431_502151_501951,34.48,2
2471_514076_514377,13.00,416
2471_514076_514379,15.65,1
272_513269_513015,28.99,440
2273_514410_518027,32.36,1
357_514246_514326,26.29,179
3122_-1_511290,0.32,2
323_512184_512153,5.32,2
437_504009_501853,7.17,1
131_502300_504016,24.75,1
3192_511379_511050,20.49,1
282_513193_512181,1.67,1
3131_511456_511034,6.89,1
441_501250_501350,23.03,3
3192_511379_511051,14.91,90
3192_511379_511052,22.19,271
3192_511379_511053,30.14,1
352_514433_514441,23.85,104
3172_511110_511020,42.56,2
3411_514035_514246,22.90,12
2102_511279_501400,7.95,2
2101_516051_516110,16.75,1
371_517029_-1,56.35,1
272_513267_512037,0.70,1
2471_518004_500154,5.28,1
3371_513078_513106,2.70,2
2242_512147_512006,14.56,1
140_501500_501550,22.24,807
2524_516090_516088,6.68,138
3413_514052_514053,17.99,131
421_502151_501855,8.96,1
3413_514052_514051,14.53,82
2273_518027_501101,7.51,1
375_517168_500055,53.97,1
3721_517204_517278,14.82,65
352_515196_515159,1.89,1
322_512091_512121,11.92,1
3122_-1_511289,3.75,1
2273_518027_514409,36.69,1
271_511419_511098,16.48,2
272_511313_511315,19.39,355
2102_501400_511105,1.20,1
2301_512019_513050,19.77,2
2402_513100_500157,13.41,1
333_513054_513053,16.76,79
333_513054_513055,16.61,359
352_515247_515248,16.92,116
352_515247_515249,33.53,2
3011_500601_501001,12.19,1
282_518136_518155,26.59,225
2274_517105_517104,18.91,82
2473_515037_515058,15.42,191
2473_515037_515059,18.12,3
2102_511105_511104,28.76,11
347_514021_514467,39.04,778
2211_511098_511223,27.48,1
333_513054_513043,13.67,1
2243_514048_514047,11.87,28
357_514376_514076,33.84,17
357_514376_514079,43.98,25
140_501200_501350,42.36,3
323_512184_512186,24.93,4
323_512184_512185,19.63,153
333_513054_513044,10.30,3
2243_514399_514010,22.50,42
3441_514070_514071,25.59,1
2141_514401_514367,47.59,4
352_514433_514432,23.18,4
3722_517223_517222,5.85,67
3441_514070_514069,11.73,114
2121_514401_514113,16.96,1
375_517144_517143,17.06,70
2274_513272_500600,10.26,1
3121_517276_511449,34.96,15
2274_-1_500601,7.86,4
333_513054_513030,29.62,1
3413_514020_500156,20.83,38
2121_514417_514367,22.59,1
2211_516268_511271,36.75,1
334_513066_513307,16.67,5
373_517155_517154,28.13,78
4272_519166_-1,18.55,2
2521_514114_512105,6.99,1
3371_513083_513100,16.07,1
441_501150_501250,6.87,1
243_513009_513007,30.75,1
3192_511461_511187,9.73,1
333_513054_513029,24.71,8
2524_516264_516092,18.85,2
441_501250_501300,38.00,401
3442_514163_514092,29.53,2
2524_502351_500603,10.50,266
3442_514163_514088,20.42,1
3442_514163_514087,4.03,1
282_513148_514262,0.23,1
2524_518046_518194,30.06,592
243_513009_513008,16.06,7
2141_514401_514382,32.35,151
2273_513013_513256,23.75,1
2524_516090_516094,6.65,2
140_501200_501300,50.50,2
2242_514157_514080,23.80,425
2212_516120_511276,44.33,1
2141_515238_515010,21.41,1
376_517064_500058,2.18,1
2141_515238_515014,32.30,120
2524_516090_516092,27.16,462
272_-1_511235,70.35,1
3192_511379_511076,19.85,13
2524_516264_516096,18.40,62
3441_514056_500162,10.64,22
2524_512022_518036,0.98,1
2104_519026_501451,11.02,3
2471_501850_516268,45.48,1
3131_511480_511481,34.99,303
421_501001_502351,21.05,2
347_514195_514194,7.48,61
347_514195_514196,26.30,874
2212_-1_500101,29.36,4
2212_-1_500102,17.27,21
2273_501151_501101,38.17,347
243_514080_514157,13.98,45
2121_515013_515020,17.59,21
2121_515013_515021,36.33,289
336_-1_513215,13.53,4
2274_500600_500900,36.73,308
3131_511480_511479,20.73,74
2524_512022_518045,2.49,1
2472_518147_518050,26.25,1
1571_502751_502701,24.21,1
2212_513062_513113,43.98,3
2212_512019_513049,51.60,1
2471_516093_516112,24.57,1
334_513068_513066,31.50,582
334_513068_513067,60.34,2
272_512206_512054,6.08,1
2212_513062_513111,32.56,408
305_512104_519041,18.02,1
3721_517204_517203,17.03,4
2101_502251_502303,7.69,83
2101_502303_519022,11.09,1
3721_517204_517205,22.62,247
2101_502303_519026,0.23,1
2121_514001_515021,0.30,1
2521_512057_512111,22.57,204
2121_514001_515020,17.33,2
243_514098_514113,18.82,4
2471_514382_518003,18.98,2
2212_513013_513062,27.72,393
311_511232_511215,20.78,10
2521_512115_513205,19.80,38
2471_515069_515151,8.22,10
2102_516224_511105,30.72,3
2102_516224_511104,20.16,243
3133_502310_502309,5.80,178
243_513158_513008,25.04,1
2211_519175_519013,10.06,155
243_513158_513009,6.05,9
2273_501150_518077,31.76,2
2471_517009_517010,12.58,93
243_513158_514365,9.06,1
3452_514386_514126,29.64,5
142_502350_512023,7.39,216
142_502350_512022,7.80,4
2471_516093_516134,3.10,54
2473_515143_511311,27.84,1
2521_515058_515122,8.26,1
2274_512017_513015,29.53,1
370_517196_517195,20.49,17
3721_517204_517225,12.65,170
3721_517204_517224,25.13,22
2101_516069_516055,23.63,1
441_501050_501150,34.94,11
2121_514417_514372,32.32,347
3192_511082_511059,15.55,1
2102_516206_-1,6.09,1
2401_514397_514134,31.38,284
2121_514417_514370,10.27,6
2212_513113_513251,33.19,3
385_514292_514291,11.58,101
2121_515023_500103,18.12,1
2274_500600_500951,14.31,1
452_502351_500603,12.36,77
3133_511226_502310,0.23,1
131_500700_500650,32.28,538
3131_511456_511107,21.37,13
421_502051_501855,19.87,14
3191_502314_511206,20.50,1
2274_512043_502551,31.26,4
3191_502314_511204,28.13,3
385_514290_514530,32.04,2
2521_512115_513225,54.59,1
142_514209_514429,26.17,410
2242_512147_512072,18.44,109
2101_516069_516068,18.35,399
2524_516094_518084,42.41,1
2101_516069_516066,14.36,2
3192_511082_511061,14.43,36
3192_511082_511062,20.82,280
385_514292_514293,20.16,299
3131_-1_511269,21.06,6
2242_513222_514313,15.10,84
3351_504007_-1,2.77,3
437_504009_500602,0.47,1
3172_511126_511122,67.93,1
2524_515171_515146,10.73,18
2471_515021_514379,24.13,464
3172_511126_511124,39.90,8
3172_511126_511125,24.09,4
334_513068_513021,0.86,2
2801_519091_519281,12.93,96
1472_501851_-1,26.11,17
3172_511126_511127,29.54,32
3131_-1_511268,20.03,1
282_518136_518133,2.75,1
282_518136_518134,20.80,1
131_500700_500601,19.63,76
347_514200_514428,42.78,668
347_514195_514200,1.57,1
282_518136_518135,12.90,88
2211_515214_511106,66.52,1
282_-1_513191,0.73,2
282_-1_513193,1.72,1
1571_502651_502601,16.88,149
272_501405_501502,24.73,1
2101_516069_516071,31.41,18
2524_515003_516083,14.77,1
2473_500154_-1,17.23,29
2521_512020_502401,15.77,85
2524_515171_515153,6.05,2
272_512206_512021,32.11,397
347_500151_500156,15.21,603
2473_-1_500154,10.28,20
2521_515058_515121,16.50,1
305_519166_519165,17.04,112
2521_515058_515120,13.06,1
3442_514556_500166,48.81,1
441_501150_501200,32.94,423
2301_513257_513253,13.03,51
2301_513257_513251,25.95,2
305_519289_519162,18.97,123
3411_514037_514035,21.82,410
3411_514037_514033,19.00,105
282_512181_500102,15.68,3
303_519082_519083,23.40,356
303_519082_519081,29.21,1
2841_514482_514481,30.30,29
427_502550_512144,11.88,99
2471_516239_516241,30.12,445
3371_513083_513082,12.12,16
3371_513083_513084,37.63,352
303_519082_519086,22.98,1
2121_514415_502600,32.30,227
2471_516239_516242,27.79,1
3192_511052_511379,12.22,66
2274_517110_517111,21.33,321
3781_517029_517254,36.18,3
2274_512178_500600,31.05,5
3411_514037_514036,35.55,10
2402_514112_500150,2.29,1
2274_517110_517109,4.43,108
357_514495_514494,7.71,8
2121_514401_514157,24.90,456
2524_515003_516097,55.46,1
2211_516090_-1,36.30,1
370_-1_519282,21.76,3
271_511489_511100,42.23,1
272_511235_516070,23.43,1
3191_502314_511252,12.10,5
131_500500_500450,16.22,43
1472_501653_501703,12.71,216
2211_516267_516244,20.58,342
2473_515063_515050,45.03,1
2472_516240_503001,36.19,1
2473_515063_515046,15.04,31
373_517129_517096,11.69,2
3721_517248_517222,21.93,1
2242_514313_514121,31.64,50
2473_515063_515048,35.42,133
2473_515063_515049,32.74,8
131_500200_500250,32.29,607
370_519108_519264,34.79,210
2401_514119_519054,0.55,1
2801_518169_518189,26.20,95
2121_513152_513151,12.38,112
2121_513152_513153,31.08,402
2211_515161_511271,66.50,1
357_514074_514075,18.26,223
2273_501150_518024,39.11,1
304_519131_519103,89.52,1
3122_511289_511290,7.22,21
3721_517248_517224,13.69,1
322_512121_512120,5.11,52
2402_519049_513123,10.30,1
373_517129_517090,7.43,98
282_513102_513100,1.36,1
272_516052_516177,21.13,2
282_513102_513101,20.70,72
2211_516267_516245,28.35,4
2102_516078_519021,23.67,19
2301_512117_512017,1.61,1
4272_519117_501652,25.15,180
437_504017_-1,14.66,14
2301_513257_513259,30.21,2
272_516254_516072,21.35,1
2801_518174_518090,39.71,1
2473_502103_514443,23.30,1
2211_516267_516266,9.69,36
2471_515030_515029,16.24,110
332_513209_513166,20.79,2
2841_514233_514481,21.41,296
2211_518082_518154,19.58,381
2211_518082_518152,27.21,43
304_519103_519131,45.80,2
282_512081_512034,42.03,238
304_519103_519132,32.09,1
3124_511441_-1,6.67,5
2274_519027_517108,7.86,120
332_513209_513164,23.45,410
427_512181_512182,35.77,1
1571_501000_501850,26.89,1
304_519103_519133,25.23,19
142_514467_514021,19.13,72
142_514467_514020,16.67,1
3172_511126_511111,17.84,1
2121_514443_514431,0.38,1
3721_517248_517204,16.89,1
3442_514358_514359,19.65,265
2841_514233_514468,40.52,1
2301_500251_500600,16.17,1
2841_514379_514232,35.83,1
272_516254_516052,27.12,374
272_516254_516054,27.61,3
140_501251_501101,44.51,1
2402_500751_501552,11.07,168
2273_516048_518027,3.99,1
2472_500154_518147,33.77,1
282_514386_513127,44.46,1
2524_512023_502350,20.81,723
2801_518174_518039,19.31,112
2473_516128_516127,30.93,56
282_-1_513102,3.81,4
2521_514318_514317,24.51,85
2521_514318_514319,21.08,212
2273_501101_518153,0.48,1
2141_511416_511417,30.85,141
2141_511490_515061,3.20,1
311_511346_-1,13.47,1
2212_513290_513035,14.78,145
421_501950_501702,20.25,1
142_514021_514020,18.09,22
306_519185_519204,27.86,331
2301_512017_513263,27.56,424
2301_512017_513261,16.63,23
3781_517083_517255,29.92,109
3781_517083_517253,13.30,2
2301_512017_513267,47.35,1
2102_516218_-1,21.45,1
2521_512115_513249,25.12,1
2524_-1_515171,9.46,19
3172_511131_511251,44.63,1
3192_511082_511083,25.51,2
421_502550_-1,38.15,2
999_502302_-1,4.90,2
2121_513152_513163,0.33,1
2273_501150_518031,26.26,348
3781_517083_517227,6.78,1
3141_511249_511346,27.35,481
3124_511499_511500,16.54,141
385_-1_500161,0.03,1
353_515194_515060,18.82,26
373_517129_517076,0.21,1
334_504006_-1,12.19,5
3452_514314_514386,28.30,16
2842_514379_503007,13.48,3
2471_517013_501752,16.24,597
140_501300_501350,36.72,646
427_502550_500106,7.58,1
357_514495_514404,38.35,173
427_519117_501800,1.59,1
2801_518174_518041,65.46,1
2473_515063_515040,40.92,4
272_501552_500603,22.95,438
3413_514196_514195,13.82,37
217_511020_511361,29.60,1
304_519103_519104,30.98,256
304_519103_519105,23.29,30
3141_511265_502302,14.38,379
1571_502851_502751,1.37,2
2101_500900_516078,10.28,1
441_501050_501100,24.93,461
2211_518033_518035,34.00,226
2273_516044_516042,10.88,4
282_512134_512081,13.71,279
2101_-1_516061,2.98,3
2402_519034_519035,26.66,339
2101_-1_516063,19.75,2
2211_511100_502315,20.88,1
377_516142_516141,11.96,1
357_514548_514249,26.17,165
2101_516050_511348,14.79,81
2471_501850_516134,0.08,1
377_516142_516143,34.42,253
2273_502100_502050,8.39,138
318_511132_511334,42.90,6
2524_-1_515028,13.01,3
421_500800_501002,14.18,3
2101_502303_-1,20.63,26
427_501854_501800,10.46,176
2471_515029_516093,38.20,1
2521_515121_515060,26.57,1
2841_514279_514232,34.65,308
2841_514279_514233,37.66,3
333_-1_504005,8.46,6
2473_502103_502650,110.56,1
3141_-1_502302,11.52,23
2841_500165_514023,13.21,4
2212_514002_513048,28.19,1
2273_513062_513103,3.74,1
304_519096_519263,7.82,34
318_511334_511232,15.65,27
3132_511273_511272,17.14,115
2521_515121_515059,24.03,1
2402_513123_513291,19.67,334
2521_515121_515058,18.65,4
370_519264_519109,26.65,215
131_500400_500300,48.08,1
370_519264_519108,28.63,67
2841_500165_514056,7.21,1
2842_514073_514421,24.84,469
2273_513062_513111,32.56,381
3372_513106_513099,9.10,2
2273_513062_513113,34.21,3
3452_514314_514460,12.41,2
3372_513106_513096,0.08,1
2472_516009_516240,42.43,8
376_517063_517172,15.36,194
427_501951_502101,7.10,132
272_512123_-1,22.99,2
3372_513106_513098,11.37,2
282_514386_513222,26.02,4
2472_518013_516240,19.45,66
3372_513106_513097,32.23,1
2842_514073_514427,43.52,1
3411_500165_-1,23.19,12
2273_516044_516018,35.97,313
2471_-1_518009,0.11,1
282_513148_514312,0.24,1
322_512091_512092,26.02,234
2121_500103_514097,1.85,1
322_512091_512090,6.75,13
2212_516192_511275,33.73,69
3372_513106_513083,82.99,1
217_511361_-1,29.56,13
3372_513106_513082,21.98,329
2521_518151_514320,20.85,67
2841_500165_514053,11.52,1
2801_518069_518126,26.58,110
3372_513106_513085,8.37,6
3372_513106_513084,24.89,2
2472_516237_516005,16.51,399
2472_516237_516006,31.68,8
2472_516237_516007,24.71,1
336_513215_513058,34.48,2
318_511334_511256,27.93,1
318_511341_511136,0.24,1
318_511341_511135,37.11,102
2473_515139_516097,6.40,13
272_516233_517212,19.96,39
421_501001_502401,36.90,1
2402_514218_514112,31.47,5
2274_501001_519031,11.40,120
2104_511422_511301,19.97,85
2121_514155_500160,33.60,1
272_519021_516078,27.32,317
1571_502951_502801,2.21,1
272_519021_516077,29.33,1
318_511341_511184,45.52,6
140_501151_501051,32.14,1
271_516232_511425,49.79,1
272_501452_500603,32.12,2
2841_514279_514273,41.00,2
2401_501550_519141,10.01,1
375_517218_517229,20.66,461
375_517221_517230,25.99,32
2242_514157_514154,15.44,1
322_512065_512187,31.29,7
3411_514042_514054,36.26,1
2241_514013_513103,23.32,368
2102_516221_516219,24.10,335
2102_516221_516217,8.98,2
2102_516221_516215,29.05,1
2102_516218_516216,16.14,66
2102_516218_516214,13.75,4
2402_513130_513132,6.58,58
3122_511289_511166,17.92,1
2241_514401_514080,25.00,2
3122_511289_511163,11.82,24
352_515196_515023,26.59,2
318_511257_511252,33.12,72
2301_512017_512117,29.87,1
2841_500165_514021,39.04,2
2841_500165_514020,24.37,376
3172_511124_511344,7.32,1
3172_511124_511343,40.31,2
2141_511281_502301,16.18,2
2101_516051_516053,16.01,112
2473_515139_516087,17.67,1
2212_518030_514409,18.60,2
2402_519034_519049,5.40,30
2212_518164_516120,70.75,1
2101_516051_516049,32.77,358
2101_-1_516056,0.68,3
427_519117_501652,29.03,389
1571_-1_501800,27.80,1
376_517059_500058,21.29,3
2104_516220_501451,24.31,1
421_501552_501001,11.01,1
437_504009_500400,46.52,1
271_511423_516146,19.27,1
2274_517105_517008,42.52,3
2402_514218_514152,37.38,375
2274_517105_517007,35.35,313
2473_515142_515143,40.71,234
305_-1_502400,14.46,7
2101_519026_519290,11.64,102
3011_512001_512133,12.62,33
131_500451_501550,39.44,1
2273_519019_519017,12.41,407
3372_513097_513098,25.32,278
2471_514374_500154,6.81,2
3372_513097_513099,22.86,2
2273_519019_519015,22.22,2
2211_511098_511323,16.68,95
3372_513097_513096,8.59,67
3441_514186_514468,24.49,579
140_501351_501051,0.84,1
2521_512057_512195,3.25,29
2521_512057_512194,19.02,1
2471_514278_514374,17.84,1
2211_516244_516268,20.38,1
371_517020_517231,20.38,16
2471_514278_514376,12.80,118
2211_516244_516267,13.79,81
2211_511098_511319,10.49,1
352_515247_515136,13.39,1
2101_516079_502303,0.09,1
3191_511209_511181,35.64,240
1571_502751_502801,27.48,603
2121_512209_513262,41.59,5
2241_513203_513112,35.84,302
243_513009_513159,22.31,1
243_513009_513158,35.10,138
2211_511099_516081,41.20,1
3411_514042_514041,13.62,124
3411_514042_514044,20.62,1
355_514415_514379,17.70,29
272_513267_513264,24.80,1
2102_516218_516220,24.34,228
2121_512209_513260,15.04,1
2141_514371_514431,18.73,5
272_513267_513269,27.45,298
2242_512152_512024,16.78,8
421_501701_501753,10.31,317
272_519142_516077,3.26,1
999_-1_515247,1.12,3
272_519142_516078,23.55,24
421_502151_501951,41.65,4
2211_516244_516245,28.62,282
2473_514372_514374,13.80,6
271_511422_511423,31.73,260
271_511422_511421,7.61,16
140_501500_501450,9.27,303
322_512065_512122,19.52,3
140_500851_500950,35.03,712
322_512065_512120,21.45,11
3122_511168_511169,17.07,427
2471_517007_516137,30.02,11
2241_514013_514414,11.58,114
3122_511168_511167,9.47,98
2104_516005_516006,29.64,284
355_514213_514486,21.80,1
377_516142_516185,25.18,1
333_513277_513029,41.62,3
2211_515025_515146,0.64,1
357_514246_514484,11.02,1
140_501100_501150,35.52,630
2241_500103_514156,11.46,2
322_512091_512029,16.38,2
2521_514316_513225,11.09,1
2473_517175_517006,27.05,368
357_514246_514482,22.31,18
3124_511434_511286,23.85,1
306_519041_519200,22.51,1
2273_513013_513105,33.82,1
385_514287_514367,33.48,3
1571_502751_502851,22.51,4
3372_500251_513199,56.08,1
377_516186_516185,23.90,36
3372_500251_513197,22.72,9
377_516186_516187,22.93,243
306_519041_519202,11.47,51
2524_515003_516103,21.95,493
3011_501451_501502,23.48,302
352_515196_515070,24.61,1
2242_513236_512208,22.12,3
3131_502312_511033,15.32,2
355_514485_514277,23.03,1
373_517163_500056,11.73,1
3411_514467_514023,18.92,469
3124_511434_511292,3.15,2
3411_514467_514024,17.41,2
2402_513093_513292,0.10,1
3411_514467_514021,34.69,67
357_514546_514545,14.74,35
357_514546_514544,16.54,26
357_514546_514543,26.64,1
2841_514235_514236,27.32,2
2274_517109_519288,9.90,107
3192_511075_511380,20.83,1
282_518136_518077,16.06,2
2524_516081_515140,55.31,2
2212_514001_518030,31.00,2
2841_514235_514233,31.92,1
321_513042_513045,34.42,2
321_513042_513046,32.00,1
441_501101_500163,24.74,2
321_513042_513041,8.68,45
2121_513040_504008,45.72,1
421_501552_502351,23.99,8
321_513042_513043,19.49,340
333_513277_513041,22.20,1
322_512065_500110,6.94,1
2274_517110_517190,12.19,1
2473_515061_515237,36.06,2
2211_515025_515138,25.79,350
2521_515058_515059,21.11,144
2243_514027_514026,7.10,9
131_500400_500350,12.56,170
2211_515025_515141,24.28,79
2521_515058_515060,34.63,3
333_513293_504005,5.86,5
2524_516081_515139,9.51,1
217_511496_511196,36.41,20
271_511090_501851,19.22,1
2524_501501_501452,9.97,221
333_513277_513030,10.03,35
131_500500_500602,21.47,659
431_500251_504016,37.18,1
2212_514399_514003,44.82,1
2121_514443_514384,27.78,330
306_519192_519038,37.19,1
2472_500154_518060,22.47,2
441_501150_501100,10.45,88
2473_516127_511309,26.36,6
421_502051_501701,14.12,1
2102_511102_516225,34.20,1
3721_517278_517039,23.69,117
140_501300_501250,7.86,190
2101_501552_516073,11.09,2
3721_517278_517038,20.96,289
322_512121_512090,41.67,1
3721_517278_517037,18.25,89
2101_511012_511008,37.28,306
2101_511012_511006,50.07,2
376_517015_500058,9.49,376
2104_516149_516218,0.91,1
306_519192_519041,51.62,1
2212_514399_514010,17.79,165
2212_514399_514012,0.65,1
2101_501552_516077,33.46,1
243_513161_513159,34.83,1
2101_501552_516078,10.69,1
2242_514129_514125,22.43,351
2121_514443_514373,31.70,5
282_512181_512035,39.88,265
3441_514056_500168,22.58,429
2121_514443_514377,7.30,43
333_504005_513029,14.92,1
353_515190_514302,35.93,1
2212_518147_518148,29.67,358
2472_500154_518058,14.39,1
322_512121_512089,17.80,260
2242_514129_514131,26.58,31
332_-1_513164,9.90,7
2121_514401_514095,25.11,1
243_513161_513160,4.55,3
243_513161_513162,39.91,144
306_519192_519052,4.23,2
2212_514011_514013,17.49,429
306_519192_519051,13.50,2
2301_513260_512004,40.91,387
2121_514401_514098,1.78,2
318_502313_511251,24.56,10
2211_511033_511226,20.40,134
2121_514401_514099,37.94,1
3192_511049_511048,29.83,2
3141_511249_511261,18.25,158
2473_515237_515238,41.89,265
2402_514116_514115,16.56,7
2121_511284_511279,7.84,135
2121_511284_511281,21.57,385
2212_514011_514009,25.50,49
2242_514411_514347,31.60,22
142_514209_514535,8.80,58
282_-1_513292,0.80,2
2121_514401_514080,13.98,9
3122_-1_511352,7.63,7
3452_514463_514461,18.73,1
2101_501552_516057,38.61,2
3452_514463_514462,22.33,27
2212_514011_514002,103.75,1
243_513158_513159,20.41,167
3452_514463_514464,19.37,193
333_504005_513052,30.68,3
333_504005_513051,54.53,1
282_512181_512014,23.95,73
333_504005_513044,0.23,1
3452_514386_514019,13.19,80
2211_516093_516267,35.85,1
2211_516093_516266,12.68,1
3141_511249_511250,3.40,7
2211_516093_516268,19.39,356
2101_516049_511008,26.70,1
373_517162_517045,28.09,470
3131_511456_511228,2.48,1
2473_516127_511315,45.78,1
3192_511463_511084,26.07,1
272_516058_519022,29.47,1
2212_516169_518149,32.84,2
373_517162_517046,36.69,21
318_502313_511232,9.47,1
2273_514002_501151,12.60,3
2841_514235_514271,23.24,285
3192_511049_511051,6.52,1
3452_514463_514450,12.04,2
3192_511049_511050,20.65,270
333_504005_513041,1.39,1
333_504005_513043,5.37,3
304_519093_-1,42.99,2
2241_513203_513058,10.43,46
2242_512133_514312,12.68,1
431_502102_501950,13.57,99
3192_511463_511075,21.44,52
3124_511499_511488,15.35,1
243_514401_500155,9.24,24
2274_500951_500900,11.49,166
2243_513111_513113,29.56,102
306_519185_519182,16.17,1
306_519185_519181,14.94,1
217_511043_511361,13.19,2
385_518113_500167,27.94,1
376_517058_517014,8.97,208
421_502051_501753,39.04,1
355_514183_514469,16.19,163
306_519041_519289,32.10,349
3191_502314_-1,7.09,8
2104_516149_516256,0.05,1
3122_511168_511170,17.96,4
306_519185_519184,8.33,5
376_517014_517015,28.61,2
3132_511271_511467,0.11,1
2211_516093_516245,18.52,94
3122_511171_511175,12.91,1
3192_511463_511068,28.00,1
3122_511171_511173,15.09,9
3192_511463_511066,26.08,256
2242_514411_514345,25.43,439
282_518157_518161,9.33,2
2521_503003_515118,25.00,2
2211_518045_516093,28.56,1
2301_513257_512003,40.35,381
2273_514002_513105,27.24,1
3122_511168_511182,16.28,2
2524_512021_512020,14.81,207
2524_512021_512022,17.81,367
2301_512117_513263,19.39,53
3172_511126_511021,54.55,1
2301_512117_513269,27.54,2
2301_512117_513267,18.24,493
2141_515013_515020,21.51,7
2141_515013_515021,36.20,123
2121_516230_515143,11.43,134
305_519289_519043,25.01,280
375_517188_517186,44.32,1
375_517188_517187,15.91,23
3721_517278_517015,0.66,1
375_517188_517189,33.69,355
427_502550_512022,2.68,1
2212_513013_513103,27.43,1
1472_500150_501051,15.97,97
427_502550_512023,12.09,1
2301_512117_513259,33.80,1
2273_514002_514409,21.90,317
2841_502701_502651,9.57,81
2104_516149_516255,22.44,227
2141_-1_515061,20.28,2
2102_511103_511239,33.51,1
375_517188_517176,36.54,1
2212_513013_513111,34.19,4
2471_514415_514076,34.19,457
352_515247_515158,0.57,1
3121_517276_511369,19.57,244
3372_500251_513201,7.20,2
353_515194_515126,26.46,266
2212_516170_516171,33.00,396
2524_516103_518084,40.91,1
3124_511499_511445,16.90,6
3124_511499_511446,9.85,1
2521_515040_515238,11.11,6
352_515019_515011,37.44,100
2842_500164_-1,20.41,8
352_515019_515015,25.09,1
336_513215_513001,4.79,1
282_512081_512134,13.22,44
306_519266_519071,23.12,65
2212_514002_514409,22.99,341
306_519266_519072,33.62,1
333_513275_513294,15.92,12
353_515190_514381,44.71,1
376_517014_517058,15.81,528
376_517014_517059,26.50,66
427_519117_501702,33.18,1
271_516128_516172,9.77,15
2121_504015_500203,17.04,181
431_504019_501950,48.12,1
427_502550_512014,9.78,1
140_501251_501201,21.66,779
2212_514002_514410,51.03,2
1472_501000_501802,10.79,1
282_514386_513291,21.59,2
217_511496_511215,27.32,103
3121_511368_511400,13.81,17
3121_511368_511401,17.70,2
333_513275_513293,12.05,306
282_518157_518159,11.30,1
2402_500151_501050,38.01,18
347_514467_500156,26.48,2
282_518157_518158,21.00,235
371_517017_517228,10.77,56
2241_513231_513014,23.98,345
3192_511052_511461,35.44,1
131_500300_500400,18.21,2
2521_513230_513229,20.53,51
3122_511171_511172,18.87,529
2521_515012_515238,38.67,145
375_517218_517216,30.78,1
333_513275_513276,6.99,1
2524_512020_-1,0.05,1
272_513269_-1,17.43,1
282_518157_518143,29.62,2
3124_511499_511437,7.10,1
2273_516048_518154,22.54,288
2273_516048_518153,8.47,1
3781_517164_517076,26.51,134
2212_516170_516169,16.55,149
3124_511499_511435,4.24,1
2212_516170_516168,5.18,1
2241_514401_514157,24.98,379
3124_511499_511441,19.23,1
2212_514002_513105,37.70,1
3124_511499_511442,17.11,19
271_511468_511106,14.63,2
272_516254_516177,36.37,1
2521_515040_515202,4.58,1
217_511215_511496,7.56,5
2242_512133_514314,4.51,2
140_501300_501200,10.55,2
2473_515040_515062,32.44,285
2473_515040_515063,17.88,1
375_517218_517217,8.99,10
375_517218_517219,12.04,3
142_500751_512022,21.24,1
2273_513290_513309,12.77,1
2274_512043_512044,31.29,351
2101_516049_511012,24.10,365
2471_515021_514415,15.68,1
2211_518085_502351,58.61,1
2274_512043_512042,24.50,16
243_514082_514080,18.79,63
131_502150_-1,18.33,2
2212_516170_516139,41.55,1
441_501201_501251,11.58,139
2102_501000_501400,8.70,75
2521_515116_503004,37.85,1
318_502313_511221,61.11,4
3192_511077_511053,17.98,56
3192_511077_511052,19.90,2
305_519043_519112,23.80,307
3122_511350_511170,5.58,209
2273_501101_518030,27.62,371
3372_513106_513038,33.91,1
2521_515121_515122,14.03,143
3121_511449_511369,7.87,13
2521_515121_515120,10.15,48
3422_514068_500164,38.85,1
2101_511011_516050,61.21,1
385_518114_518115,35.53,244
3413_514196_514054,42.93,1
353_514368_514381,18.62,19
272_516052_516254,19.53,108
370_517196_517064,11.04,224
2472_518164_503006,29.06,459
243_514082_514095,23.91,170
3192_511049_511073,13.28,103
385_518114_518113,23.39,75
2841_514026_514554,31.99,1
324_512175_512155,13.26,95
3192_511049_511070,44.87,2
311_511213_512002,27.37,469
2243_513013_513062,24.87,117
3372_513102_500251,3.23,1
2472_500154_518004,38.15,1
373_517162_517076,0.15,1
2472_500154_518009,26.19,1
2273_514399_514408,40.63,1
3191_511209_511212,19.72,1
2241_513231_513063,12.78,29
2472_518003_518004,15.30,2
3192_511077_511079,14.99,1
376_517014_517060,16.81,1
3192_511077_511078,19.15,302
427_502401_512021,13.93,2
243_514098_514082,39.08,1
2212_518049_518051,25.36,65
3131_511019_511324,26.59,337
324_512175_512165,0.16,1
355_514081_514415,30.20,48
142_512023_500751,0.96,1
355_514081_514433,47.50,1
332_513164_-1,8.29,4
243_514098_514099,35.61,151
353_515190_514368,14.12,1
2472_518003_518006,33.48,344
3372_513199_513198,5.60,31
2471_515030_516268,1.34,1
376_517058_517061,29.62,1
3191_511209_511204,27.33,1
376_517058_517062,24.38,17
376_517058_517060,23.42,536
3172_511131_511112,50.41,136
3172_511131_511113,55.92,3
3172_511131_511110,28.77,7
243_514098_514096,17.60,38
2471_514076_514415,14.41,60
303_519082_519111,15.22,1
324_512175_512176,16.77,42
324_512175_512174,9.78,7
272_519025_519142,19.20,383
3132_511019_511267,0.34,1
2211_518098_518082,23.36,1
2524_518045_502900,14.51,35
142_514214_514215,30.57,571
2472_518149_518006,36.26,6
142_514214_514213,12.21,82
3192_511061_511059,21.07,8
2472_518149_518003,18.98,312
2243_513106_513140,13.06,48
3452_514461_514463,20.86,1
2471_501850_516005,12.06,1
2273_516037_516035,32.81,366
377_516142_516273,22.21,7
377_516142_516274,12.59,53
3132_511019_511273,9.16,1
271_511424_511242,21.87,1
140_501100_500159,22.16,1
2211_502315_518035,14.04,1
2521_515040_515062,31.08,157
3192_511061_511082,28.25,227
217_511361_502103,51.56,1
3192_511054_511380,17.80,1
305_502400_502350,20.00,467
373_517076_517045,10.55,3
2273_502100_502150,42.11,350
3131_511107_511034,22.05,18
2273_501151_-1,0.06,1
2273_502200_502250,16.58,388
3132_511324_511019,9.23,83
431_501950_501652,0.98,1
3422_514403_500164,8.84,4
2141_500160_511484,14.44,1
3413_514050_514553,18.72,22
355_514415_514081,31.17,198
3781_517083_517033,8.38,41
3781_517083_517031,18.61,3
355_514415_514083,40.16,25
2401_514346_514154,20.66,60
373_517076_517050,28.66,2
318_511334_511132,46.31,195
2521_515040_515046,29.90,2
318_511334_511133,45.99,6
2121_515021_500155,0.25,1
2274_513253_512003,29.93,1
305_502400_513003,8.84,2
305_502400_513002,18.67,1
3192_511080_511462,27.57,10
271_511090_511106,23.82,272
421_502200_-1,41.65,13
1571_502851_501700,8.28,2
2273_513062_500101,6.83,1
271_511090_511100,47.74,1
318_511459_511252,25.87,24
318_511459_511257,32.61,1
150_500751_500851,23.33,555
336_513215_513166,26.37,1
421_-1_501753,17.52,1
437_500750_504009,14.44,1
2301_512178_500600,22.58,2
2274_502551_-1,40.20,10
2401_514346_514133,33.05,239
3124_511441_511296,11.47,2
357_514404_514495,5.28,1
1472_501000_501600,26.87,727
3124_511441_511292,20.52,4
2524_518045_502950,45.15,1
441_502201_502101,27.29,425
2242_512147_512211,27.52,314
2121_516195_516230,24.30,41
2211_502315_518083,9.67,1
2471_516011_518074,3.43,29
2801_-1_519281,11.92,3
2121_516234_516089,13.46,2
427_512206_502501,1.04,1
3722_517223_517037,12.51,143
272_513269_513263,0.66,1
322_500110_500108,15.11,32
2842_514219_514376,24.09,4
272_513269_513267,25.75,48
271_511489_511408,32.64,1
3452_514461_514460,14.11,72
282_512034_512081,11.11,17
427_502501_502551,21.41,351
2274_512041_513268,8.42,88
3452_514461_514462,24.06,5
217_511196_511021,0.15,1
2273_513113_513111,16.66,59
2524_516090_516264,16.96,1
2473_514370_514372,14.28,3
2243_513113_513251,0.66,1
2273_513290_513035,13.43,126
131_500451_500353,36.96,1
282_513093_513147,25.78,220
3781_517083_517084,14.96,260
2274_501401_519031,12.51,1
282_513248_513247,14.14,61
2402_519054_514116,5.83,1
347_514214_500151,0.52,1
353_500161_514306,25.97,1
2301_512017_500251,19.32,1
2211_502901_518085,10.89,35
2211_502951_501502,21.95,395
2121_513326_513325,30.12,84
336_513215_513136,19.01,12
336_513215_513138,23.62,319
353_500161_514308,23.71,1
2242_512152_512133,4.16,4
2521_515061_515202,16.97,11
2141_515238_515237,19.48,1
2104_516256_516255,25.73,73
2104_516256_516257,23.78,247
353_515059_515194,12.08,1
353_515059_515193,19.01,16
311_511255_511254,12.50,89
2211_512112_502351,9.13,95
2121_515041_515025,17.57,72
2471_501850_516093,15.02,2
131_501401_-1,0.08,1
2121_514401_515237,6.65,1
385_514478_500167,12.85,1
3372_513099_513098,8.94,16
2121_513150_513151,36.37,383
377_516246_517122,25.37,26
3011_501502_500601,22.90,9
272_516054_516056,32.08,5
272_516054_516052,4.61,38
1571_502951_501402,25.12,751
2121_515041_515015,31.41,1
2842_514090_500164,23.63,1
2273_512019_500102,31.15,1
2121_513150_513144,6.15,39
377_516246_517123,39.42,247
3411_514479_514480,21.04,364
333_513054_513294,28.27,1
2121_514417_514541,35.19,2
336_-1_513001,0.03,1
3141_511039_502302,6.81,5
437_504009_500300,12.28,1
2301_513260_513262,20.85,93
2521_502751_503004,22.93,33
2524_516096_518033,31.73,1
282_513093_513194,11.95,107
385_514287_514425,20.93,302
385_514287_514426,26.68,8
3131_511479_511107,24.20,1
2121_515041_515042,28.58,327
3411_514035_514036,26.75,410
3411_514035_514037,11.02,41
1571_502751_502901,35.97,2
2211_502901_518037,59.65,1
2242_512152_512178,19.95,401
3172_511128_511126,47.92,6
2471_501752_517013,12.72,210
3122_511352_511172,15.99,2
3122_511352_511173,11.59,1
2242_512203_512202,19.48,132
3172_511128_511127,39.91,5
3122_511352_511171,11.11,2
2242_512203_512204,21.80,367
3122_511352_511176,13.79,1
2521_518100_514317,25.06,5
3122_511352_511177,17.23,1
3122_511352_511174,15.74,4
2521_518100_514316,20.63,249
3122_511352_511175,10.74,2
2241_513103_514013,17.02,112
306_519187_519186,17.41,13
306_519187_519188,29.54,362
131_501602_501002,10.61,189
376_517061_517152,91.46,1
2274_513253_512017,90.45,1
150_501500_501450,10.89,146
2102_519022_519061,18.23,2
421_501701_501855,7.44,3
2401_514393_514391,20.09,34
1571_502800_502900,7.33,2
2121_514278_502601,13.04,366
2101_519025_502250,6.05,4
2274_513253_512024,15.07,1
373_517167_-1,0.51,1
272_512055_512123,9.52,1
336_513308_513168,30.10,330
2473_515142_516127,19.90,1
2102_511105_511305,34.96,243
282_513148_513147,24.86,15
142_514209_514210,49.53,1
2242_514257_514342,17.04,11
306_519192_519069,2.77,1
3011_501451_501405,14.74,98
150_500851_500950,32.39,514
2301_513257_500203,24.42,1
140_501151_501101,39.77,625
318_511232_511334,41.59,214
272_516054_516074,19.66,1
2242_512201_512178,21.24,2
2401_519139_514156,7.25,1
437_500400_500300,13.42,182
131_501651_501001,14.57,7
2273_513111_513327,36.47,1
2471_516093_515029,1.10,2
3452_514456_514458,13.48,1
3192_511486_511082,26.96,2
2104_502301_511237,54.72,1
2211_511034_516092,46.09,1
140_500159_-1,18.66,4
318_511134_511337,47.65,197
421_501753_-1,1.81,1
2211_515141_516089,8.07,1
2141_516108_516107,19.53,36
355_514176_514485,34.05,148
2521_502751_515061,7.19,1
1571_502900_502950,6.02,62
2211_518154_518082,11.49,155
2521_518058_502650,30.92,1
142_514209_514208,55.81,4
4272_513003_519135,19.76,171
304_519094_519263,25.66,2
3442_514161_514163,10.84,4
373_517097_517247,19.16,412
3442_514161_514162,15.41,252
437_501750_-1,40.94,2
3442_514091_514092,30.53,313
3192_511486_511075,25.99,1
3121_511368_511369,8.09,36
2402_500151_514409,3.88,1
2273_519015_517125,35.21,305
282_512034_500101,27.02,221
305_519165_512072,19.94,1
3011_515001_519176,19.93,334
3192_511075_511463,20.34,232
2472_516242_517119,29.95,6
2243_514032_514031,17.58,30
3192_511056_511069,34.75,1
2212_-1_513290,30.45,3
282_-1_512081,83.21,1
1571_501653_501603,31.63,675
2301_513048_500203,52.48,2
3372_513197_513089,18.67,76
441_501101_501051,33.05,438
2141_511416_511230,31.26,6
353_515192_515059,19.79,7
347_514197_514198,16.27,682
2101_516053_516051,30.25,411
347_514197_514195,42.17,1
347_514197_514196,20.47,14
2212_514410_518051,25.06,1
2241_513252_513254,14.55,1
3192_511056_511059,12.25,1
347_514197_514199,16.46,4
370_519115_519107,28.77,215
2841_514482_514271,26.77,3
347_514195_514428,35.69,1
2104_511301_511237,5.44,13
3452_514456_514457,21.20,130
3452_514456_514455,22.97,41
2121_513161_514097,14.26,2
2102_519021_501400,9.98,1
306_519192_519112,21.89,1
1571_502800_502850,6.28,73
4272_-1_502400,6.80,19
2212_503001_502301,1.20,2
2243_514021_514467,39.12,103
2841_514049_514538,6.67,15
2524_512021_502351,51.51,1
2242_500157_512133,30.13,4
2471_514415_515015,13.13,1
2211_518154_518045,13.16,3
2211_518154_518046,31.77,1
2121_515015_515013,11.24,4
3121_511368_511394,13.48,320
2121_515015_515011,26.53,32
217_511496_511361,5.42,1
2521_502401_-1,33.20,9
2274_502100_517280,16.67,2
3371_513190_513094,32.75,2
3192_511056_511081,29.75,2
3122_511171_511072,10.11,24
3121_511368_511399,15.49,4
3192_511056_511080,23.01,261
347_514021_514200,14.59,1
2521_515061_515238,32.78,7
2242_512152_512205,14.25,138
271_511419_511323,10.72,55
3192_511056_511079,23.30,4
3371_513190_513084,23.34,34
2102_516224_511305,43.88,1
2521_503003_515236,16.53,1
2101_519022_516079,14.69,92
2141_515213_514379,0.78,1
2524_518035_516092,0.04,1
2121_515143_516230,21.31,392
2141_515043_515044,27.25,149
2141_515043_515042,12.24,47
323_512186_500109,26.26,166
2301_513048_500251,13.16,1
2274_517107_517108,20.15,413
431_501852_500350,11.00,2
2801_519091_519061,17.52,25
3442_514091_514090,22.77,157
2301_512019_513252,26.79,500
2242_514346_500158,101.63,1
2301_512019_513254,19.57,24
2472_516007_516240,34.00,1
352_515071_515247,0.32,1
323_512186_500111,15.98,43
2121_-1_511281,43.79,1
2273_513290_-1,0.02,1
305_519038_519161,7.87,68
2274_519029_517107,20.18,1
142_514200_514201,65.72,1
2273_514408_501100,24.16,400
2273_518082_518075,10.23,10
2211_502351_515138,35.62,1
3172_511252_511257,41.28,1
2212_513113_513048,32.73,357
2841_514482_514235,21.92,420
282_518161_500102,1.21,1
2274_513254_517113,21.13,1
271_511319_511223,20.71,51
2212_511284_502301,6.44,1
2471_514376_500154,3.02,1
2521_515040_515115,13.58,1
217_511215_511361,4.18,2
3442_514179_514533,13.00,2
271_511319_511230,54.60,1
2524_516092_516088,24.97,2
2842_514087_514559,13.34,54
318_511136_511184,18.09,25
3452_514386_514314,26.45,185
2471_517013_-1,17.24,1
2301_513259_513261,28.63,359
3413_514054_514055,38.97,140
2121_516081_516088,24.92,3
2842_502650_514081,35.77,1
3413_514054_514053,0.05,1
2121_516081_516084,21.36,416
2121_516081_516090,3.02,1
431_501852_501652,11.04,116
1571_-1_502750,37.71,1
2842_502650_514076,35.46,1
2211_516088_516092,11.63,2
2273_513113_513048,33.48,331
2211_516088_516090,26.80,302
2274_512008_512070,0.68,1
2121_500103_513159,0.15,1
2301_513259_513253,12.95,1
2521_502401_502850,11.47,2
2524_516092_516096,19.48,4
2121_516088_515153,5.47,41
272_516062_501405,19.25,1
322_500110_512089,19.05,1
2524_516092_516094,29.55,546
357_514548_514547,11.86,24
2841_514233_514232,50.02,21
2524_516092_516090,5.88,72
2211_515026_511324,24.61,1
2472_518003_518165,21.58,1
2121_500103_513162,24.68,1
2121_500103_513160,0.16,1
2273_514408_501150,45.24,2
437_501001_501601,12.15,259
2401_-1_501550,0.30,1
2121_514278_512019,18.54,1
3131_511226_511033,20.51,426
3442_514179_514557,7.55,81
441_502201_502001,22.95,2
2242_500157_500158,14.40,247
2212_514003_518147,32.14,454
2212_514003_518148,40.62,4
272_512206_502401,13.43,140
3132_511471_511470,21.36,53
3132_511471_511473,4.20,1
2473_515140_515028,38.55,533
2301_512149_513016,20.34,1
2242_500157_500150,14.54,94
3132_511471_511472,18.02,227
2104_519142_516221,19.27,1
357_514253_514254,20.65,152
142_500751_501251,16.29,1
441_501050_501300,19.69,1
322_500110_512090,0.38,1
3132_511471_511467,23.62,2
373_517279_500056,12.19,1
3132_511471_511464,20.57,13
322_500110_512093,30.66,1
2211_518154_518016,25.29,350
2121_515015_515020,37.83,270
2521_515116_515115,23.36,45
2521_513225_513226,14.13,170
2211_511098_511090,13.00,1
2402_513118_513119,27.94,342
375_517216_517180,14.90,41
2473_514370_514400,17.81,70
2243_513106_513104,20.33,125
3132_511471_511475,22.27,6
322_500110_512061,23.98,281
3132_511471_511474,14.09,67
322_500110_512062,37.06,1
437_-1_504009,14.28,14
3452_514314_514126,32.65,193
334_513012_504006,13.83,2
3452_514314_514128,8.71,1
2121_514371_514384,61.50,1
311_511213_511046,23.04,3
2121_514371_514381,37.17,263
427_502550_501652,49.51,1
311_511213_511031,19.16,184
999_511369_-1,0.30,1
2121_516088_515142,24.33,4
3132_511471_511492,0.14,1
2472_518003_518149,22.82,11
2521_514318_513225,12.84,1
2521_514318_513226,29.40,1
2212_515148_503001,45.42,1
2121_515141_515146,17.67,79
2471_514401_515008,40.46,3
217_502201_511021,5.46,59
3132_511019_511324,22.80,293
441_502201_502051,41.94,7
282_-1_512034,57.88,8
441_501201_501151,19.06,458
3781_517164_517163,8.75,190
282_-1_512035,8.04,2
272_516177_516054,27.31,52
2121_516081_516080,8.72,106
272_516177_516058,2.68,1
272_516177_516056,32.24,300
2401_514346_514080,26.33,23
2243_514030_514029,20.68,26
2402_513118_513100,24.75,1
2121_514371_514368,44.25,1
282_513248_513192,23.85,313
3192_511486_511061,26.25,225
3192_511486_511062,0.64,1
2121_514371_514369,42.63,2
2243_514046_514047,24.86,79
441_501050_501350,0.51,1
2243_514046_514048,20.53,4
2211_519175_519284,37.97,1
2243_514046_514044,25.92,1
2243_514046_514045,9.30,17
2473_514370_514417,35.60,220
2842_514073_514072,39.94,15
2402_513118_513104,16.63,1
2242_514134_514347,31.04,406
323_512186_512185,19.55,57
2211_515141_516085,37.75,1
271_511090_511099,20.69,1
2273_513113_513062,35.86,1
272_516177_516065,22.66,1
437_-1_504017,24.05,1
272_516177_516062,0.64,1
2212_518147_518050,65.83,1
3192_511486_511059,20.23,37
311_502302_511496,12.75,6
306_519043_519112,26.26,322
2472_517007_518063,27.12,1
2211_511098_511099,25.19,336
2472_518063_501850,0.18,1
2301_-1_500951,45.33,14
2842_514068_514069,27.64,424
2842_514068_514067,16.13,140
357_514207_-1,14.50,2
2273_513290_513104,21.65,382
3371_513078_513080,22.61,10
3124_511434_511488,15.93,10
3371_513078_513084,24.96,1
2842_514068_514073,8.28,1
243_513163_513153,26.39,92
2842_514068_514070,31.70,1
271_511417_511484,30.10,221
2273_500101_-1,10.82,29
3011_512133_501001,13.07,3
431_502201_502101,34.50,3
322_500110_512033,24.88,44
2211_516084_515153,20.42,304
2242_514157_514346,46.21,3
2243_514030_514032,9.94,1
2212_514002_514137,28.59,2
2243_514030_514031,21.44,126
2801_518039_518174,21.97,8
347_514021_514195,8.97,1
2243_500103_-1,2.44,2
347_514021_514194,1.42,1
3452_-1_514459,0.16,1
3371_513078_513077,16.85,84
3371_513078_513079,24.84,365
243_513163_513165,28.71,112
2212_511276_516139,39.49,1
2121_516195_516193,60.63,6
2521_515118_515058,13.26,4
347_514021_514199,32.85,1
140_500751_500851,23.49,757
282_512134_513191,15.38,30
305_512101_512104,24.98,1
421_501852_501702,8.91,1
305_512101_512103,17.42,2
2102_501400_511284,2.81,1
282_518158_514350,16.28,2
373_517076_517167,10.08,3
373_517076_517165,16.13,10
999_-1_502100,17.78,4
373_517076_517166,55.52,3
2301_500202_500250,37.80,372
150_500751_500950,38.33,1
2242_514157_514313,19.29,1
3122_511350_511351,19.08,453
373_517076_517162,9.84,6
2102_501400_511279,0.81,1
427_502101_502501,26.57,1
2402_513104_514156,19.18,1
2121_514417_502601,45.89,1
355_514083_514415,14.66,1
3133_511034_511402,28.73,363
3372_513106_-1,33.79,5
3122_511289_511351,13.85,3
3122_511289_511352,6.18,4
3122_511289_511350,15.19,2
441_501854_500159,26.05,1
441_501950_501854,6.19,146
2301_500251_500203,44.76,384
437_504009_500250,14.52,4
3122_511350_511352,8.77,6
357_514493_514492,3.98,15
3141_511261_511046,18.95,116
2521_514320_518151,26.17,206
2472_518005_518013,9.87,11
357_514493_514494,19.76,157
282_513148_513233,5.87,1
1571_502851_502951,30.74,4
355_514487_514212,29.67,188
2472_518005_518010,10.38,2
355_514487_514213,24.85,1
2472_516009_516015,10.90,10
2274_512041_512043,12.14,1
272_513267_512117,12.79,103
2274_512041_512042,34.23,323
3124_511434_511438,10.63,1
2121_516195_516139,34.69,322
376_-1_500058,15.60,14
2242_512201_512202,23.75,473
3124_511434_511435,22.95,98
3124_511434_511436,23.05,7
3124_511434_511437,24.08,3
3124_511434_511441,8.45,1
3372_513202_513201,12.84,143
2273_502200_502150,9.88,132
371_517020_517025,41.77,495
2402_500751_513140,20.03,2
3192_511084_511074,29.23,7
243_514080_514082,28.66,182
3192_511084_511075,20.81,237
2274_501501_517009,7.35,1
3172_511128_511085,26.99,14
2273_516018_518154,19.58,7
2471_517006_501850,48.54,1
2211_518098_518152,24.41,227
421_502201_502051,28.48,5
2473_515058_515060,29.16,4
311_511178_511194,39.19,1
142_514039_514206,25.68,1
311_511178_511193,0.11,1
311_511178_511196,36.18,1
142_514039_514207,19.68,108
142_514039_514208,22.28,521
2243_513113_513111,13.68,13
311_511178_511192,0.17,1
353_500161_514400,59.00,1
2121_516234_516196,20.88,98
3172_511110_511113,57.18,1
142_514207_514481,14.42,15
1472_501051_500150,15.63,709
243_514080_514095,7.93,5
2274_512041_512044,33.64,1
3172_511110_511111,7.47,10
3172_511110_511112,59.40,1
142_514207_514482,31.89,6
336_513308_513215,13.34,5
999_514359_-1,49.38,1
2273_501100_514408,14.27,126
2841_514233_514279,20.90,1
2121_500103_-1,11.03,4
271_511417_511416,13.71,64
2274_512008_512069,15.15,104
2212_515144_514138,16.23,1
131_500400_500500,39.08,1
3442_514358_514179,8.75,2
3192_511084_511054,39.64,1
3452_-1_514460,20.21,2
2841_514186_514084,17.23,67
3192_511084_511059,23.26,1
3441_514212_500168,48.84,1
1571_502851_502901,35.15,616
421_501852_501750,9.16,362
2521_502401_512194,23.26,1
2121_515020_515015,23.16,12
2273_518077_519015,7.68,1
385_514292_514529,15.34,2
2121_515020_515013,31.42,300
2242_512201_512205,3.05,1
318_511257_511021,28.35,266
2121_515020_515021,8.79,2
3124_511434_511433,16.38,8
2141_511267_511268,23.51,153
2242_512203_500158,11.26,1
3192_511084_511064,24.05,2
3172_511110_511131,53.95,132
3442_514358_514163,5.29,1
352_515196_516107,37.31,96
352_515249_515072,16.79,117
3192_511084_511068,14.15,1
3442_514382_500162,17.06,38
306_519038_519181,22.69,398
2301_500251_500250,23.53,16
2241_514013_513300,15.81,10
2141_515020_515021,20.11,1
2141_515061_511469,11.70,1
318_511252_502314,52.05,1
1571_502951_502601,0.04,1
2141_515020_515013,33.00,119
2141_515020_515015,29.76,7
140_501151_501251,13.76,1
352_515045_515009,19.68,111
2212_500102_511279,0.93,1
271_516231_516232,36.64,228
272_512055_512054,5.27,163
140_501200_501250,30.12,694
2102_516205_501400,11.25,1
2141_515015_515013,44.60,1
271_511417_511408,33.25,1
2273_518019_518154,11.51,1
3192_511079_511081,17.17,1
2141_515015_515011,22.83,14
272_516054_516177,36.16,286
131_504016_500201,43.28,1
2473_514370_514278,25.05,1
2104_516256_516149,4.38,1
3721_517278_517205,15.02,168
3721_517278_517204,19.88,2
2274_502100_517131,27.14,337
304_519101_519128,29.09,362
2211_518098_518105,15.28,17
2524_515003_515087,21.63,2
2524_518046_518036,23.88,1
2524_515003_515088,16.66,1
2141_515015_515020,38.61,115
3011_515001_518001,30.89,4
2141_511267_511228,20.21,41
2104_519290_519022,11.22,122
2104_519290_519026,25.28,286
3411_514479_514331,7.41,115
3192_511079_511077,19.37,7
2274_513269_512151,14.12,99
3192_511079_511078,16.98,39
421_500850_500800,13.45,350
2274_502100_517104,0.06,1
150_501500_501550,29.65,393
2242_512147_512104,17.72,2
2273_513013_513327,14.15,111
2274_502100_517102,20.77,3
243_514096_514099,36.95,1
2524_518046_518045,17.87,109
431_501405_502303,15.00,1
2274_502100_517107,29.51,1
243_514096_514095,6.40,7
2274_502100_517108,0.43,1
243_514096_514098,32.77,162
2121_514157_500155,33.13,2
2121_513326_500103,6.28,1
441_501250_501200,10.89,130
282_518143_518162,23.39,263
282_518143_518161,22.35,50
2402_513291_501552,3.26,1
373_517155_517041,27.45,366
311_511178_511179,21.17,372
305_519166_-1,28.87,2
373_517155_517042,20.70,3
2521_514114_513149,3.57,66
376_517061_517269,12.02,9
304_519101_519100,24.64,39
306_519192_519199,23.27,2
2524_515003_515028,90.14,1
437_504009_500200,52.51,502
347_514197_514200,39.26,1
311_511232_511249,30.70,1
2472_518147_518164,8.70,1
2121_513165_504008,19.46,460
282_518143_518159,10.30,1
282_518143_518158,22.01,1
2121_515021_500202,48.28,1
385_518112_518114,20.18,10
2141_515061_511490,23.57,1
385_518112_518113,23.68,273
311_511232_511254,23.26,488
150_502600_502601,8.49,307
140_501151_501201,10.56,252
2401_519139_514261,20.87,1
2472_501850_517006,33.63,3
282_513102_-1,11.36,4
302_519039_519074,27.63,16
282_518159_518160,32.81,233
282_513148_513292,36.60,267
282_518159_518162,21.05,3
2241_513252_512019,8.82,96
2473_515028_515246,20.85,5
2841_514028_514554,26.17,33
1472_-1_501851,12.57,15
282_513127_513100,19.76,295
427_512206_512021,31.68,391
131_500451_500401,31.05,638
3122_511352_511072,10.02,27
3192_511054_511463,29.68,5
282_513127_513101,14.97,1
3122_511168_511351,0.82,1
3122_511168_511352,12.19,1
3131_511480_511107,51.29,1
2121_515146_502301,0.41,1
2472_518049_518051,21.97,69
2471_515006_515016,22.02,524
2102_519022_519148,19.78,228
282_518159_518158,19.25,32
2402_513104_514112,17.28,2
2402_513104_514110,20.85,375
421_501701_501951,41.77,1
2104_511423_516250,36.03,1
306_519192_519189,30.97,4
2241_513252_513325,19.95,342
306_519192_519198,19.86,1
306_519192_519196,22.03,2
306_519192_519195,34.93,2
306_519192_519194,21.64,11
2471_515006_515008,16.00,47
306_519192_519193,22.98,261
2212_513113_514410,28.39,2
306_519192_519191,21.29,8
3172_511119_511384,27.64,10
333_504005_513275,18.77,429
333_504005_513278,13.14,9
333_504005_513277,35.35,3
142_501150_501552,36.58,1
2273_516042_516044,23.40,271
2121_515143_516139,26.39,1
2211_511019_511324,25.10,404
150_501500_502901,29.09,1
2211_511019_511322,12.68,2
2211_511019_511320,19.48,1
2243_514025_514026,16.92,87
441_501101_501151,11.27,32
2243_514025_514027,33.15,1
243_-1_504015,15.51,14
2211_511019_511318,36.15,1
1571_501653_501703,14.35,164
2211_515026_511271,18.80,343
2243_514044_514466,20.45,43
131_501951_502001,6.78,211
3132_511492_511474,28.83,3
318_502313_511020,14.15,5
3132_511492_511473,23.98,252
2212_513113_513111,16.70,56
3132_511492_511472,26.34,27
352_515238_514448,34.68,1
272_512057_502400,20.28,485
353_515192_515193,14.75,315
302_519039_519038,13.84,68
353_514301_514303,32.96,1
353_514301_514302,23.02,220
318_502313_511016,28.77,230
2471_514367_501752,47.23,1
437_504017_504009,15.60,222
2141_515012_511417,20.49,1
1571_502900_502800,41.63,2
2141_515012_511416,38.38,1
2212_513290_513104,22.66,494
2401_514393_514389,13.05,1
2274_519028_501401,0.10,1
2141_511479_511481,31.34,1
2141_511479_511480,36.42,116
2841_514235_514041,26.30,1
302_519039_519041,12.48,352
355_514485_514486,36.25,151
302_519039_519040,27.84,2
2273_502150_-1,0.47,1
2472_518147_518148,26.91,301
2473_515012_515237,45.46,252
333_504005_513294,11.90,8
2473_515012_515238,23.40,1
333_504005_513293,17.35,51
2211_519175_519121,4.85,4
2104_516006_511242,25.35,3
150_500851_500751,13.64,209
3011_501551_500601,19.97,379
3413_500156_514020,23.43,154
2471_516093_516268,20.46,505
2243_514025_514024,17.39,6
3122_511352_511163,6.94,1
3442_514161_514070,36.97,1
318_511134_511248,27.28,18
2301_513257_500251,10.46,1
3372_513197_513198,32.64,276
324_512173_512171,23.95,1
2273_516042_516048,29.43,1
2842_514192_514421,18.27,74
3372_513099_513101,20.73,3
3372_513099_513100,10.60,392
333_504005_513283,24.76,97
355_514190_514192,34.60,20
324_512173_512172,14.32,55
305_519165_512178,4.04,65
2102_516221_516078,8.35,17
324_512173_512174,20.13,148
272_516077_516069,1.94,1
2273_518031_518022,18.19,1
2273_501100_501150,33.27,353
2242_512133_513220,14.44,1
3121_511394_511400,9.52,2
3413_500156_514056,4.57,5
3413_500156_514053,15.99,1
3131_511456_511479,17.77,275
3411_514479_514269,18.26,6
352_515045_515044,28.00,26
271_511323_-1,12.75,8
370_519108_519109,42.39,2
3192_511079_511056,28.50,18
2473_501951_502001,7.01,132
370_519108_519107,29.31,355
243_513006_504015,13.00,49
375_517216_517229,39.26,2
2211_518082_518016,26.45,6
437_501001_501500,16.62,811
441_501350_501854,22.98,367
3371_513083_513188,20.27,3
272_519026_501405,20.11,403
2521_515061_515113,15.45,1
3131_511456_511480,35.73,1
2102_519059_519292,36.10,2
3442_514161_514086,29.85,6
3132_511268_511271,16.70,1
131_501951_502051,32.97,1
272_516077_516071,67.73,3
2273_518075_518018,10.40,126
3371_513083_513190,32.24,2
272_516077_516073,17.57,389
3371_513083_513192,56.25,1
2273_518031_518024,40.16,7
3372_513083_513082,6.31,20
3133_511408_511407,19.02,35
3372_513083_513085,14.88,2
3372_513083_513084,34.21,246
2401_514393_514344,30.97,1
2521_512111_512195,30.35,1
2842_514071_514427,23.87,15
3132_511268_511267,20.75,39
306_519038_519161,8.06,46
2101_516052_501405,49.20,1
3372_513083_513096,4.65,2
2104_502301_511349,32.27,8
140_501200_501150,12.21,205
2473_515140_515187,32.73,2
3351_513245_504007,26.51,671
3371_-1_513182,12.42,20
2473_515140_515189,41.51,1
2473_515140_515188,24.91,1
2801_519061_519281,52.22,1
140_500851_500751,12.49,321
2273_517125_519015,26.19,29
375_517216_517217,14.42,442
999_-1_514195,1.05,1
2473_515140_515139,14.00,21
2104_511422_511109,26.34,1
271_511489_511469,3.84,4
2274_517107_517009,0.40,1
282_514285_518161,5.45,1
272_513263_500600,7.77,1
2473_515058_515037,22.26,21
421_501950_501852,9.41,411
3452_514342_514257,21.48,30
2212_513013_513327,17.75,96
427_502401_512206,18.37,411
304_519096_519097,30.71,348
282_-1_500101,43.66,4
304_519096_519095,29.08,1
282_-1_500102,10.53,29
2141_515041_515214,18.80,26
2521_515116_515202,24.31,170
2273_518031_518077,29.29,312
282_514285_518157,19.96,1
306_519192_519202,5.20,1
355_514487_514195,20.57,1
306_519192_519201,17.85,1
2521_515040_503004,29.07,3
1472_501402_501600,25.41,1
3011_519176_501001,2.08,1
2241_514157_514401,21.09,117
306_519192_519207,28.94,1
2471_515030_516008,20.00,1
2121_500103_514365,23.63,2
2211_518082_518045,17.19,4
2274_512008_513280,21.75,2
332_513209_513250,13.13,160
271_511319_511321,28.32,280
271_511319_511323,18.18,3
2104_511109_516184,27.22,254
2301_512178_500750,18.90,1
2301_500203_504010,46.83,348
2473_515058_515059,20.72,189
2273_514408_514558,30.05,2
2121_500103_514376,27.35,1
2121_516108_516080,14.36,5
2471_514369_500154,15.78,394
2121_516108_516081,26.03,1
431_502201_502151,19.92,345
303_-1_519082,22.19,1
2471_515029_516268,10.47,5
2524_516266_518034,16.18,130
2521_515012_503004,5.81,1
3722_-1_500053,7.12,5
2104_502301_511301,30.35,2
2473_515140_515143,43.43,1
2101_516073_501552,0.15,1
427_502101_502451,53.21,1
355_514487_514176,35.10,1
2104_-1_502301,8.71,24
336_513215_513212,10.97,3
336_513215_513214,22.13,2
2102_516224_511284,39.19,1
271_516233_517212,22.19,23
3131_511226_511100,22.27,37
3141_511035_511037,31.62,439
3141_511035_511039,2.10,2
2521_515012_515062,34.94,1
2521_515012_515061,7.02,6
2211_511106_516080,24.76,1
2211_518082_518098,67.84,1
2102_516224_511279,38.35,1
142_514200_514199,18.23,22
452_512021_512022,15.53,115
2301_513259_512017,2.53,1
452_512021_512020,12.46,62
3141_511035_511045,14.72,140
318_511136_511021,21.04,1
3132_511019_511478,11.69,2
2402_513123_513121,11.21,39
271_511489_511491,16.89,1
2211_516093_516089,22.24,19
3722_517039_517248,15.55,4
2101_516074_516076,28.20,261
271_511489_511490,41.91,222
2211_516093_516085,7.79,1
2402_513123_513129,33.78,1
3011_517002_519176,15.84,73
353_500161_514367,39.56,273
441_501050_500159,10.59,56
2473_511315_511313,3.15,66
3124_511436_511292,5.69,2
2301_513259_512003,10.98,70
2211_519175_519174,22.52,369
2472_501900_501850,10.46,160
2121_515141_515025,25.43,389
2104_511109_516146,13.70,2
332_513221_513209,0.08,1
2242_514411_514156,22.07,8
2471_517009_516006,9.49,1
373_517076_517249,22.74,427
2521_515012_515040,20.30,1
373_517076_517247,16.60,30
431_-1_501405,1.38,1
2273_513254_516041,7.36,1
2101_516074_516072,12.38,100
421_502351_500603,10.69,321
2521_514320_518082,20.00,1
431_500201_-1,29.26,1
431_501950_501852,10.61,162
1571_502900_502850,33.17,606
2842_514073_514192,21.02,1
2401_500851_500750,13.79,144
2273_518075_518082,25.66,288
2301_512154_513016,20.17,576
2521_502401_512105,19.35,3
2121_515141_515041,21.81,1
2242_514129_514313,24.73,7
3413_514552_514553,23.52,114
355_514183_514275,21.80,23
2524_515028_516081,17.86,413
347_514232_514202,26.50,132
2524_515028_516082,16.71,1
2211_502315_516080,17.36,2
375_517174_517177,34.02,1
2243_514023_514024,28.70,85
2273_516040_516038,15.55,104
2273_516040_516036,42.82,1
3172_511117_511383,30.73,81
2841_514042_514041,13.76,102
357_514206_514207,34.68,140
272_519290_519022,10.61,150
2273_516037_517125,12.47,96
2273_516035_502303,31.77,1
2524_516090_515153,35.68,2
375_517174_517184,33.53,1
318_511136_511344,32.52,230
375_517174_517186,7.69,41
375_517174_517187,27.68,350
2471_518009_518006,0.22,1
272_519290_519026,27.05,370
375_517174_517188,30.88,97
2524_515028_516097,1.42,1
2841_514031_514032,24.00,341
2841_514031_514033,12.98,6
336_513059_513215,20.77,4
3133_511033_502310,24.80,268
2841_514031_514030,21.22,126
1472_501000_501402,9.38,178
2402_513139_513106,26.37,1
1472_501151_501201,11.77,221
441_502201_502303,7.42,146
3011_512133_512001,21.91,234
2402_518030_514114,38.04,1
2273_516018_518021,30.96,1
357_514339_514340,18.68,149
217_511215_501853,27.16,1
2402_513139_513140,15.25,337
2521_502401_512020,17.87,231
2521_502401_512021,28.04,6
2273_516040_516018,0.46,1
3121_511401_511377,26.09,340
302_519067_519039,36.49,3
2402_513139_513137,7.82,7
3372_513202_513106,11.59,2
3172_511124_511021,20.66,1
2801_518006_518003,23.08,6
2121_502301_516089,20.52,1
2212_515144_516234,23.96,31
999_514465_-1,4.36,2
2141_514379_515021,18.67,15
3133_511483_511407,37.87,269
2102_511279_511284,27.83,285
2521_518082_502850,36.11,1
3452_514461_514243,15.82,217
3141_511045_511241,26.66,68
347_514232_514233,39.57,637
3132_511464_511475,28.09,1
3132_511464_511476,20.03,34
2121_516081_515054,23.32,1
3132_511464_511471,24.50,3
431_504019_501652,0.07,1
3132_511464_511472,18.31,8
1472_501751_501703,24.87,862
3132_511464_511467,22.92,3
2273_513048_500101,4.60,1
2212_511277_511283,23.87,89
431_500200_504019,33.95,1
2102_519292_516078,31.13,6
421_502150_502050,6.02,328
2274_-1_512154,16.80,1
142_514535_514429,20.76,2
3371_513192_513095,27.58,1
376_500058_517064,0.81,1
306_519043_519289,12.26,16
131_-1_504009,18.88,30
3371_513192_513093,1.32,2
376_500058_517060,38.68,3
131_500353_500251,27.86,3
1571_502700_502600,8.31,2
376_500058_517065,1.18,1
376_500058_517066,29.75,1
376_500058_517067,19.38,1
2212_511277_511275,33.53,18
2402_513106_513104,22.68,439
2273_516018_518030,44.53,1
2104_501405_501501,32.94,1
2301_500600_500750,27.40,424
2211_518152_518154,16.15,2
131_504009_500400,18.12,3
2121_515238_515237,3.38,3
3171_511386_511385,42.28,1
355_514122_514124,30.82,2
376_500058_517058,11.98,11
376_500058_517059,21.84,4
355_514122_514123,23.12,164
2121_514541_514372,8.76,9
3171_511386_511387,4.41,111
2472_516005_516237,14.18,87
2121_514541_514374,21.15,348
2121_514541_514376,39.06,3
2212_511222_511277,25.91,3
282_518155_518156,46.36,2
2274_512069_500601,31.45,2
2243_513048_513113,7.20,19
2471_518009_518074,17.41,405
2212_514013_514011,13.41,132
2104_516263_516173,28.45,8
3441_514069_514068,26.70,127
377_516141_-1,1.10,4
311_511496_502302,15.00,9
2104_516251_511425,32.85,1
431_504019_500350,0.34,2
2104_516251_511426,35.17,2
437_501602_501002,11.98,241
2801_518039_518041,24.22,110
2104_516079_519290,37.44,1
2212_511222_511282,22.82,1
150_502800_502850,5.82,79
131_501500_501450,9.14,302
2212_511222_511281,16.97,99
2212_511222_511283,37.73,311
2212_511277_511298,28.43,237
431_500250_500300,32.55,313
3441_514069_514070,34.08,503
421_502201_502151,19.72,936
357_514376_514432,8.55,3
2301_512005_513015,19.44,38
373_517090_517091,20.32,67
2104_516263_516166,27.94,323
2471_516137_516093,27.05,2
2521_503004_502801,28.62,1
2104_516263_516167,29.57,2
2521_515202_503004,40.03,224
304_519107_519109,11.40,1
3172_511118_502304,33.08,1
304_519107_519108,34.63,303
375_517230_517219,7.99,20
304_519107_519106,12.74,59
304_519107_519105,24.87,1
2121_514379_516138,28.54,1
431_502101_502151,11.97,103
2473_515028_515187,32.49,263
2473_515028_515188,17.23,7
2524_500603_501551,8.57,228
2212_513111_513062,18.93,121
3192_511380_511064,6.66,39
282_518155_518134,20.01,1
282_518155_518135,8.74,1
282_518155_518136,10.45,24
352_515022_515033,6.66,1
131_501800_501750,9.08,230
2212_511282_502301,34.24,1
3121_511291_-1,3.59,1
311_511255_511496,1.08,2
3441_514212_514487,30.71,98
373_517041_517043,24.26,1
373_517041_517042,35.17,479
375_517230_517221,25.56,379
2101_519022_519290,23.17,371
3192_511380_511059,0.15,1
2471_515018_515010,6.37,8
2524_516097_515028,25.49,2
3192_511380_511075,23.78,1
2211_511019_511273,5.30,54
2211_511019_511272,10.95,1
3131_511033_511269,0.82,2
2274_502100_517009,25.05,2
2241_514157_514080,23.08,316
352_515022_515023,33.38,97
2212_-1_502301,6.40,17
375_517219_-1,5.63,5
306_519071_519070,12.49,70
306_519071_519072,27.18,375
3131_511033_511270,38.47,1
2471_515018_515008,23.62,468
2102_516214_516218,13.83,2
2212_511277_511222,18.09,1
1571_502700_502650,24.64,785
2102_516214_516216,26.69,205
352_515022_515018,19.93,15
2102_516225_516236,1.71,1
3192_511380_511084,17.59,281
2211_518152_518105,37.92,1
142_514535_514481,12.25,3
357_514481_514491,28.04,32
999_-1_504008,6.76,1
441_502101_502201,8.57,113
3422_514091_514092,26.36,440
2473_515025_516081,17.16,3
3132_511464_-1,7.52,5
271_511313_511311,3.14,8
3422_514091_514090,23.33,163
999_-1_504005,1.55,2
2473_515025_516083,29.22,529
131_504009_500450,0.11,2
999_-1_504007,1.46,1
999_-1_504006,12.14,4
271_511313_511315,16.28,257
2473_515025_516087,13.86,2
2473_515025_516086,31.65,8
2473_502600_514076,27.67,3
2801_518006_518089,14.53,14
1472_501251_501301,20.16,293
2102_516225_516227,25.76,231
357_514481_514484,0.13,1
271_511313_511309,34.67,1
318_511232_511133,44.78,2
318_511232_511132,47.33,4
357_514481_514482,34.64,140
2473_515028_515140,19.92,23
371_517016_500051,15.48,1
323_-1_500111,30.31,2
373_517159_517043,44.09,1
2212_513111_513048,9.44,1
2801_518131_515204,26.27,98
2102_516214_516237,10.66,1
2471_516137_516004,18.14,431
2121_500103_502601,8.76,2
302_519067_519050,28.44,418
1571_501402_502901,6.12,2
2121_514368_514371,39.75,1
2102_519061_501400,24.14,195
3132_511464_511465,31.41,218
355_-1_514195,23.95,4
2273_500102_-1,7.13,10
355_514468_514186,23.46,43
2401_514344_514263,26.41,37
305_519041_519112,14.89,1
302_519067_519052,22.46,13
318_511248_511335,39.38,25
318_511248_511337,44.90,9
2842_514192_514376,22.14,2
2101_516055_516053,39.73,1
318_511248_511339,46.52,2
2121_514401_513254,40.23,1
2101_516055_516057,6.76,89
2121_513254_512019,31.73,288
999_504016_-1,0.04,1
2101_516055_516059,20.10,1
3131_511033_511226,22.88,134
355_514468_514173,23.74,201
2242_512038_512015,13.87,84
355_514468_514174,38.21,1
2121_514368_514381,15.21,58
2273_516043_500102,4.36,1
2274_519029_519030,21.41,424
2274_519029_519031,4.53,1
302_519067_519041,33.25,9
3441_514486_514212,35.16,4
3011_500601_512133,24.00,257
2472_501850_516240,3.96,1
2102_516214_516212,11.70,54
1472_501251_501351,25.67,1
302_519067_519070,5.42,1
302_519067_519072,21.66,3
302_519067_519071,0.68,1
311_511178_502302,19.40,100
282_513127_513222,35.75,2
347_514021_514020,21.10,47
2211_516264_518035,40.17,4
441_502303_502101,1.72,1
427_501803_501855,8.24,97
2524_515064_515003,35.75,1
2102_511279_511242,17.95,29
373_517159_517093,15.88,514
2471_514367_500154,13.05,1
2473_515189_502600,6.33,1
2274_519029_519028,20.84,92
2104_511301_511422,24.98,275
2121_514368_514369,37.05,223
377_517122_516246,30.37,268
305_512178_519165,16.05,322
2242_512038_512039,36.44,291
2211_516264_518033,23.93,306
2121_513254_513325,13.83,3
347_514467_514194,24.18,707
2121_513254_513326,8.12,3
2141_511479_511456,34.04,22
302_519067_519068,12.21,8
431_502150_502102,7.55,106
2243_514157_514080,21.31,131
2401_514260_514120,18.46,1
2243_514029_514030,24.88,105
3411_514056_514054,23.24,1
2243_512019_500103,35.24,2
2473_516089_515145,16.12,36
150_502600_502650,14.16,3
2242_513234_513329,11.42,66
3442_514088_514090,37.27,299
2121_514099_513153,30.68,1
377_516144_516143,30.39,71
1571_501402_502951,19.34,172
3721_517039_517248,20.80,274
302_519072_519038,15.03,6
2104_511349_514001,31.42,1
302_519072_519039,22.16,3
2104_511284_502301,9.28,2
2121_514099_513141,35.46,2
3442_514382_514161,39.89,11
302_519072_519041,8.13,1
2471_518003_518006,35.01,411
2471_518003_518004,41.22,1
2102_516130_516129,9.41,57
2121_511281_-1,26.46,1
2402_519054_501552,19.31,4
3121_511294_511292,14.65,3
3121_511294_511291,12.34,245
2473_516089_515161,19.13,324
2141_514431_514371,27.78,126
2273_519015_516037,22.32,1
304_519107_519093,0.64,2
2402_513303_519047,36.18,1
2121_514417_515237,18.70,1
2473_517006_500154,16.32,1
2104_519142_516078,21.83,10
2141_514431_514373,17.81,32
452_502851_500603,25.49,3
272_500952_519021,14.41,1
2121_500103_513326,15.49,2
2121_500103_513325,10.74,1
1571_501402_501600,22.14,4
2273_513111_513113,33.13,342
2241_513231_513309,27.12,3
352_515157_514432,12.12,2
2101_501502_501552,30.19,276
302_519123_519122,20.24,28
2243_514029_514028,15.95,23
302_519123_519124,23.11,286
2241_514401_513103,35.51,1
2274_517007_517105,6.58,7
2274_517007_517108,3.59,1
2211_502351_516268,2.95,1
2274_517007_517103,34.81,1
2141_511100_511408,10.79,40
302_519072_519067,16.20,2
1472_501653_501301,48.89,1
318_511232_511020,62.68,3
2212_513062_514009,39.45,1
2521_515061_-1,19.50,8
3411_514023_514025,28.58,5
3411_514023_514024,28.03,359
2471_517175_516137,2.83,1
2841_514467_514024,2.10,1
318_511343_511184,39.96,218
2402_519035_513127,33.31,1
2241_513013_513327,18.69,91
305_519041_519079,22.86,2
2242_514313_513232,66.75,1
2273_502251_502201,26.53,385
2242_512133_512006,24.11,1
2524_501403_512022,7.76,2
2121_513143_513151,12.61,1
2242_512205_512152,18.85,490
2121_513143_513150,22.63,1
2473_502103_502051,33.48,304
347_514209_514535,13.05,73
272_500952_519025,21.81,353
2101_500751_519025,11.75,1
357_514039_514171,23.64,178
2402_519035_513119,12.72,1
2402_519035_513118,25.11,401
999_-1_504016,19.28,3
421_502401_502351,11.23,279
999_-1_504017,7.76,1
3131_511479_511456,25.30,37
2212_513252_514010,20.32,1
2242_512133_513328,23.77,1
2121_515143_515142,24.32,6
2524_515087_516103,17.86,157
2121_513143_513142,10.00,133
3191_511016_511251,31.62,217
2121_513143_513144,36.26,262
2242_513329_512132,1.23,1
2402_519048_519034,10.03,2
2841_514470_514186,29.62,1
3172_511343_-1,4.79,3
306_519071_519161,46.20,1
441_501350_501950,17.15,1
2212_502301_511222,20.87,1
2402_501050_500156,10.01,67
2212_-1_513014,8.26,2
2211_511273_511324,1.96,1
3172_511252_511021,17.72,27
2402_501050_500151,18.72,2
2521_514114_514281,27.74,6
2801_519156_519281,9.46,1
2121_514368_514401,27.88,1
2521_514114_514280,24.62,147
3442_514088_514087,22.15,126
2521_512111_512057,24.56,55
2472_518010_518005,28.89,2
357_514255_514254,13.48,55
305_519041_519039,25.87,1
2242_512205_512178,28.10,16
2242_514313_513222,32.55,385
305_519041_519043,37.45,1
3131_511268_511267,19.47,136
2242_514313_513224,29.73,1
357_514432_514484,5.31,4
3131_511268_511269,34.08,252
999_511343_-1,0.53,1
3411_514056_514055,16.15,132
1571_501402_501650,37.19,1
2473_516231_516119,20.30,2
282_500102_500101,12.24,34
2472_516133_516132,22.40,30
272_501552_501502,9.46,198
282_514386_514019,9.24,77
2473_502103_502001,16.48,5
271_516184_516250,37.37,205
373_517097_517076,0.43,1
2273_519020_519018,14.42,18
2273_519020_519016,29.21,1
272_516056_516058,33.81,342
2402_500751_513100,18.99,1
355_514376_514432,11.59,9
3141_511261_511346,25.19,11
376_500058_517014,26.06,386
376_500058_517015,11.82,28
336_513138_513167,0.28,1
336_513138_513166,2.09,2
1571_501000_501402,13.14,94
131_502001_501753,28.64,1
2524_516092_518035,36.62,1
3133_511483_511495,16.37,35
2212_511276_516193,13.91,79
2524_-1_516090,17.70,9
373_517097_517096,6.97,7
2212_518189_503001,16.15,123
2212_502301_511275,13.73,1
2473_516194_515161,14.74,1
3442_514163_514556,13.00,7
3442_514163_514555,8.36,3
347_514467_514200,25.97,1
311_511193_511347,30.95,411
131_500251_500301,7.39,209
3442_514163_514557,10.60,7
336_513138_513136,26.95,309
2301_513268_-1,0.73,1
352_515015_515247,17.89,1
2524_500600_502350,15.19,227
2242_512133_512024,14.55,2
2524_-1_516080,0.08,1
2212_502301_511283,4.38,2
2212_513104_513290,18.28,124
427_519164_512206,32.35,1
355_514190_514469,10.95,26
421_500603_501552,11.01,285
2841_514467_514021,31.18,58
2212_502301_511281,12.79,16
2212_502301_511282,36.28,3
2841_514467_514023,18.75,373
2212_502301_511277,17.57,1
2211_515213_515214,39.44,240
2402_500751_513131,26.03,1
142_512020_502351,15.58,224
2521_513225_514317,26.71,1
305_519162_519289,26.91,356
2521_513225_514318,51.12,1
2521_513225_514319,20.09,56
3124_511290_511296,6.72,175
282_512081_-1,19.59,1
3124_511290_511292,7.24,3
3442_514163_514533,21.82,244
2121_500103_512019,17.85,4
2472_501050_518147,31.69,382
2472_501050_518148,36.06,7
1571_502900_502750,36.65,1
431_504019_500300,34.42,1
3122_511290_511289,7.69,311
131_501900_501852,11.41,221
2521_502401_502650,15.82,1
336_513215_513310,16.03,6
2141_515045_515021,29.51,1
150_502951_501450,23.62,537
336_513215_513312,44.45,1
2102_516220_519148,23.40,1
2242_512133_512072,16.45,10
2212_516170_515142,9.28,1
2141_515045_515009,19.72,122
2212_516170_515143,31.48,1
2472_501050_518164,12.25,1
150_501550_-1,3.22,2
355_514190_514421,20.14,166
3122_511290_511292,4.45,6
355_514122_514197,3.43,3
1571_502900_501403,14.42,2
271_511424_511425,28.41,267
271_511424_511426,50.94,1
3422_514068_514427,34.74,1
272_513263_500952,1.11,1
3372_513037_500251,8.52,3
2473_514374_514376,23.85,288
2241_513254_513252,2.18,1
2211_518152_518097,30.43,1
2211_518152_518098,8.28,4
2524_516245_516093,23.87,621
2473_515188_515187,22.02,47
3132_511471_511267,30.90,1
2473_515188_515189,37.38,265
318_511343_511136,47.14,8
318_511343_511135,48.97,1
334_513066_513067,30.19,485
272_519025_519021,7.16,12
334_513066_513068,9.96,78
376_517067_517072,3.37,1
131_504009_501800,4.09,3
441_502000_501950,9.12,91
2121_514076_502600,25.64,10
282_500102_513254,21.11,253
2141_502301_515045,0.68,1
431_500250_500200,16.00,104
355_514174_514486,40.57,1
2102_516202_516206,0.19,1
2102_516202_516203,35.94,237
2102_516202_516204,34.09,1
2521_515061_502401,35.88,2
421_500603_501502,3.77,4
3452_514454_514460,8.79,1
2402_518030_514002,37.39,286
3452_514454_514462,21.51,3
3452_514454_514463,16.38,2
272_512055_512206,0.42,1
272_512055_512207,9.45,1
2121_514113_514099,16.43,86
2211_518152_518082,24.26,311
353_514309_515190,12.69,2
2273_514399_514003,26.75,3
336_513311_513001,37.66,2
3441_514186_514073,10.73,188
302_519067_519124,2.12,2
3371_513106_513080,7.85,183
3371_513106_513082,20.53,434
2121_514541_514417,9.09,1
282_518155_518077,18.95,269
3371_513106_513083,33.92,47
2471_514374_514376,21.64,381
2471_514374_514372,0.45,1
2121_513325_504015,29.54,1
2274_501551_512070,20.42,1
2102_516202_516227,39.56,2
2212_518051_514137,23.13,1
2101_519142_500900,30.85,1
2521_502401_513228,26.64,1
2801_518006_518124,22.94,111
441_500159_-1,1.99,3
2121_514401_514400,35.85,6
336_513308_513014,44.83,1
2471_515008_515018,6.99,97
377_516200_516186,113.82,1
385_514426_514290,21.36,355
2274_501551_512069,15.01,1
2472_518189_518051,30.91,430
2301_512003_-1,18.52,1
2274_500900_501900,51.95,1
4272_501701_501803,8.45,63
352_514446_515156,12.38,22
431_504019_500200,52.22,242
306_519194_519195,34.81,343
1472_501000_501300,58.86,1
306_519194_519193,21.60,63
1472_501151_501101,40.16,673
131_504009_500500,36.48,1
2102_516202_516214,4.16,1
376_517067_517066,13.82,214
376_517067_517068,13.75,423
306_519194_519192,18.15,6
2472_518189_518049,44.09,3
2471_515008_515006,35.00,426
377_516200_516185,25.91,290
377_516200_516198,10.95,23
2121_514382_515143,0.44,1
2301_500251_500850,19.11,1
421_501001_501552,37.07,13
2274_500900_500600,24.20,49
431_504019_500250,37.15,2
336_513059_513309,26.35,1
3413_514194_500156,5.58,1
336_513059_513308,13.76,305
302_519077_519076,19.29,25
427_502501_502451,9.98,138
302_519077_519078,23.75,321
2273_518024_518077,9.80,45
2521_515202_515116,4.35,26
2471_518009_518165,3.07,62
2841_500165_514467,13.93,1
2524_516081_516082,19.25,533
431_502201_502303,8.37,109
131_504009_501852,8.35,3
3442_514163_514369,8.74,1
352_515198_515199,20.96,95
1571_501000_501600,29.82,626
2472_501850_503001,5.35,3
2121_514382_515142,29.81,1
2241_514157_514150,57.80,2
334_513307_504006,16.90,1
305_502350_519041,8.63,1
2301_501401_-1,12.28,23
2102_516203_502301,7.82,1
2473_514374_514541,3.85,37
2241_514157_514154,24.37,1
2273_514399_514010,18.95,128
3442_514163_514358,10.16,11
355_514487_514486,20.88,44
3442_514163_514359,7.06,4
2212_513111_513113,31.96,355
353_514309_515127,20.70,314
427_-1_502401,1.08,1
347_514199_514196,27.85,1
2301_500600_500850,32.08,1
2401_519045_519054,25.71,247
347_514199_514198,14.71,142
3141_511261_511250,36.45,1
3141_511261_511249,24.92,525
376_500058_517152,14.20,1
2212_512019_500102,13.32,3
441_502303_502051,33.85,1
3372_513202_513080,43.48,2
3452_514126_514314,22.53,30
353_514305_514381,36.62,294
385_514478_514449,26.91,360
3781_517255_517253,27.49,110
371_517231_517025,36.91,1
2402_513100_513127,7.48,93
421_502200_501950,13.55,1
304_519094_519098,29.72,1
3131_511479_511480,34.96,320
2402_513100_513129,24.60,2
304_519094_519095,17.19,364
371_517231_517020,35.82,493
3123_511287_511389,16.67,6
2102_519148_516079,3.81,1
3123_511287_511388,41.61,1
2524_516097_515140,18.38,2
1571_501850_503002,17.24,2
304_519094_519093,23.34,60
421_501750_501950,3.63,1
322_-1_500110,22.08,6
2524_502901_515171,1.58,1
304_519133_519106,98.57,2
304_519133_519105,31.35,11
371_517231_517018,23.14,89
2104_516263_516262,12.12,62
304_519133_519104,22.52,2
357_514076_514079,3.37,14
304_519133_519103,35.50,278
2104_511426_511242,19.04,354
2401_514116_514343,34.04,1
3372_513202_513079,23.31,287
373_517041_517155,20.79,35
3131_502312_511478,36.45,1
306_519052_-1,11.91,2
2524_516097_515139,25.08,481
2521_514319_518100,39.37,1
2121_514368_514431,53.37,2
3781_517271_517270,8.17,6
431_501652_501852,26.88,333
2102_519059_519062,24.04,284
2141_511456_511479,24.16,108
353_514305_514368,32.48,4
2402_513100_513104,8.63,2
2473_514384_514443,6.46,24
2402_513100_513106,19.30,1
3781_517255_517227,32.84,113
3781_517255_517226,17.63,126
2121_515021_502600,14.27,300
376_517061_517015,22.10,2
2402_513100_513101,31.61,327
427_-1_502451,0.48,2
2141_511456_511481,52.18,1
3442_514088_514163,14.01,2
2301_500951_500850,43.11,22
318_511232_511256,27.42,26
3192_511068_511074,25.21,15
2473_514384_514431,35.74,3
3124_511436_511435,17.08,12
3192_511068_511071,35.92,214
385_514478_514477,2.77,12
3191_502305_511361,19.27,4
2473_515028_515025,26.40,1
142_501150_501350,28.49,1
3133_511408_511226,26.34,4
304_519133_519132,12.24,29
304_519133_519130,21.34,1
431_501405_-1,0.17,1
3122_511352_511290,17.75,1
2121_-1_500203,21.93,3
3122_511352_511292,14.99,3
357_514339_514403,15.44,9
2524_502951_500603,22.60,1
2471_517012_517013,25.38,473
3122_511352_511289,9.74,2
3411_514042_514466,22.28,470
243_514082_514401,20.63,1
306_519181_519182,26.32,389
131_500201_504016,46.96,463
2273_513111_513251,3.89,1
2211_518105_518098,22.01,279
2212_515030_515145,14.33,1
347_514206_514039,42.02,3
2211_518105_518097,26.32,127
3121_511294_511368,3.77,1
282_518156_514386,34.13,2
311_511232_511496,13.50,1
3121_511294_511369,24.90,1
3192_511052_511077,21.96,2
2212_515030_515148,31.74,4
2273_516042_502103,17.46,1
2212_515030_515147,27.28,366
370_517133_517134,25.75,307
2102_516202_516236,17.35,53
2102_516202_516237,23.78,1
370_517133_517132,14.44,106
3781_517271_517255,13.85,1
3781_517271_517253,20.13,315
431_502150_502200,37.08,328
3452_514454_514434,21.04,226
2841_514054_514053,10.74,6
2273_518024_518022,32.00,299
2104_502301_-1,18.64,16
2841_514054_514051,21.98,1
2841_514054_514055,42.30,331
355_514468_514083,24.22,1
2521_515012_502401,11.33,1
2401_514344_514397,31.46,227
376_517061_517058,33.60,24
376_517061_517059,18.87,576
2273_518024_518018,5.91,2
282_513291_513222,3.93,50
336_513308_513059,5.80,11
3452_514126_514386,21.16,1
2141_511479_511329,4.63,1
352_515071_515070,4.58,2
437_500602_500400,13.80,275
347_514202_514534,22.57,37
282_518132_518136,11.41,1
282_518132_518133,32.77,262
376_517061_517060,10.86,1
376_517061_517063,14.86,1
376_517061_517064,94.99,1
272_500800_500900,21.42,396
3452_514454_514451,3.35,1
373_517090_517129,23.14,454
3452_514454_514453,12.29,12
2121_511281_502301,13.06,262
2473_516089_515028,24.63,1
2471_516093_515149,14.07,1
353_514303_515190,15.33,1
375_517230_517183,35.86,5
2473_516231_516232,39.96,277
357_514491_514490,2.58,5
2471_516093_515147,28.40,1
2101_511005_511234,23.29,259
375_517184_517230,35.24,2
2524_515064_515028,33.75,2
3124_511436_511487,22.29,1
2401_-1_500161,11.98,16
318_511248_511134,51.83,175
999_502303_-1,3.95,2
999_500168_-1,0.36,1
3122_511290_511352,10.14,6
2211_516082_515153,4.21,1
142_500851_500751,11.22,254
377_516144_516278,18.28,1
2402_500151_500156,17.28,334
357_514491_514481,25.54,186
357_514491_514482,34.64,2
2402_500151_500157,15.16,13
2274_517007_517008,23.34,392
2274_517007_517009,38.54,3
377_517268_516141,13.93,8
2242_513234_512132,29.61,1
142_514474_514206,6.96,3
282_518156_514349,16.57,1
2402_501552_-1,7.62,7
282_518156_514348,18.65,322
1472_501653_501403,43.72,1
272_516066_516068,13.72,122
272_516066_516061,4.57,1
377_516144_516249,41.37,240
272_516066_516063,11.61,356
2121_502601_515022,20.85,1
3442_514382_514072,0.07,1
4272_-1_501854,13.33,1
4272_-1_501855,5.50,11
352_515071_515167,13.40,108
272_500952_519142,19.72,2
306_519181_519281,17.45,1
2141_511269_511270,24.75,123
2101_516072_516070,11.67,98
272_516066_516069,30.16,1
2104_511425_516251,52.93,2
2121_502601_515018,0.81,1
3192_511052_511050,10.32,4
371_517015_517017,27.36,159
322_512093_512187,33.48,2
2121_502601_515012,43.20,272
2121_515022_515018,18.14,74
1472_500150_500163,20.42,576
3192_511052_511053,27.20,229
2242_512015_512208,18.65,13
2141_511269_511268,19.59,34
2121_515022_515023,31.30,309
2273_501100_-1,1.01,1
2121_516193_516139,12.20,3
353_515190_500166,0.05,1
3112_502315_511016,32.78,127
2243_500100_500103,19.26,54
2273_516041_519019,17.30,397
2472_516242_517011,26.57,383
3442_514368_500166,0.72,1
2473_515012_515061,12.36,3
376_517172_517063,16.47,570
376_517172_517064,21.05,51
2242_512133_512132,13.97,1
3011_501001_-1,9.09,4
2102_516237_516238,26.28,276
282_513193_513192,17.33,70
427_519138_500104,1.00,1
271_516184_516172,36.61,1
2242_512205_512049,27.23,135
347_514209_514429,26.27,679
2801_518202_518058,21.07,123
282_513193_513194,31.74,225
722_513001_513157,34.91,2
2402_514112_514218,19.30,316
2242_514257_514392,26.03,25
3124_511436_511437,19.93,351
373_517159_517156,42.35,1
2242_512133_500150,33.07,1
357_514432_514379,12.96,183
3124_511436_511441,0.28,1
452_500603_512021,0.71,1
3172_511126_511493,4.08,2
2101_516072_516074,17.97,344
2101_500751_519142,23.76,1
2841_514470_514273,37.82,314
3124_511436_511447,6.70,2
1472_501402_500152,0.06,1
2121_514381_500155,115.88,1
2104_516221_516078,4.70,16
243_513007_513006,6.00,13
3442_514088_514179,13.18,1
243_513007_513008,23.00,173
243_513007_514365,2.05,1
2473_515012_515046,34.22,1
2801_519156_519155,17.64,6
2102_516237_516216,51.18,1
272_516065_519290,25.19,1
2801_519156_519157,16.52,99
2102_516237_516214,4.75,1
2801_519156_519159,10.88,7
3122_511352_511353,8.79,254
3122_511352_511350,19.82,2
3122_511352_511351,11.50,1
272_502401_500603,10.23,158
305_519038_519039,22.74,315
352_515015_515154,28.17,105
2242_512133_512104,14.24,438
282_513127_513291,11.50,27
2102_516237_516206,20.05,93
2102_516237_516204,0.70,1
373_517159_517129,5.17,2
373_517159_517126,17.05,117
3122_511352_511354,11.81,22
2102_516237_516212,43.80,1
2472_516133_516237,26.00,430
421_502401_502451,28.20,901
2473_515012_515049,33.24,1
305_519038_519041,17.32,4
2211_518037_518035,14.49,117
272_513264_516235,0.14,1
3351_513241_513240,10.25,69
3172_-1_502304,16.83,2
2121_514155_514400,27.22,3
3351_513241_513244,36.76,2
377_516272_516141,30.78,2
3351_513241_513243,28.07,64
3351_513241_513242,24.04,411
271_511428_511098,25.24,204
2273_518030_501101,21.34,113
2141_515022_515023,31.54,133
2141_515022_515018,17.16,19
271_511490_511484,46.36,1
271_511490_511489,13.98,9
3121_517272_511452,20.41,166
2402_513106_513140,10.73,126
3121_517272_511453,18.39,281
282_513248_513254,0.22,1
142_501200_514056,8.60,1
2242_512133_512163,0.15,1
3121_517275_517273,11.23,55
3172_-1_502313,8.00,4
321_500105_500107,19.44,325
373_517052_500056,7.94,1
3121_517275_517276,51.30,3
999_512022_-1,9.84,1
3121_517275_517277,18.70,210
2273_518030_514409,29.62,2
2104_519025_519142,19.85,267
272_516056_516177,13.85,54
427_501701_519270,18.94,3
271_511490_511491,19.12,268
271_516184_516128,31.03,1
3721_517225_517015,1.44,1
2102_502301_511349,23.04,11
427_501854_500106,0.28,1
352_515243_515244,9.94,102
3192_511061_511486,16.50,32
2121_513151_504008,40.68,1
2473_502103_502100,18.83,11
2242_512205_512024,16.98,2
2524_515028_516264,18.03,1
2473_517006_502600,28.78,1
385_514529_514530,43.32,329
2121_514371_514443,12.27,1
2242_512133_512147,15.89,2
2242_512133_512148,5.21,2
217_511215_511021,20.05,153
352_515243_515242,2.50,1
2472_518149_518060,25.84,35
2841_514421_514190,19.64,52
2841_514421_514192,31.24,341
2841_514421_514193,14.98,1
421_501001_501502,23.57,885
357_514232_514279,35.22,7
2242_512133_500158,11.39,3
272_500600_500800,15.65,399
271_516184_516146,34.82,2
131_501900_501950,19.67,816
3131_511417_511484,34.18,317
302_519077_519124,0.25,1
1571_-1_502650,25.79,2
2241_513254_513325,78.76,1
2273_502151_516020,46.78,1
2121_514371_514431,10.80,15
2141_514443_514377,6.95,8
2471_500154_515061,23.01,1
318_511136_511257,0.21,1
2524_516087_516097,24.10,524
3722_517039_517015,34.34,108
347_514199_514200,43.35,631
3722_517039_517014,27.63,48
3452_514342_514457,13.52,1
2211_518037_518083,22.58,345
2211_518037_518085,43.60,2
2211_518037_518084,7.54,1
2274_517107_517280,3.04,67
2401_514391_514393,29.38,256
3371_513106_513189,17.80,1
3371_513106_513188,34.23,1
2141_514443_514384,29.54,119
333_504005_-1,14.85,10
2524_516087_516086,17.39,167
2524_516087_516083,13.29,1
150_502800_502900,20.77,2
2241_513254_512019,31.33,266
282_500102_512014,27.09,8
373_517097_517165,24.53,91
3121_511401_511400,10.68,143
140_501051_-1,20.48,8
2471_518003_518165,16.20,1
385_500167_-1,6.72,11
272_516079_516076,19.41,115
2841_514379_503007,28.29,1
2243_514048_514538,25.73,99
2101_501502_501405,10.41,120
142_514474_514249,15.58,437
2102_516220_519022,29.44,6
2273_502251_502151,4.80,1
2473_515139_515140,26.65,474
3722_517039_517038,7.20,11
131_504009_501900,47.68,1
2141_511018_511222,5.21,3
2301_512154_513270,21.00,1
421_502551_-1,45.96,20
1571_-1_502601,10.92,26
1571_-1_502600,0.60,1
421_502201_502300,5.15,308
357_514232_514233,39.80,122
3411_514033_514037,14.12,445
3411_514033_514035,14.82,1
2211_516085_511271,19.65,1
3411_514033_514032,9.25,119
2121_500103_513252,6.81,6
282_500102_512035,32.63,3
2401_514391_514389,18.41,52
2521_515202_515061,29.11,1
2121_500103_513254,22.44,297
353_500161_500166,19.78,12
217_502001_501853,22.59,90
2273_513105_514002,1.36,1
441_501050_501854,96.80,1
2121_511279_511284,22.31,401
452_502701_502601,34.40,1
2121_511279_511281,22.98,4
150_501403_500950,7.56,74
3124_511446_511434,15.97,1
131_504009_500602,7.00,3
2211_516088_515153,5.06,37
2212_518051_514009,25.75,1
2141_514368_514381,16.89,9
2101_511006_502250,18.86,378
999_501854_-1,0.28,1
150_503005_502651,39.32,1
2524_501501_501551,23.47,683
2301_501451_501401,11.81,176
303_519084_519090,1.74,1
2841_514028_514030,27.79,1
311_511046_511261,24.57,422
375_517221_517183,20.55,365
375_517221_517184,25.34,1
2841_514028_514032,33.38,1
2841_514028_514033,23.27,2
2472_503006_500154,0.05,1
2524_516087_515140,22.48,2
2402_-1_513100,4.26,6
441_502303_501051,74.50,1
3172_511120_511384,20.01,2
2211_518152_519284,23.40,1
303_519084_519086,0.11,1
2242_514392_514390,13.56,31
2473_515051_515050,5.43,1
437_501753_501001,6.54,1
357_514497_514484,11.09,4
2473_515051_515052,38.85,291
2402_513100_514153,40.26,1
2841_514028_514027,9.69,1
2212_515144_515145,34.80,318
2472_516005_516006,30.92,367
2212_515144_515147,34.08,1
2472_516005_516007,13.43,2
2841_514028_514029,24.25,253
303_519084_519083,18.08,51
2524_516087_515139,20.40,4
2472_516005_516008,14.35,1
2121_516088_516090,25.51,358
2273_513013_513062,28.19,364
142_501151_514020,21.96,516
357_514497_514496,9.39,17
357_514497_514498,7.62,136
3192_511084_511380,16.42,76
3171_511386_511162,26.70,586
272_502401_512206,18.36,418
302_519067_519266,19.58,1
2471_-1_517013,4.94,1
2211_511319_511321,27.10,331
2121_515196_516080,1.61,1
2211_511319_511323,23.66,4
2471_514381_514371,6.26,18
2104_511422_511423,31.33,262
385_514478_514369,15.43,3
376_517269_517059,18.62,4
2471_514381_514369,26.42,4
2274_512003_513259,41.64,297
3411_514326_514474,23.63,373
2471_514381_514368,41.56,435
2274_512003_513257,15.85,16
311_511046_511249,12.62,1
3442_514382_514400,52.87,2
3191_511044_502305,0.14,1
3131_511484_511100,41.35,4
452_502701_502651,10.86,41
385_518116_518117,23.75,296
441_502101_502051,35.21,397
2274_500900_500951,28.19,452
140_501500_501350,24.41,2
2801_518042_518041,13.21,2
3131_511019_511273,3.22,27
2121_514379_515021,38.29,3
2524_501403_502950,32.63,595
282_518157_503001,50.65,1
376_517269_517064,16.91,1
376_517269_517063,8.82,25
357_514484_-1,25.34,2
3172_511124_511257,26.18,28
376_517269_517061,28.09,437
2274_512003_513261,32.60,1
3172_511124_511252,53.64,1
385_518116_518115,17.46,44
385_518116_518111,3.79,2
2471_-1_517006,5.74,1
2274_517106_502100,13.48,1
2473_516119_516120,11.99,357
2273_512019_513049,18.54,1
304_519110_519109,6.82,17
304_519110_519108,16.41,2
3441_514212_514214,25.65,1
2473_514384_514373,38.44,303
2212_515030_503001,24.97,1
2211_515141_515138,31.58,1
2842_514192_514193,30.99,437
2102_511305_511104,4.76,3
2102_511305_511105,12.60,23
2121_515238_515022,26.79,1
282_500102_513194,6.09,1
3192_511486_511463,33.85,4
3131_511107_511479,38.20,3
2211_518105_518154,13.97,1
3132_511464_511270,27.49,1
2211_518105_518152,30.75,1
3132_511464_511271,6.26,1
2473_511312_500154,24.23,1
3441_514072_514070,25.71,1
323_512014_500111,19.80,48
3441_514072_514071,4.89,3
3441_514072_514073,28.14,376
2121_515238_515018,62.02,1
324_512171_512172,32.12,87
2121_511279_511278,9.96,74
3441_514072_514069,34.03,1
324_512171_512170,9.45,27
3441_514212_514213,24.58,479
2121_515238_515014,33.84,299
2402_514413_519047,6.55,1
2121_515238_515010,12.74,3
2274_513257_513253,22.28,28
131_502101_502151,10.40,227
1571_501000_501700,45.66,2
2521_518016_502800,57.23,1
2211_515141_515146,18.96,88
2243_513062_513113,27.80,1
2274_513257_513259,44.94,1
2274_519288_501000,31.15,8
2141_514368_514369,37.60,79
355_514213_514195,8.94,2
376_517063_517269,27.33,339
2243_513062_513111,28.26,154
355_514278_514376,18.86,98
3372_513100_513101,26.94,288
3372_513100_513102,23.73,3
272_513016_513270,34.91,288
2141_515019_515009,20.88,5
3192_511075_511084,21.22,44
452_502601_503005,12.98,2
3131_511228_511267,24.11,360
2211_502351_516089,13.79,2
2121_514401_514382,33.16,324
2273_519017_519015,17.78,288
131_501652_501750,42.11,1
2273_519017_519019,7.66,97
427_-1_502101,7.01,15
2141_515019_515011,40.75,113
272_516052_502100,41.60,1
3123_511287_511286,12.04,3
421_502450_502500,9.95,214
322_512093_512122,18.50,316
1472_501151_501051,21.04,1
357_514546_514419,18.28,148
272_513016_513264,20.08,1
2141_515019_515015,28.55,1
2121_514401_514372,1.23,1
2121_514401_514370,22.22,3
352_515247_515015,20.86,1
2242_512212_512148,18.44,111
336_513059_513058,14.85,43
427_-1_502100,1.06,2
3192_511075_511068,16.24,4
2121_-1_500103,10.26,15
3192_511075_511066,23.45,9
2121_-1_500100,5.76,3
3124_511446_511488,14.71,19
347_514039_514207,22.21,215
347_514039_514208,20.90,880
2273_513104_513290,13.04,82
2401_514263_514391,28.59,1
321_513252_-1,0.76,1
2121_514401_514368,59.72,4
322_512093_500110,14.34,1
2121_514401_514369,25.82,2
2121_514401_514367,55.90,7
336_513311_513312,32.64,308
2121_514401_514365,11.19,10
2243_500153_514401,27.08,114
431_502303_502200,31.64,6
431_502303_502201,25.25,350
2401_514263_514393,29.31,5
1472_501300_501402,17.29,3
2524_502900_518046,37.06,1
2524_502900_518045,13.53,464
2242_512212_512130,25.78,1
3124_511446_511498,3.99,1
2401_514263_514397,27.11,1
3191_511209_511087,51.75,6
2471_515007_514379,22.31,1
2471_514541_514417,11.93,1
323_512014_512124,20.62,194
2274_517103_502100,28.00,1
427_501652_519117,4.73,107
427_502101_501701,18.62,1
3372_500251_513089,26.69,350
355_514415_514433,37.07,8
427_512181_502550,19.98,1
3133_511408_511100,25.78,403
3372_500251_513080,18.29,5
373_517249_-1,5.42,1
2212_514001_516194,33.24,2
3191_511212_511213,22.35,277
142_514481_514039,49.62,3
2273_513062_513013,18.46,85
2211_519121_501351,20.70,1
243_513008_504015,28.17,1
3011_515001_517002,16.71,6
2301_513262_500103,21.44,1
3372_500251_513079,0.53,1
3122_511173_511176,32.77,2
2471_517012_517119,5.95,8
2524_500603_512020,24.50,1
3122_511173_511175,18.55,3
2212_515030_515029,15.61,73
282_513193_513248,21.51,1
336_513059_513014,26.70,2
373_517090_517247,50.00,1
282_512181_513254,22.30,2
2842_514219_500164,24.84,227
2472_501850_516009,38.56,1
441_501951_502001,5.98,119
2242_512212_512164,25.17,1
3124_511446_511445,14.48,7
2401_514263_514344,30.35,256
3123_511287_511292,1.66,1
2472_501850_516005,38.18,1
3124_511446_511437,16.39,6
2841_514056_500165,13.29,291
3124_511446_511435,7.72,4
311_511265_511496,0.59,1
2524_516081_515028,10.27,82
3122_511173_511172,11.24,331
2841_514273_514279,33.77,275
3122_511173_511171,14.62,1
3112_502310_502315,7.38,153
3122_511173_511174,11.31,481
3123_511287_511288,22.44,241
142_514481_514055,59.95,1
142_514481_514056,20.64,3
3441_514486_514487,25.60,475
2273_514013_514002,37.92,1
3422_514087_514559,15.38,70
3441_514486_514485,17.75,11
3172_511117_511121,36.12,2
421_501750_501852,29.42,864
357_514278_514376,16.77,56
2472_501850_516010,7.00,1
2524_518037_516264,30.46,1
2473_516119_516194,34.21,1
2801_515204_-1,32.43,2
2473_515146_516085,7.06,13
2102_519292_516221,17.10,4
2274_517117_517215,20.20,70
333_513042_504005,4.47,1
357_514376_514278,15.95,200
140_501403_500851,16.71,3
373_517090_517251,24.98,18
3172_511117_511116,23.99,26
355_514485_514176,3.56,2
3172_511117_511118,17.92,5
3172_511117_511113,26.20,1
3172_511117_511114,23.25,2
3422_514071_514427,31.25,29
3442_514179_514087,12.43,358
2273_514013_514011,12.08,141
2801_518058_518202,13.33,18
3442_514179_514088,24.23,17
999_502600_-1,12.15,2
131_502150_502102,6.55,264
2273_516038_519016,22.46,2
1571_501603_501003,29.33,657
2242_512133_512211,30.29,1
3121_516276_517277,30.81,1
722_513001_513238,0.08,1
2211_511272_502312,26.15,1
355_514083_514084,35.70,186
3121_516276_517272,14.05,231
355_514083_514081,28.88,45
2102_511239_516227,8.71,1
3452_514349_514386,16.95,3
2243_514411_514345,24.68,122
2121_513254_513160,24.93,1
353_514305_514304,26.37,58
2211_518085_501502,53.10,1
370_517258_519282,4.53,45
373_517129_517251,29.42,365
2121_513159_513158,11.27,108
2401_519047_501550,31.75,224
355_514432_514278,21.92,5
355_514432_514277,40.43,1
272_502050_502100,38.54,271
318_511251_511256,18.63,6
2241_512019_513252,25.14,324
2524_515087_515003,15.46,1
2141_515061_-1,27.19,1
142_501150_501200,31.61,573
2241_512019_513254,20.92,24
322_512093_512089,16.52,6
150_502600_501550,15.56,5
3124_511443_511497,7.32,3
2121_513159_513160,25.59,362
2121_513159_513161,68.39,1
427_501950_-1,36.22,1
3721_517039_517014,35.82,194
2402_513132_513092,22.98,2
3721_517039_517015,33.00,233
2524_515064_515153,22.26,379
2473_511311_511315,11.20,2
3112_511264_511265,19.80,261
2473_511311_511313,27.63,284
4272_501702_502400,0.07,1
2274_513015_513269,17.79,159
140_501450_-1,0.42,1
2121_500103_500203,50.77,2
2241_500203_513058,32.03,277
3721_517248_517039,1.62,2
271_511098_516184,0.11,1
3442_514358_514533,12.09,14
352_515214_515070,0.06,1
322_512093_512064,16.38,6
2473_517175_517213,11.17,1
2212_513048_513103,28.79,1
373_517162_517165,20.81,47
2402_513148_513292,40.15,291
3722_517035_517222,17.41,157
373_517162_517167,1.50,1
3722_517035_517223,105.30,1
437_501700_501602,10.35,295
2801_519281_519050,32.14,109
2401_514156_500750,8.77,1
2472_517012_517013,24.92,360
2212_513048_513111,51.40,2
999_502304_-1,13.81,1
4272_501652_501702,20.80,203
352_515247_515070,19.93,1
2243_514055_514056,25.71,126
3452_514349_514348,17.87,62
271_511098_516128,0.07,1
271_516250_516233,27.17,1
2212_513048_513113,10.09,43
3721_517248_517014,16.43,257
2121_-1_500160,15.23,5
2102_519062_519292,21.26,207
2473_-1_502103,10.32,13
322_512093_512029,15.73,158
2473_-1_502100,11.20,1
357_514432_514254,19.93,1
2104_519021_516078,28.30,243
421_502351_500104,35.79,1
2242_513222_513232,24.16,310
3372_513100_513037,31.58,1
355_514197_514196,26.05,13
355_514197_514195,36.07,1
2242_513329_513234,24.98,440
2242_513329_513233,31.80,13
2121_513008_500103,12.37,1
2842_514220_500164,12.32,355
3781_517029_517030,22.58,296
2121_515025_515141,19.77,84
3132_511473_511492,10.09,45
3721_517248_517034,14.90,429
3721_517248_517035,0.68,1
2101_519026_519022,50.28,3
3191_511016_511043,18.48,2
272_500800_500600,15.47,146
2104_516149_516148,21.61,98
3372_500251_513106,11.33,6
2243_514055_514054,18.17,11
2121_515045_515011,13.33,1
2241_513254_500103,17.82,36
347_514200_514201,16.92,1
2242_513329_513220,5.67,143
2241_513013_513111,31.78,1
1472_501402_501350,13.14,108
2524_516094_516090,33.94,1
352_515247_515044,32.09,2
2524_516094_516092,15.75,198
2102_511103_511102,22.34,39
2524_516094_516096,17.99,408
2473_511311_511309,8.02,65
3131_511271_511273,25.85,5
323_512086_512087,17.64,161
3131_511271_511272,24.06,322
2121_515045_515009,18.94,300
3131_511271_511270,10.97,30
2102_502301_511237,25.16,3
2102_502301_511238,27.89,1
323_512086_512085,12.10,22
3124_511290_511448,11.07,2
999_515061_-1,2.44,4
3191_511016_511020,40.20,5
3124_511290_511441,18.80,3
3132_511473_511475,18.16,3
2242_513329_513216,17.43,1
3132_511473_511474,12.91,240
352_515168_515169,22.28,116
2121_-1_500155,13.62,1
2121_514113_513141,38.77,325
2121_514113_513142,37.19,2
3132_511473_511471,14.30,1
305_519041_519289,16.18,4
3132_511473_511465,0.13,1
352_515168_515167,8.60,5
140_501251_501301,14.38,304
2242_512133_512212,15.93,1
2242_512133_512213,30.24,2
2242_512133_512214,16.56,2
2524_501452_501501,21.51,623
371_517228_517017,34.10,540
2101_511348_516050,34.31,323
431_504016_504019,21.10,179
371_517228_517015,21.57,1
2121_515021_514379,25.43,4
150_503005_502701,13.77,52
2121_515021_514377,11.90,1
3442_514072_514071,13.04,2
2121_515021_514381,6.67,1
2101_511348_516054,15.90,2
2101_511348_516052,37.98,3
352_515015_515011,30.54,13
3112_502315_511302,3.37,1
2402_513106_514110,25.98,1
3131_511107_511456,40.15,263
2212_516193_516139,45.88,13
1571_501000_501650,42.73,5
3411_514235_514269,36.83,1
306_519281_-1,9.36,9
282_518162_518161,24.68,2
2524_515087_515088,24.07,611
431_-1_502200,68.90,1
3372_513106_513100,14.81,2
2121_513326_514152,44.31,1
272_500600_500900,26.89,3
2212_518050_518148,6.14,61
2841_514084_514186,20.14,342
2524_516094_516088,26.68,1
3411_514235_514271,21.37,383
376_500058_517259,46.37,1
3411_514235_514270,23.46,99
2141_511100_511226,24.16,135
2471_515017_518012,7.41,2
3721_517225_517150,20.43,3
3124_511443_511438,19.31,10
3442_514072_514086,30.42,210
3124_511443_511441,17.75,3
3124_511443_511440,6.70,5
140_501300_501550,11.66,2
377_516272_516271,16.88,10
332_513246_513164,29.15,1
377_516272_516273,35.49,229
142_514212_514147,27.20,94
272_519025_500952,10.44,89
3011_-1_501001,16.88,3
2842_502701_514278,17.79,1
2801_516135_519150,42.19,108
3191_511180_511086,31.26,4
2212_518050_518164,24.35,466
318_511257_511344,18.66,48
2243_512019_513252,24.93,113
1571_501000_502951,9.14,2
2243_512019_513254,14.53,10
3411_514235_514236,11.54,2
305_519162_519043,27.42,2
305_519162_519041,7.99,18
140_501251_501351,4.59,1
282_514350_518157,25.83,283
2521_518016_502850,21.53,250
3442_514358_514555,11.91,6
3442_514358_514556,13.93,1
272_516073_516069,18.98,1
385_500167_518111,23.92,1
427_502550_502500,34.63,402
282_514350_518162,39.39,1
3011_501551_512133,16.16,12
272_516073_516071,15.41,436
2274_513015_513272,34.83,3
2274_513015_513273,27.80,1
3422_514088_514091,27.66,1
3124_511443_511444,14.74,33
3422_514088_514090,31.82,381
2121_516234_515145,41.52,6
2211_512046_519013,27.87,355
2121_516234_515144,36.69,304
2524_502351_512020,16.50,655
3422_514088_514087,19.96,145
2521_512111_502401,13.88,157
272_516073_516077,11.97,109
272_516073_516078,82.70,1
2401_514397_514344,44.45,35
357_514255_514403,25.03,167
3422_514088_514086,54.44,1
2842_514084_514083,17.52,98
2401_514397_514347,36.51,1
2473_515139_515028,39.55,15
2842_514084_514085,31.34,401
306_519201_519200,17.45,39
306_519201_519202,24.60,363
2243_513111_513062,19.15,61
3121_511235_511291,28.42,57
3452_514451_514241,14.98,267
318_511251_511232,25.56,1
377_516249_516278,19.87,379
282_518162_518143,17.97,87
3372_513100_513099,8.56,160
431_504019_501852,0.53,3
2243_513111_513048,12.38,3
3011_501502_501551,20.29,353
2243_514411_514399,6.49,5
3721_517039_517038,4.11,9
2401_514391_514263,27.48,1
2273_514408_514003,22.51,28
3192_511084_511463,91.80,1
311_511213_511496,1.49,1
2473_515153_516090,10.39,2
2243_513048_513251,19.12,124
272_513264_516071,9.87,1
3191_511180_511229,32.01,5
375_517214_517143,27.17,2
3442_514163_514179,13.63,10
131_502001_501901,11.58,3
431_500201_500251,10.10,72
2471_500154_516242,11.29,1
2121_502600_514369,7.80,1
282_503001_503004,29.17,188
2242_514392_514257,22.11,4
2241_514150_514412,10.12,17
2273_516033_516035,12.86,110
2121_516081_515153,19.71,13
2241_514150_514413,28.25,296
2273_516033_516031,30.37,401
370_519282_-1,57.77,1
2301_513262_512004,45.73,4
131_500300_500250,8.39,170
1472_501751_501851,29.79,8
2841_514035_514037,14.17,25
2841_514035_514036,25.64,360
347_514206_514207,33.15,665
2121_502600_514379,32.94,521
2212_515144_515030,19.17,2
282_514386_514313,35.68,287
375_517214_517168,35.40,235
2301_512017_513251,2.26,1
3442_514163_514162,12.25,8
2401_519141_500851,6.79,1
3371_513192_513194,24.21,3
2301_513262_512018,8.62,78
3371_513192_513193,20.85,431
131_502150_502250,15.19,2
427_502101_501651,13.57,2
3452_514454_514241,9.39,1
421_502201_-1,12.44,1
3452_514454_514245,34.16,5
150_501403_500851,14.04,3
2212_515144_515029,18.53,11
375_500055_-1,16.37,6
2801_518169_518200,43.32,6
2842_514071_514072,37.72,315
3781_517255_517084,2.75,3
385_514425_518111,6.35,1
2842_514071_514073,18.59,1
2842_514071_514070,21.27,3
3413_514054_514552,38.01,10
3191_511212_511360,4.40,30
3172_511021_502304,47.44,1
355_514468_514276,28.46,5
3422_514068_514069,31.15,322
3191_511180_511236,0.10,1
375_517214_517173,46.57,2
3422_514068_514067,17.32,103
2472_516237_516240,26.19,1
355_514174_514277,33.05,187
355_514174_514276,8.14,4
2301_501451_501501,19.08,544
3422_514068_514070,45.62,3
3371_513192_513182,26.43,93
2121_515153_515142,16.13,2
2521_515114_515116,74.16,1
3442_514179_514163,22.90,1
2141_515045_515044,21.98,39
2301_512154_501401,0.35,1
2274_513257_512003,42.45,286
2521_515114_515115,24.77,143
2801_518058_518128,23.69,124
2521_515114_515113,20.80,50
2101_516062_516065,2.91,1
2101_516062_516064,22.28,319
2273_516044_518021,39.51,1
2141_511270_511269,10.06,26
142_501500_502351,3.10,1
2471_514443_514384,30.52,449
437_500200_500300,16.34,1
3171_511021_502302,13.46,1
243_513144_513150,24.88,138
3124_511446_511500,17.05,1
431_502303_502151,27.21,1
131_504009_500750,1.12,2
3172_511124_511127,34.07,1
355_514181_514182,38.19,142
1472_501301_501003,4.49,1
437_501700_-1,10.37,1
452_502351_512022,1.35,1
336_513311_513214,28.08,5
3172_511124_511123,54.99,3
3172_511124_511126,26.28,1
376_517269_517172,1.05,1
452_502351_512020,16.99,179
3172_511124_511125,32.23,28
3172_511124_511120,68.18,1
142_514202_514233,38.25,2
2273_516044_518019,13.49,1
142_514202_514232,33.24,468
150_502800_502750,35.48,485
272_516063_511313,2.48,1
1472_501751_501801,10.34,211
243_513144_513143,4.22,16
3122_511166_511182,16.18,518
2801_518058_518189,19.15,1
3171_511386_511021,25.93,1
140_501300_501500,19.68,1
2101_516062_516060,15.04,98
131_502001_501951,30.56,662
2243_513062_513013,16.56,36
355_514278_514432,12.46,158
427_512181_512014,12.30,70
385_518185_514532,12.18,406
385_518185_514531,29.96,1
2212_515144_503001,0.05,1
3371_513195_513196,22.37,513
3781_517255_517030,9.30,2
2101_516078_516077,14.75,6
2842_514192_514073,48.08,2
2842_514192_514072,32.66,1
3781_517255_517029,17.62,119
2101_516078_516073,24.69,2
2121_511276_516193,14.61,66
311_511046_511346,39.77,1
306_519289_519043,28.11,317
3122_511352_-1,7.06,3
2473_516119_516232,14.89,100
306_519289_519041,19.51,63
2473_515153_516088,21.98,297
3122_511166_511163,15.22,1
3122_511166_511164,25.74,1
302_519077_519289,28.94,12
3122_511166_511165,11.59,177
3172_511124_511115,28.22,3
3122_511166_511167,8.14,2
3172_511124_511111,10.57,1
2211_515141_515025,25.79,397
2402_514409_514410,39.79,343
352_514432_-1,8.60,3
3441_514186_514212,39.67,1
4272_501701_501651,24.43,176
2241_500100_-1,14.02,4
2473_515061_515048,32.95,2
2473_515061_515046,24.74,2
2242_513329_513328,39.30,1
305_519165_502400,15.69,4
2121_515022_515196,26.58,9
2102_511305_511242,27.12,286
324_512161_512162,18.24,118
441_502303_502200,14.41,7
441_502303_502201,24.15,472
324_512161_512160,11.04,58
2801_519281_519120,20.13,4
355_514432_514433,33.37,160
355_514213_514212,26.13,16
2141_515196_516107,35.91,120
347_514200_514199,17.06,44
2801_519281_519119,9.52,1
2102_511279_511105,38.35,2
355_514213_514214,38.97,168
431_502303_502101,15.93,2
2471_514374_514541,4.33,62
3131_502312_511226,28.71,2
2402_519048_519049,23.44,338
272_513016_512055,11.58,115
2243_513256_-1,10.64,2
2121_511281_513251,25.03,1
2121_513254_502301,16.05,2
2402_513093_513092,7.02,93
2121_515045_515019,10.90,1
2273_513111_513048,30.63,2
2212_515029_515030,31.94,365
3192_511461_511059,20.27,1
421_501701_501502,28.22,5
2211_511106_515213,29.04,240
3413_514552_514196,26.30,24
3413_514552_514195,15.80,1
3192_511461_511051,23.88,1
2473_515061_515025,9.25,1
3192_511461_511052,18.78,1
3192_511461_511053,25.45,1
2402_513132_513130,35.12,328
2842_514087_514088,21.20,588
2211_511319_511223,20.67,98
2842_514087_514085,3.09,1
2402_513132_513134,7.40,25
3192_511461_511050,19.00,21
2273_516030_516034,19.26,1
2121_516084_515143,21.02,1
3411_514326_514331,3.45,1
302_519126_519289,0.44,1
2273_516030_516038,16.18,1
421_502051_502300,16.62,1
2471_514371_514369,33.88,1
2471_514371_514368,17.02,1
2473_515028_516127,20.42,2
336_513059_513168,50.72,1
2471_516137_517009,20.52,10
2121_515045_515044,24.27,101
2101_516055_516110,29.08,354
4272_501854_501800,22.90,1
2471_514371_514381,39.22,344
385_518188_518189,15.68,501
2211_511323_511098,24.78,354
2401_514116_514115,22.35,7
2211_511323_511099,17.92,4
2471_514443_514377,7.36,29
2273_516030_516032,32.95,349
2473_515061_515040,61.58,1
421_501750_501702,9.29,353
2121_516084_515153,21.46,338
2273_513111_513062,19.48,100
2273_516030_516028,18.42,72
2242_512212_512006,22.58,428
2211_518085_502901,39.84,286
2473_514400_514417,41.57,6
303_519084_519113,20.26,474
355_514432_514468,0.70,2
2121_514401_514218,18.08,1
2101_516065_516067,27.93,323
355_514197_514122,19.92,166
3192_511461_511076,21.31,289
2521_514316_514317,19.97,198
2243_513251_513256,27.46,117
385_514369_500167,20.26,323
3121_-1_511369,15.96,6
3442_514382_514367,38.64,276
3442_514065_514092,12.10,2
2101_516065_516070,23.27,1
2102_511305_511284,24.14,3
2273_513111_513013,24.87,1
357_514039_514207,28.22,58
2801_519281_519159,22.05,1
427_519136_519135,11.68,105
2524_515139_-1,4.36,2
140_501403_500950,8.20,120
3191_511196_511204,4.66,1
2473_515061_515012,44.68,266
2243_513104_513106,14.67,28
3442_514382_514351,2.40,1
3442_514382_514352,2.33,1
2473_514367_514400,43.73,255
2473_514367_514401,35.57,1
385_518188_518120,7.29,1
3413_500156_514553,22.46,1
375_517015_500055,10.21,312
2801_519281_519153,0.07,1
142_501150_514429,32.90,1
431_501652_500350,8.53,63
2801_519281_519156,3.47,1
2801_519281_519157,10.36,1
131_502150_502200,35.91,673
2801_519281_519155,0.30,1
2121_-1_502600,7.16,9
3191_511180_511201,28.05,219
2141_514401_514278,14.38,1
3131_502312_511269,8.90,2
355_514432_514415,19.03,1
3141_511039_-1,16.50,3
355_514181_514124,5.80,7
2101_511006_502303,18.94,3
2102_-1_516130,1.83,2
2212_512019_513254,25.99,17
2472_501850_516132,21.97,1
131_501853_502300,8.60,1
2472_501850_516133,19.41,1
282_512181_513147,42.67,1
427_519136_519117,25.06,432
2211_501502_502951,10.19,127
421_502450_502400,23.06,1017
421_502151_501753,0.24,1
2211_515138_516085,19.00,1
2212_512019_513252,28.61,417
272_501405_501452,22.55,366
3112_502315_511297,33.29,1
2473_515237_515012,7.28,1
4272_501854_501855,16.70,61
2211_502951_502351,21.88,2
2121_500103_500100,13.83,28
347_500151_514405,10.57,1
2211_518085_502951,33.65,5
142_514212_514213,22.67,480
318_511339_-1,58.60,2
142_514212_514211,33.87,2
2402_513093_513148,11.98,1
2402_513093_513147,27.47,261
304_519110_519093,19.49,266
3722_517248_517034,12.71,149
3112_502315_511265,7.53,42
334_-1_504006,14.43,7
3722_517248_517014,14.81,35
2121_514417_514278,12.94,1
2473_514400_514367,18.57,18
3371_513195_513101,12.31,205
999_-1_515061,5.50,8
2402_513148_513147,35.30,21
3132_511271_511272,23.86,286
3132_511271_511273,23.26,4
3132_511271_511270,10.80,41
2471_514541_514372,4.66,3
431_501951_502101,8.40,83
2471_514541_514374,20.61,446
150_502900_503002,42.48,1
2141_514417_514372,30.76,147
2473_514400_514370,23.18,352
347_514199_514428,53.99,5
2473_514400_514374,0.18,1
2472_517012_517119,13.85,16
2211_-1_518045,14.11,8
1571_502651_502701,37.59,606
271_516250_516172,33.82,2
332_513014_513209,4.01,7
272_502050_502000,8.18,153
452_502851_502901,30.37,140
282_514019_513291,24.81,1
2841_514273_514470,15.59,9
271_511408_511423,22.92,1
3722_517248_517035,27.17,1
2121_513254_513007,19.09,2
282_-1_513038,2.47,2
2102_516130_516226,40.69,2
332_513014_513217,26.19,385
332_513246_513209,27.42,6
324_512165_-1,9.60,1
2524_500600_512023,26.19,2
2102_516130_516228,24.63,200
2473_515140_516082,8.33,1
271_516250_516184,9.17,10
2841_514273_514468,23.44,1
2473_515140_516081,20.29,2
2102_516218_516079,21.58,3
2101_516065_516064,12.25,86
3112_502315_511258,0.18,1
3112_502315_511251,29.60,24
2521_502750_502800,4.95,75
2241_514401_500153,23.11,83
2102_516130_516224,53.77,1
282_514019_513222,24.14,2
2241_513062_513111,30.73,313
3411_514028_514554,19.64,47
441_501854_501950,20.11,444
2801_516135_519061,45.72,12
332_513014_513221,25.00,41
2472_514138_518051,52.29,1
306_519041_519043,4.96,2
421_502351_501552,8.61,3
142_500851_500950,32.85,569
2121_502601_515238,17.45,1
271_511408_511484,23.99,81
2121_502601_515237,27.00,10
999_-1_515028,7.75,9
2471_515002_515152,31.72,386
2471_515002_515150,5.92,202
332_513014_513231,12.25,111
271_516250_516128,31.66,1
2274_501551_501501,11.74,223
2121_515041_502301,8.27,1
3441_514277_514485,16.34,2
2212_513048_513251,23.08,416
3721_517248_517150,2.00,1
306_519201_519192,1.84,2
2402_519047_501552,33.23,289
332_513246_513227,21.04,135
306_519041_519052,50.25,2
3191_511196_511197,24.39,255
441_500163_502303,30.40,1
421_502450_502350,24.39,14
3191_511196_511195,16.97,27
332_513246_513250,34.56,378
2101_511005_511011,31.08,1
2212_513048_513256,30.95,2
2212_513062_513013,17.06,105
3011_501551_501502,8.63,130
3191_511196_511198,35.13,160
2212_515029_515144,0.04,1
2212_515029_515148,25.17,1
2212_515029_515147,29.74,7
2212_515029_515145,18.31,39
2104_516005_516217,1.07,2
2274_513015_512007,14.05,1
355_514432_514379,10.12,24
371_517015_517228,20.89,1
2104_516005_516213,17.58,58
2273_502251_502303,7.77,103
3442_514071_514559,8.77,2
357_514255_514379,21.23,1
2274_513015_512005,28.44,331
271_516250_516146,26.48,239
305_519041_519165,0.74,1
305_519041_519163,0.28,1
305_519041_519162,19.24,266
305_519041_519166,5.04,1
2121_514401_514278,12.75,3
305_519079_512101,24.90,314
2524_501452_502951,17.48,232
2104_516079_519026,39.86,1
272_502100_516058,31.48,1
2273_516122_500102,17.74,1
2521_503004_502751,35.06,197
421_501001_501753,15.26,3
427_512181_512035,37.91,263
2243_514032_514322,14.79,90
2472_516133_516006,10.84,1
2121_514541_502601,2.30,1
131_500251_500201,26.66,685
2301_512154_512149,6.13,107
3371_513195_513182,1.79,3
2402_501552_500751,16.09,513
2473_514374_514278,16.06,4
272_502100_516060,28.03,1
3411_514480_514479,8.30,39
347_514209_514210,31.01,1
1472_501301_501051,1.49,1
3112_511264_511302,9.64,86
2471_515237_515238,42.22,352
452_502901_502351,43.11,1
2211_512046_519174,29.01,2
2274_517131_517102,25.60,398
2104_516079_519022,20.63,262
2274_517131_517103,41.56,1
2211_512046_519175,19.14,2
2274_517131_517104,28.77,1
2121_502600_514415,24.05,14
142_501300_501250,7.88,162
427_502550_502450,2.07,1
452_500603_502901,22.28,23
321_513044_513041,11.34,2
2524_515028_515171,9.35,1
272_502100_516072,35.83,1
2121_500103_500160,0.21,1
347_514209_514208,36.08,1
2121_516080_502301,5.36,2
373_517015_517076,6.09,2
321_513044_513045,24.41,359
321_513044_513042,10.18,1
321_513044_513043,3.43,104
271_511311_517212,22.92,1
2801_518128_515204,9.13,1
431_-1_502303,10.67,12
2104_516221_516213,0.77,2
2273_513048_513256,17.77,2
272_516235_519021,10.37,3
452_502850_503003,28.35,1
2104_516221_516219,23.08,352
2273_513048_513251,23.48,386
2104_516221_516215,0.21,1
305_519079_512104,41.22,1
2104_516221_516217,28.07,1
131_502001_501853,48.31,1
142_514467_514197,6.06,1
2241_512019_513325,18.13,1
452_502750_502700,7.03,1
2242_512205_512202,8.14,1
2301_513050_513049,9.04,121
306_519289_519112,27.99,1
271_511408_511416,80.59,1
142_514467_514194,24.57,402
282_513102_513037,23.64,304
282_513102_513038,25.90,5
3721_517225_517205,14.69,3
3721_517225_517204,20.58,383
318_511251_511339,54.15,2
3721_517225_517203,31.01,161
140_501300_501450,39.56,2
3351_513244_-1,12.13,1
282_514386_514349,4.50,2
3011_501502_501451,13.54,76
3172_511114_511113,20.65,43
3172_511114_511116,26.61,2
3172_511114_511118,59.21,1
2121_515196_516108,22.49,1
2102_516130_516209,2.75,1
373_517129_517164,5.98,1
306_519266_519280,14.24,17
336_513311_513167,6.60,65
306_519266_519281,15.34,2
2121_515196_516107,35.01,278
1472_501653_501603,29.91,752
377_516249_516144,6.82,2
2401_514260_514261,35.11,247
2521_518016_502750,2.67,1
3121_511369_517276,17.02,1
437_501853_504009,3.08,1
2841_514084_514076,36.54,1
441_500163_501051,4.58,2
3121_517272_511235,50.98,4
3172_511114_511121,38.76,231
2301_501451_501551,26.92,2
3721_517225_517224,20.15,214
437_500200_500250,30.21,712
2211_518045_516266,22.03,1
140_501300_500159,27.85,1
2801_515204_519061,16.98,2
2241_513013_513062,26.81,318
421_501001_501701,12.34,308
2401_514260_514259,23.57,64
2524_515028_515140,18.66,30
2473_515237_515040,23.09,1
2801_518202_518200,6.11,8
2841_514084_514083,17.20,82
2524_515028_515139,53.14,2
2212_518164_518148,38.97,1
305_519112_512101,52.08,1
3172_511114_511131,66.78,2
421_501002_501750,42.86,1
3351_513244_513245,26.51,456
999_511106_-1,21.96,1
2471_515015_515009,15.58,1
4272_501800_501702,9.87,86
3351_513244_513243,12.18,36
3351_513244_513240,7.82,2
2273_502303_513251,25.62,2
2211_518194_518016,52.94,1
3172_511136_511344,13.69,2
322_512032_512029,12.29,1
2473_514076_514371,28.36,1
272_519021_519025,28.07,3
3121_517272_517275,10.55,1
352_515014_515010,22.29,104
131_501803_501753,24.71,734
271_517212_511315,15.27,30
2471_515015_515011,30.67,56
3351_513244_513238,21.80,3
3351_513244_513237,22.48,124
3442_514351_514352,26.07,237
322_512032_512033,24.81,339
2402_514002_518030,19.00,12
2211_516267_518036,2.90,1
421_502151_502300,33.39,3
3112_511266_502315,3.57,2
2274_500600_512024,15.85,67
2273_517125_500102,0.21,1
2473_514076_514377,13.68,294
2471_514371_514431,5.29,11
2471_516112_516008,5.36,4
2471_515015_515020,40.43,400
2121_513257_512003,44.79,283
3411_514246_514474,22.48,1
3191_511204_511087,64.34,3
333_513283_504005,21.50,432
999_502401_-1,0.89,1
2121_514097_514218,28.55,224
2472_518009_518004,8.57,2
2473_514382_514401,26.31,78
2473_514382_514400,51.99,1
347_514207_514405,10.48,3
353_515128_515127,13.54,2
131_502200_502150,10.19,182
271_511310_511312,17.30,47
3442_514351_514371,20.10,54
999_-1_512022,5.83,4
376_517068_517259,35.91,381
2212_513251_513256,29.32,377
452_502650_502700,10.36,82
999_-1_512019,40.98,1
2274_500900_517111,38.03,1
427_512022_502500,16.44,2
3121_517272_517273,16.73,2
142_501500_501552,21.67,670
2274_501900_502100,20.15,2
2524_502350_518045,10.11,1
3112_511016_502315,33.20,20
3131_502312_-1,13.15,10
3722_500053_517039,22.30,4
2273_518082_516017,46.86,1
2471_515015_515007,18.77,2
385_514449_514478,17.44,23
3124_511292_511448,15.25,145
3722_500053_517034,16.81,3
142_502350_500851,16.60,1
2211_511106_-1,15.58,6
3721_517014_517248,16.53,321
306_519204_519183,32.86,3
3121_516276_511369,7.06,9
2473_515048_515050,23.29,2
306_519204_519186,20.14,434
2102_516228_516226,28.44,290
306_519204_519185,24.56,45
2102_516228_516224,38.48,5
271_511098_511100,2.80,1
421_501002_501702,25.63,921
437_504009_501002,3.15,1
305_513003_513002,18.77,358
2212_518149_516168,35.77,398
2212_518149_516169,58.47,1
2274_502100_501001,10.40,4
271_511098_511106,3.65,2
2473_515048_515049,28.67,163
355_514173_514276,39.23,148
2212_518149_516171,21.30,3
2801_519154_519155,28.37,115
318_511021_511339,0.05,1
2211_511223_511100,17.91,5
452_-1_512020,18.68,11
2801_519154_519153,6.84,53
282_518157_-1,5.25,1
3722_500053_517015,19.24,13
2212_518149_516170,32.62,2
452_-1_512022,7.45,16
3442_514087_514557,11.52,1
2401_514157_519047,18.27,3
3722_500053_517014,24.67,99
999_513209_-1,0.05,1
2801_518202_515204,6.34,1
3721_517014_517222,44.72,1
2473_515051_515245,29.39,2
3122_511177_511292,14.48,703
2121_515142_502301,5.69,1
3122_511177_511290,14.88,7
243_514401_514099,0.60,1
2241_513309_513140,29.13,328
4272_501800_-1,61.04,1
2273_513252_513254,15.88,2
282_514349_514348,16.46,115
347_514206_514535,34.48,1
2472_500154_-1,16.17,21
2212_514138_514137,27.28,24
427_-1_500106,18.30,18
3191_511204_511021,34.00,2
427_-1_500104,1.74,1
304_519109_519264,10.24,4
2121_515161_500155,0.85,1
2301_513273_513272,10.37,156
2211_519013_519175,15.80,383
2211_519013_519174,23.67,7
243_514401_514080,5.53,1
217_502150_502102,6.38,58
375_517177_517176,32.01,83
452_502601_502701,23.79,5
2211_511324_511019,9.16,142
2212_515142_511284,20.58,1
2273_513104_513035,46.21,1
1472_501200_501150,14.17,207
142_514249_514207,28.75,10
352_515159_515033,8.12,1
140_500751_501403,23.24,4
142_514249_514206,16.70,5
2472_518009_518074,17.49,326
3121_-1_511291,1.65,3
352_515214_515213,17.22,3
2141_511456_511107,22.46,4
272_500952_500900,8.60,159
2104_502301_514001,25.05,268
306_-1_519192,10.77,18
2841_514050_514053,27.04,2
375_517179_500055,3.14,1
2211_511271_511273,27.83,12
3121_-1_511294,13.08,2
1571_501700_501650,11.96,244
2121_513211_512209,1.47,1
2841_514050_514051,16.48,332
2211_511271_511272,23.56,366
2841_514050_514052,10.12,2
2524_-1_512020,24.06,9
452_500603_502351,21.76,186
2524_-1_512022,24.45,9
437_501701_501601,27.36,763
3191_502305_511016,30.30,219
2273_518021_501101,42.91,1
2212_518058_518149,37.75,2
2104_516218_516079,9.74,2
303_519089_519088,10.12,87
2473_515153_515064,5.40,21
2121_515018_515238,0.17,1
2471_501850_518012,0.07,1
2841_514050_514048,39.60,1
2841_514050_514049,16.41,18
999_500154_-1,6.97,9
3192_511059_511380,8.25,2
3413_514053_500156,25.99,1
2274_513265_512151,14.55,310
2273_-1_516041,71.90,2
2273_513254_513014,24.71,3
2121_514154_514155,20.80,404
2121_514154_514153,19.11,118
2274_517103_501001,33.21,1
452_-1_502600,33.67,1
452_-1_502601,4.96,11
2301_501401_500951,0.60,1
2273_500101_513256,23.10,2
332_513168_513231,16.99,495
2521_503003_518058,24.47,156
2273_500101_513251,0.22,1
427_512023_502400,21.54,460
3123_511292_502103,17.70,1
2473_514377_514443,32.81,262
2524_518084_518085,26.52,631
2524_518084_518083,16.27,24
272_512021_512054,20.26,367
2301_513272_512007,10.97,146
2212_516168_515143,8.42,1
2473_515048_515063,20.54,12
2212_518058_518164,30.39,2
2473_517212_511315,15.22,33
303_519089_519090,13.80,478
2402_500156_518030,15.97,1
2121_513260_512200,0.68,1
3413_514051_-1,1.55,3
3721_517039_500052,24.45,5
377_517122_517123,36.37,1
272_513264_519025,24.94,1
377_517122_517121,10.10,16
2243_513251_514465,32.56,1
2842_503007_514415,45.23,1
3441_514219_500162,23.92,225
2211_511271_511226,39.39,1
385_518204_518111,30.96,313
1472_501851_501403,0.34,1
2211_511468_516090,28.24,1
3441_514067_500162,25.09,1
371_517177_517228,34.11,420
437_501700_501750,30.09,673
282_518156_514019,9.84,3
271_517006_501900,13.31,89
371_517177_517232,20.97,9
999_500166_-1,0.06,1
3123_502103_511286,17.38,1
2241_514399_514010,22.29,124
3123_502103_511287,7.10,6
2524_512023_500600,37.02,3
3411_514331_514235,22.69,1
3411_514331_514236,25.08,1
999_-1_500051,4.70,1
999_-1_500058,0.59,2
355_514174_514176,30.77,1
2141_515021_514379,22.57,139
357_514279_514341,30.70,1
3191_502305_511020,8.05,1
271_511408_511098,16.54,1
377_517121_517268,15.44,66
2402_514110_514112,28.21,371
2211_518194_518036,20.06,379
131_501702_501800,13.78,1
2274_512149_512044,27.07,1
2211_518194_518034,25.26,1
1472_500152_500158,19.38,616
2241_514345_500153,11.66,2
2471_514372_514374,0.68,1
427_512022_502550,0.12,1
2121_513040_513165,0.40,1
1472_500152_500163,15.92,62
306_-1_519189,62.98,1
2301_-1_500203,102.28,1
2121_513211_500202,0.21,1
2473_517212_501950,6.34,1
377_516274_516273,8.00,77
377_516274_516272,15.01,5
2301_-1_500202,70.59,4
377_516274_516271,31.61,1
2211_518194_518046,9.47,95
3123_511287_502103,21.50,6
385_518204_518122,12.00,104
3721_517224_-1,31.42,7
3191_502305_511043,7.48,1
2402_513133_501552,8.78,1
2273_514014_513104,10.27,150
2121_514153_514367,27.33,1
357_514340_514339,11.96,6
3191_511203_511236,46.91,228
2242_500152_514346,12.13,1
2212_513105_514011,29.26,1
2121_513262_512004,52.42,4
3411_514023_514467,27.75,109
2471_516239_518009,0.93,1
2524_518035_518083,31.55,2
1571_501600_501650,40.06,573
271_511427_511428,36.40,165
2241_514411_514156,28.30,1
2104_516217_500751,38.58,1
2401_514386_514115,21.65,1
357_514484_514489,7.54,150
2401_514386_514116,17.22,2
2401_514386_514119,27.54,342
357_514484_514482,12.02,2
142_512021_512020,14.59,158
357_514484_514481,42.84,2
427_500106_502550,28.95,7
142_512021_512022,17.54,374
142_514147_514429,54.31,2
2471_514372_514376,15.98,1
333_513278_504005,30.38,6
2243_514467_514021,31.78,15
2211_511272_511019,32.38,4
2243_514467_514023,17.16,116
2101_511008_502250,16.36,2
3132_511478_511467,17.61,1
2842_502650_502700,11.48,161
421_502550_500106,12.25,254
2473_515036_502650,3.91,1
272_512037_512195,24.94,1
373_517166_517279,38.54,13
2471_517175_517007,22.53,1
306_519280_519050,23.12,9
2521_518099_502401,18.18,2
2471_517175_517006,27.45,522
2212_500101_513113,44.32,1
3172_511115_511120,11.80,34
352_515009_515019,38.81,95
3172_511115_511122,47.56,151
3191_511203_511202,23.17,7
2241_513256_513251,18.62,71
3191_511203_511201,44.20,1
2273_502103_502303,13.61,1
131_501853_501651,30.00,2
1472_501851_500150,14.68,1
2301_512024_500600,19.73,492
131_501602_501652,34.54,654
3172_511115_511118,23.72,4
303_519087_519294,13.68,246
2524_518035_518033,28.17,15
3141_511039_511036,22.98,7
2524_518035_518037,20.47,586
3141_511039_511038,22.22,439
2273_513251_500101,37.15,1
336_513167_513214,0.19,1
306_519280_519071,26.95,3
2471_516242_517011,27.02,465
305_513002_502400,19.72,1
352_515214_515247,13.23,86
2121_513008_513158,34.54,3
131_501652_501602,10.64,185
2273_500102_501150,86.57,1
142_514249_514233,29.29,1
2121_513254_504015,81.70,1
3132_511478_511472,16.46,1
2274_519031_502100,15.72,2
3141_511039_511046,12.66,3
2301_512004_512200,39.15,330
2121_513008_513162,24.31,1
272_501552_502401,40.05,1
352_515009_515045,20.16,9
999_515247_-1,3.24,2
2212_518148_503004,13.19,1
2273_513254_513049,5.84,1
2401_519139_500161,19.31,1
2121_513159_514218,0.17,1
357_514484_514498,6.19,3
357_514484_514497,3.62,1
3371_513194_513106,0.51,1
2212_513231_513014,25.68,463
357_514484_514491,28.49,2
347_514208_514207,30.54,2
2521_518082_518016,24.47,226
357_514484_514490,15.71,10
421_500106_500800,11.47,2
3371_513194_513101,25.13,202
3131_511416_511417,29.73,309
2273_500102_513112,33.50,1
1472_501200_501250,30.90,762
2211_518033_516264,17.49,95
2242_500152_514313,17.18,1
2212_502301_500101,3.88,1
272_516058_516079,14.30,2
271_511408_511100,33.45,237
2212_502301_500102,7.14,2
2211_519013_519121,26.63,1
3132_511478_511492,18.06,1
357_514340_514341,36.00,138
131_502200_-1,0.47,1
3441_514427_514468,2.23,1
2101_500952_500900,9.67,129
131_500750_501002,0.17,1
2141_514377_514443,32.04,109
2101_519021_519025,4.10,2
2101_511012_502250,23.42,1
2471_-1_515030,0.16,1
2211_515138_515025,23.28,102
2211_515138_515026,35.93,335
3351_513245_-1,32.15,45
311_511265_-1,17.48,3
2472_503006_518060,15.57,2
2211_519284_518097,28.73,2
272_516058_516060,36.16,312
3781_517251_517250,10.23,183
272_516058_516062,30.40,1
2121_514098_514113,18.13,9
3191_502314_502305,6.21,157
2121_516192_511275,31.26,72
2211_502315_515153,68.12,1
2141_511329_511107,17.99,102
272_516058_516056,17.79,101
357_514379_514432,3.72,32
2101_516074_519022,42.78,1
452_502750_502850,5.31,78
2472_518013_518005,37.78,316
2841_514172_514171,22.27,41
2472_518013_518010,13.19,2
336_513001_513168,22.35,2
2273_513252_512019,8.13,88
2212_513327_513013,27.05,414
2472_518063_518005,35.15,1
3422_514404_514085,29.48,346
3422_514404_514086,5.21,1
2242_513233_514314,11.19,1
2121_513141_513142,39.64,336
347_514211_514429,29.48,2
421_501001_501855,1.56,1
2841_514172_514190,15.92,2
2212_518164_518060,27.69,1
3372_513037_513102,12.86,79
427_519164_502401,11.52,4
2212_518164_518058,26.85,6
427_500106_513254,32.75,286
2211_511090_511468,11.33,65
452_502651_502601,13.12,35
353_515128_515190,28.19,225
2273_502303_-1,17.86,19
427_519117_519136,23.67,105
427_501800_501854,26.89,359
421_500603_502401,33.77,7
999_-1_501401,1.90,3
2472_503006_518058,21.99,318
2524_516088_515153,6.69,89
999_-1_501400,3.27,2
2242_513233_514312,31.86,350
2471_-1_515008,5.52,1
2273_513103_514410,15.49,1
2102_519021_516221,18.46,9
357_514484_514432,3.56,2
2842_514421_514192,32.02,436
373_517167_517182,12.82,5
3422_514072_514073,28.72,258
3722_517014_500053,10.58,14
3422_514072_514071,39.42,10
3191_511236_502305,0.18,1
2401_519047_519054,14.52,63
2273_513103_513113,26.01,1
3171_511021_511385,19.60,543
427_512144_502550,22.71,347
3171_511021_511387,26.99,2
302_519075_519074,12.31,83
2211_511100_516092,18.99,2
2121_500100_-1,14.09,18
131_501651_501701,13.60,183
2211_511100_516090,22.48,1
999_511323_-1,1.56,1
2241_514412_514013,2.84,1
2121_513141_513153,11.92,3
2301_500250_-1,15.40,17
2212_518164_518050,11.95,156
2101_502251_511234,15.77,6
3131_511416_511484,25.06,2
2121_513141_513144,70.47,1
2121_516138_511298,31.29,1
150_502751_502801,31.43,408
2521_515058_502650,0.42,1
2472_518063_518061,33.82,378
2273_513103_513105,23.83,265
282_514348_513222,18.30,1
2121_513158_513009,7.17,25
1472_501100_501150,36.02,675
3141_511265_511264,17.85,147
2241_513140_513106,20.15,358
2241_513140_513104,19.04,10
427_519138_519266,14.20,402
3781_517251_517271,27.18,83
3781_517251_517270,23.55,271
999_500105_-1,2.62,3
421_500603_502451,31.35,3
2273_518082_516047,24.17,335
2472_518013_518063,16.74,1
2473_515052_515051,18.14,31
3371_513194_513193,5.89,43
2472_518063_518051,18.57,1
2104_516166_516173,31.22,228
2841_514046_514044,25.09,1
2121_513262_512018,5.39,32
2841_514046_514045,7.79,19
2841_514046_514048,22.78,11
2841_514046_514047,29.11,240
2121_513262_512017,28.63,2
427_519138_519270,13.78,100
370_519115_517134,18.69,95
2121_513141_513165,21.76,2
3371_513194_513182,33.25,1
2211_515161_502312,24.98,2
2212_500102_-1,14.83,4
2104_516078_519021,29.20,19
2121_514376_514374,29.87,30
333_513044_513051,20.04,29
318_511021_511257,20.24,112
3141_-1_511250,3.17,1
318_511021_511252,24.98,173
131_501001_501450,22.35,3
3121_516276_511291,27.13,2
217_502151_502103,29.30,128
272_519021_519142,8.45,148
421_501702_502050,2.86,1
1472_501301_501201,5.92,1
303_519092_519160,8.12,11
2472_514058_501050,39.23,365
2841_514036_514549,19.97,409
421_501753_501951,7.08,1
333_513044_513052,14.17,1
2242_513232_513218,11.27,2
452_502650_502600,28.83,118
2273_514009_514409,34.01,1
2102_516129_516130,32.13,261
2243_514414_513300,17.22,1
3124_511445_511499,4.88,2
2212_513251_513105,22.38,1
2273_514009_514410,20.75,120
452_502601_502651,31.48,145
243_514113_513142,37.52,1
2242_513232_513222,5.60,43
2841_502701_503012,30.09,284
3141_-1_511241,0.17,1
131_502101_502051,33.17,653
243_514113_513141,37.37,144
333_513044_513045,22.11,385
333_513044_513043,10.65,53
333_513044_513042,14.99,5
2121_513257_500100,20.53,11
2274_519030_519031,35.95,331
2102_519148_501400,15.57,4
131_500301_-1,27.27,1
999_-1_500160,17.65,1
3442_514367_514427,29.57,1
999_-1_500164,15.36,3
999_-1_500163,0.65,2
3124_511445_511488,8.90,2
999_-1_500161,2.02,2
2242_512208_512100,23.89,38
999_-1_500168,4.55,2
999_-1_500167,0.62,2
999_-1_500166,1.15,3
306_519050_519280,14.99,55
306_519050_519281,7.23,15
999_-1_500165,11.79,7
2243_514465_514154,42.88,1
3172_511493_511257,22.61,152
2274_519030_519027,0.03,1
2121_500160_514401,24.57,338
131_501852_501800,8.03,274
2121_500160_514400,33.64,5
2274_519030_519029,16.08,156
427_512022_512001,40.54,1
999_-1_512133,12.29,3
437_501750_501700,18.82,241
3141_-1_511261,0.10,1
385_514382_514287,10.46,4
3132_-1_511467,9.78,4
2101_500751_500900,21.19,373
2402_513215_513138,27.12,283
306_519050_519266,16.74,1
999_-1_500153,3.66,2
2402_513215_513134,26.82,1
2402_513215_513136,6.14,1
999_-1_500157,0.10,1
373_517251_517097,22.85,37
373_517251_517096,16.46,434
999_-1_500154,12.79,18
2841_514020_514376,31.10,1
2841_514171_514172,31.46,315
3141_-1_511265,27.49,8
2301_513273_512024,2.06,2
421_502051_502151,7.48,228
243_514113_513165,25.50,1
3442_514088_514557,9.95,1
311_511046_512002,20.50,167
1472_501101_501051,35.06,762
2242_514388_514390,43.50,3
2121_513261_512200,38.78,1
2274_500951_500107,8.78,1
999_-1_500101,5.87,16
2402_513215_513132,32.33,1
999_-1_500100,3.09,10
306_519281_519072,11.69,1
306_519281_519071,17.11,1
999_-1_500105,8.94,8
2121_515238_514278,30.35,1
2472_-1_500154,20.04,21
2121_514401_500202,49.98,1
999_-1_500103,0.14,1
371_517028_517023,69.51,1
999_-1_500107,0.01,1
371_517028_517026,30.96,638
306_519281_519070,10.58,3
131_502101_502001,45.69,2
371_517028_517029,2.63,2
427_512022_512023,27.00,403
303_519089_519111,0.09,1
4272_501800_501854,29.99,108
2472_501850_514138,19.77,2
3124_511445_511446,13.88,123
318_511339_511459,7.52,4
2121_513257_513253,16.04,27
2121_513257_513251,30.68,1
142_514232_514233,39.52,358
2121_513257_513258,23.59,2
2273_513048_513113,8.12,41
371_517028_517030,19.68,10
2212_516169_515142,27.36,2
2141_511281_511282,22.67,25
1472_501301_501251,16.66,936
3121_516276_511235,45.89,5
142_502350_500751,17.36,612
347_514206_514405,8.54,128
2101_511234_502303,11.00,1
1472_501650_500152,0.99,1
2273_513112_502050,44.44,2
2842_502651_502701,37.22,447
421_501002_501852,1.92,1
2472_518009_518165,6.54,43
2121_513257_513259,19.25,2
2401_514390_514019,22.71,2
2402_513215_513103,26.27,1
2141_511281_511267,26.85,1
452_502601_502600,13.33,16
3442_514072_514161,11.84,19
306_519281_519052,4.54,7
2274_500600_512178,31.92,2
3124_511445_511435,6.77,1
3124_511445_511434,12.10,6
3124_511445_511437,13.50,14
3122_511177_511175,20.26,3
306_519281_519050,32.31,332
3124_511445_511436,6.20,1
150_502651_502701,35.04,441
3122_511177_511176,10.21,91
2521_502850_502401,33.01,1
2241_513309_513014,26.04,53
357_514490_514489,6.55,4
452_502701_502751,40.29,1
357_514078_514251,22.79,29
357_514490_514484,2.75,1
2102_516228_516129,3.10,1
2121_513040_513211,29.09,293
357_514490_514481,26.02,1
142_512022_512021,17.96,1
2102_516228_516130,5.08,3
142_512022_512023,25.97,542
373_517050_517015,18.39,3
271_517006_501855,3.05,2
2242_512100_514080,35.71,1
2471_515019_500154,14.77,1
357_514279_514273,48.58,2
318_511252_511021,12.70,36
271_501855_517006,27.97,1
357_514490_514491,14.59,145
376_517072_517259,16.08,150
1472_501600_501402,38.77,1
150_502800_503002,23.28,3
2801_518042_519206,20.31,105
373_517045_517046,36.47,346
2242_513224_512100,17.99,1
357_514278_514432,12.60,142
3351_513245_513238,19.88,10
2121_513162_514401,12.71,1
421_501855_501951,14.03,226
2472_518164_518050,9.95,112
3351_513245_513243,0.80,2
3351_513245_513244,26.20,130
2471_514372_514417,3.28,18
2141_515196_515023,22.32,20
2212_518058_518060,32.72,428
1472_501250_501150,46.64,1
431_501405_500353,43.45,304
142_514197_514198,16.00,396
142_514197_514199,25.34,2
2472_518164_518058,20.95,7
437_500602_500850,31.12,4
142_514232_514202,24.22,79
142_514197_514196,28.22,15
2212_513111_514009,29.01,1
142_514197_514195,20.00,1
355_514432_514214,21.87,1
3172_511116_511121,21.35,27
2212_513111_514002,23.19,1
3124_511500_511499,12.89,10
3124_511500_511498,10.52,1
2801_518041_518042,28.77,97
3721_517015_517039,23.79,39
140_500751_501550,18.81,2
3721_517015_517034,13.25,1
2121_513040_513251,0.93,1
2242_514388_514386,102.73,1
302_519127_519077,25.44,31
2121_514099_514098,20.08,34
302_519127_519076,26.35,370
302_519127_519078,26.85,18
1571_501700_501752,30.29,745
2524_512022_500851,23.43,2
336_513168_513215,19.72,4
2141_514381_514368,39.62,120
377_517121_517122,40.26,244
2242_-1_512133,4.80,19
375_517177_517017,4.32,1
3192_511059_511486,24.30,221
441_502303_501151,33.54,1
2211_511272_511226,47.37,2
2301_513272_512178,5.00,4
357_514279_514233,39.94,4
1472_501251_501003,2.53,1
2801_518041_518039,6.23,14
2141_514381_514371,24.98,9
357_514279_514232,33.79,155
452_512022_500600,21.17,2
2242_-1_500158,17.65,26
373_517045_517076,66.05,1
999_-1_512155,0.03,1
304_-1_519130,17.92,6
1472_501851_501301,45.55,1
302_519127_519052,0.22,1
2101_516078_516235,40.30,221
306_519197_519196,22.27,107
306_519197_519198,32.73,1
3721_517222_517035,6.19,91
3124_511500_511488,0.36,2
2471_514400_514417,37.95,1
3721_517222_517037,11.50,73
2101_502303_511234,44.63,1
2101_500751_500952,25.71,2
3124_511500_511446,32.62,4
271_511098_511090,23.85,7
3124_511500_511445,16.91,188
243_504015_504008,30.57,6
271_511098_511099,26.49,247
272_-1_502400,2.51,1
217_502150_502200,33.55,140
371_517028_517084,7.21,112
427_502401_-1,11.49,1
332_513168_513167,20.24,53
3351_513245_513237,27.85,1
3442_514555_514088,27.87,1
305_513002_513003,17.26,83
3133_511224_511403,6.56,130
306_-1_519052,33.41,2
3442_514367_514400,44.54,224
2471_516006_516008,15.57,2
2471_516006_516007,21.78,514
2471_516006_516005,12.41,132
2473_516085_515141,14.46,2
355_-1_514432,2.43,1
4272_501652_519117,6.20,58
2473_516085_515146,18.53,289
2101_519290_501405,22.72,3
3442_500162_514071,33.37,1
1472_501700_501650,10.13,304
427_519138_519165,32.62,1
3442_514368_514369,37.21,174
2273_500102_513290,31.32,1
2121_514099_514113,20.17,357
2211_518034_516245,26.89,1
437_501601_501701,13.24,233
452_502600_-1,15.84,10
2211_511223_511098,49.09,1
2104_-1_500751,0.09,4
2211_518034_516244,13.80,1
2212_511282_514001,15.71,87
334_513012_513021,22.21,494
2242_513234_514312,28.32,4
2121_513008_513009,23.35,284
2121_513162_513161,12.67,39
2473_516085_515161,8.42,19
2121_513008_513007,11.04,98
2141_511228_511268,18.39,1
352_-1_515070,15.00,1
2121_515018_515196,8.74,1
2301_-1_500250,19.08,2
2301_-1_500251,16.22,27
334_513012_513011,4.52,10
1472_501851_501351,8.25,1
2104_519025_500952,15.12,50
3721_517035_517223,17.63,2
3721_517035_517222,17.60,438
3411_514331_514269,19.84,23
2141_511228_511267,27.50,135
2521_518016_503003,34.92,3
3411_514331_514270,26.80,5
427_500106_502400,17.13,6
3442_514368_514353,86.64,1
2472_518189_514138,59.18,2
2211_518037_502901,19.20,1
2473_515037_502600,13.03,84
2841_514273_514232,22.45,1
1571_501700_501800,45.60,1
2274_512149_513280,14.23,114
355_514432_514186,3.17,1
2101_-1_502303,10.56,25
2473_514369_500154,15.82,263
2121_514381_514368,36.37,347
2121_514381_514369,7.95,2
2243_513251_513048,8.60,36
306_519197_519207,28.38,288
352_514445_514441,16.94,8
352_514445_514446,27.22,92
2121_513258_513253,36.76,6
2274_512070_500601,17.69,161
140_500851_501403,37.92,9
282_-1_503004,14.59,18
2841_514051_514053,7.28,2
2841_514051_514052,16.84,412
282_-1_503001,29.21,3
2402_514414_514013,17.10,397
2841_514051_514050,19.53,36
243_514157_514401,18.82,75
2473_516085_515140,11.57,1
2121_514381_514371,6.04,24
427_512023_502450,14.84,1
2471_514400_514374,21.88,1
2471_514400_514370,22.59,481
3422_514073_514072,31.02,19
3422_514073_514074,28.07,287
427_519164_502501,44.90,1
321_500105_513047,1.82,1
2273_500102_513252,28.57,3
385_514367_500161,21.35,3
321_500105_513041,27.53,4
2273_500102_513254,23.21,328
2141_511269_515213,32.84,1
3452_514131_514129,36.86,152
4272_501651_519270,32.29,138
427_501950_501854,5.69,192
2141_511480_515043,14.42,2
131_501853_501753,27.83,5
3123_511286_502103,9.60,1
2842_514091_514092,28.74,539
421_502300_-1,10.37,19
2842_514091_514090,23.02,258
3191_511252_511213,9.27,1
3172_511116_511117,21.86,120
272_511235_519022,7.83,1
3172_511116_511114,37.70,7
3172_511116_511113,52.23,2
2274_517104_502100,15.45,1
272_511235_519026,7.48,2
2521_518099_514316,19.81,2
2401_519054_514116,51.91,2
2273_518020_518022,13.40,30
2212_500101_502301,2.39,2
217_-1_501854,3.46,10
2521_515012_502801,25.80,1
2212_516196_515144,56.12,3
2273_518020_518018,29.71,348
271_511313_517212,3.66,1
2301_512004_500103,9.98,1
2473_515049_516083,25.45,1
2212_516196_515147,0.86,1
2471_514400_514367,14.24,33
131_501652_501702,27.15,696
2402_501050_514410,36.90,1
2274_513265_513269,23.08,3
2273_519018_516044,22.18,2
271_511408_511223,10.48,3
2273_519018_516042,38.82,1
2471_514373_514384,5.35,20
452_502751_502851,33.14,141
1472_500152_501650,0.07,1
321_513047_-1,19.82,10
3131_511456_502311,31.67,1
427_519270_502401,47.33,1
3141_502302_-1,16.18,9
2101_519021_519142,8.76,126
431_500200_500250,29.32,323
2473_516086_515025,39.08,2
2473_516086_515028,0.94,1
373_517251_517129,9.83,19
2243_514020_514021,41.38,92
321_513033_513041,3.50,1
2121_515161_502600,17.77,3
302_519080_519052,34.98,31
302_519080_519051,19.57,446
2274_-1_502551,46.38,10
142_512022_501351,0.67,1
304_519109_519110,38.76,231
2471_515014_515010,21.62,436
3442_514352_514351,9.38,4
2841_514045_514042,17.52,1
2841_514045_514044,30.61,53
2842_514220_514092,31.47,18
272_512021_501502,38.30,1
2841_514045_514046,27.08,304
2274_517109_501900,54.35,1
306_519080_519069,13.45,70
302_519080_519067,3.23,1
3371_513193_513182,16.66,2
272_513269_516063,25.45,1
2273_518020_518024,8.11,1
2102_516212_516214,26.03,246
375_517228_517177,18.85,7
336_513167_513311,16.84,358
302_-1_519067,18.54,15
1472_501101_501151,13.98,74
272_516063_516061,20.77,453
2141_511281_511222,13.81,135
302_519080_519069,15.30,74
3442_514068_514352,48.44,2
131_501602_501702,58.09,1
336_513167_513312,20.15,3
306_519202_519201,12.01,85
271_511311_516128,7.61,1
2401_514134_514347,35.35,290
321_513033_513024,19.95,4
336_513001_513058,30.64,375
321_513033_513025,18.97,1
302_519080_519079,30.28,1
336_513001_513059,22.21,6
3371_513193_513194,32.35,370
2241_514080_514154,19.53,287
2472_503006_518164,13.10,156
3371_513193_513192,14.97,113
272_516063_516066,9.80,79
2241_514080_514157,15.74,77
2211_511223_511034,17.96,1
2212_514001_503001,68.18,1
302_-1_519052,30.15,6
437_501500_501550,22.34,832
304_519109_519108,34.92,1
306_519080_519052,35.89,34
306_519080_519051,21.18,369
3442_-1_514163,10.00,8
2141_514401_511408,24.26,1
2473_517178_516233,5.16,43
3124_511445_511500,6.53,21
2471_515237_515012,5.42,1
321_513033_513034,20.98,366
2211_511273_511019,27.54,334
2524_516089_516268,18.09,162
2471_515237_515014,21.40,3
2473_511310_511312,17.84,55
271_501901_516184,14.24,1
355_514432_514195,12.06,1
421_500603_502351,24.54,862
355_514275_514175,18.29,16
2301_513269_513015,24.86,605
371_517228_517177,19.47,21
272_502100_516254,7.03,2
347_514428_514534,36.74,2
2101_516063_516066,11.27,62
2842_514421_514071,28.94,2
2473_514382_502601,33.78,1
2842_514421_514073,11.59,114
376_517152_517269,18.11,1
421_502501_500104,19.52,3
2243_514466_514054,26.84,2
2273_513252_500102,6.95,2
3371_513194_513095,20.36,2
3371_513194_513094,22.34,6
3371_513194_513093,20.51,452
303_519092_519081,21.08,406
303_519092_519082,21.42,3
2273_513048_513062,21.09,1
2402_513215_513092,16.11,2
2121_515196_515023,17.12,84
2521_502751_518099,33.96,2
2104_511423_502301,0.05,1
3422_514403_514074,37.89,3
2211_511033_502312,22.00,274
217_502102_502000,11.22,56
2273_518020_518075,24.34,1
3371_513194_513079,50.00,1
2242_514386_513222,46.17,1
2243_514466_514044,21.79,130
131_501001_501401,34.95,614
2243_514466_514045,29.59,1
3371_513194_513080,31.92,1
2121_515196_515018,22.16,1
2102_516129_516207,9.08,1
2121_514376_514278,15.08,369
2841_514271_514482,25.05,1
2102_519022_516220,35.93,1
2102_516129_516205,18.92,64
304_519108_519264,39.26,253
131_501803_501701,46.73,1
2121_511284_502301,20.89,1
3411_514049_514052,9.77,1
2102_516129_516226,15.17,1
2121_515196_515054,0.49,1
3131_511324_511019,10.71,82
3422_514403_514085,37.60,3
142_514202_514534,13.57,24
371_517029_500051,37.07,3
3422_514403_514088,45.56,1
3422_514403_514087,24.67,1
2243_514157_514401,20.25,46
3422_514403_514086,29.58,4
421_501001_500603,18.23,4
421_500603_501001,1.77,1
2401_500851_519140,12.33,2
3411_514049_514050,20.62,371
2211_511323_511321,18.54,104
3371_513194_513078,0.96,1
373_517015_517279,25.91,46
3371_513194_513077,11.77,2
427_519165_502401,13.75,403
2101_516079_516076,20.18,118
2524_516088_515064,32.51,4
336_513001_513014,5.89,4
2211_511323_511319,23.11,1
3411_514049_514048,25.73,4
2473_514381_500154,10.87,2
2273_513103_513013,19.27,1
427_512144_502450,0.68,1
2211_518034_516266,20.59,337
1571_501703_501403,46.90,1
3442_514352_514371,16.21,14
2101_516063_516059,22.32,10
2471_515014_515018,22.01,1
357_514484_514543,8.90,2
2401_500851_519139,20.98,253
2301_513270_-1,85.00,1
357_514484_514545,3.50,1
385_514382_514367,41.75,381
3123_511388_502103,6.02,12
421_501552_500603,23.67,882
427_500106_502450,30.21,1
3122_511182_511352,10.15,1
2841_514271_514466,24.00,2
427_501652_502450,4.04,1
3141_511045_-1,5.00,1
2401_514134_514397,22.63,41
2101_516063_516061,22.45,415
355_514275_514183,35.86,183
2473_515144_502103,2.14,1
271_516146_516128,25.36,3
2243_513231_513014,21.79,141
3452_514450_514451,23.42,194
272_-1_502100,19.64,19
150_502651_502601,19.85,96
2243_513327_513013,27.27,130
131_501900_502050,34.79,1
2242_513232_513330,26.69,299
282_513254_512181,35.61,11
427_501651_519270,34.22,286
2212_513107_514009,19.85,1
2211_518016_518082,18.44,1
2242_512208_512015,32.68,328
3721_517014_517039,25.57,300
3721_517014_517034,9.67,5
272_501502_501452,8.09,161
271_511490_511090,22.02,1
999_-1_500250,11.06,4
355_514376_514278,16.55,269
2121_513141_514157,33.67,1
2243_514401_514157,22.68,146
272_512040_512207,25.19,296
2524_512022_500951,46.96,1
2211_518046_518036,17.75,5
2401_501550_500851,38.49,5
2121_513142_513143,28.07,414
2121_513142_513141,10.70,48
377_516198_516197,29.18,44
131_501001_501550,15.44,1
302_519051_519080,21.29,127
140_501550_500751,22.08,496
282_513037_513038,26.32,285
3781_517226_517255,27.06,108
322_512033_500108,23.08,250
2211_518046_518045,22.08,37
3131_511417_511416,11.06,52
3721_517014_517015,14.97,12
2801_519206_518042,24.71,17
2121_515161_513251,39.08,1
2241_513107_513013,28.72,6
2212_514410_503001,34.08,1
311_511361_-1,12.10,1
2273_500101_500102,12.42,220
150_502700_503002,16.25,114
431_500300_500350,23.60,319
2121_513142_513144,27.07,5
2211_518046_518034,54.06,1
2273_513252_513049,25.46,356
2473_514076_502103,0.03,1
2211_518046_518016,34.27,1
2121_511298_511283,18.81,1
373_517251_517164,0.23,1
373_517251_517163,7.27,1
3722_517015_500053,12.51,109
2401_514390_514392,19.92,41
131_501852_501900,35.76,710
427_-1_502551,46.85,2
2524_516093_516268,18.46,604
2301_512069_500250,52.56,1
2274_-1_513254,49.92,3
2121_511298_511275,35.39,295
2121_511298_511277,23.44,56
2401_514390_514388,25.83,319
311_-1_502302,3.02,9
2121_500103_516107,26.20,1
2841_514415_502650,15.26,1
3781_517226_517227,32.89,147
131_501601_501651,14.68,219
271_516146_516172,34.64,225
322_512033_500110,17.98,94
2243_513327_513062,0.64,1
3141_511045_511035,22.86,524
3371_513189_513094,25.88,2
2842_502701_502651,9.61,94
2473_514381_514369,35.06,3
2274_-1_513265,0.14,1
2473_514381_514368,40.25,318
3442_514371_514400,14.01,167
131_501753_501701,23.21,779
2473_514381_514371,4.44,21
2471_515006_518003,21.42,1
2301_512005_513271,13.59,467
3722_500053_517248,31.03,2
3452_514450_514463,11.48,1
3452_514450_514464,11.23,50
3191_502305_511202,41.16,1
3452_514450_514460,0.04,1
2524_516093_516245,13.57,161
2274_-1_513273,0.22,2
2141_511469_511489,35.49,97
1472_501801_501751,29.23,802
142_501500_501350,8.78,272
217_502103_502151,19.77,27
2121_514097_513162,11.90,61
2273_518154_516048,16.91,31
1472_501301_501351,12.18,87
355_514193_514376,23.66,188
3452_514450_514454,18.54,1
2102_516212_516238,22.72,90
142_512022_502350,7.51,9
2102_511301_511239,6.46,1
2102_511301_511238,22.44,249
318_511020_511256,23.75,228
373_517050_517182,19.63,455
2102_511301_511237,3.33,5
318_511020_511251,13.32,30
373_517045_517162,22.54,84
2243_514027_514554,21.75,139
3442_514533_514179,16.27,1
322_512029_512089,22.40,6
3123_511391_502103,28.33,214
2273_516019_502103,2.92,2
373_517045_517167,25.57,1
2521_514281_514282,28.90,215
2521_514281_514280,16.71,54
3121_511291_516277,28.87,2
427_512021_512206,11.01,108
2141_515026_515138,21.48,24
3452_514460_514129,24.59,1
2273_500102_502200,0.58,1
3351_513237_504007,22.01,163
131_504009_500200,51.30,470
2101_519142_519021,17.71,398
2101_519142_519025,12.31,99
2842_503007_502650,40.30,4
2273_514013_513103,24.07,450
385_514369_514478,31.31,1
2273_514013_513105,26.79,4
347_514212_514147,24.34,149
318_511020_511232,35.10,63
2273_514013_513107,21.77,1
373_517093_500056,3.67,1
999_502100_-1,7.66,1
3191_502305_511251,30.85,24
3372_-1_513106,4.82,7
2121_513259_513261,30.50,277
282_513254_500102,20.81,41
373_517050_517167,15.49,19
431_501950_502102,33.19,337
373_517050_517166,32.79,1
3191_502305_511247,4.93,1
3191_502305_511244,50.64,1
318_502314_502313,8.29,148
347_514208_514535,38.95,717
3141_511039_511265,7.64,3
2273_516034_516036,38.28,299
131_502200_502300,8.77,2
3141_511039_511261,28.09,3
2273_516034_516032,25.56,23
3442_514533_514163,8.43,14
441_-1_502303,10.28,16
131_501900_502000,8.89,1
322_512029_512092,15.05,62
2842_502651_514432,14.05,108
2401_514154_514396,24.78,9
322_512029_512093,16.93,379
3442_514072_514427,10.49,2
2121_515018_515010,6.14,12
3371_513093_513077,32.82,4
3442_514367_500162,5.02,5
2473_516120_516234,12.35,1
2121_515018_515014,14.85,2
217_-1_511361,13.72,9
437_500602_500750,19.42,719
2242_512164_513329,23.34,1
304_519263_519097,1.20,1
304_519263_519098,28.49,2
304_519263_519095,26.48,9
304_519263_519096,25.42,336
304_519263_519094,92.18,1
2121_512019_513325,18.57,1
2401_514080_501550,15.11,1
431_501950_502150,36.03,1
2121_515018_515022,20.71,334
2402_501050_514115,24.62,1
3171_511385_502302,12.86,2
2401_514115_514116,40.52,150
2121_515018_515023,22.56,1
421_502150_502200,36.43,828
140_-1_500751,11.05,14
243_514157_500155,18.30,1
3422_514069_514068,27.07,65
2121_513259_513257,40.89,1
371_517232_517228,23.04,11
2121_513259_513253,10.62,1
3422_514069_514070,32.90,312
3371_513093_513095,27.48,56
305_519079_519112,16.03,41
385_514369_514449,6.97,87
3371_513093_513094,21.20,362
373_517045_517182,13.66,1
421_500106_501852,4.89,5
2121_514401_500155,17.22,16
347_514207_514206,10.60,51
2141_511282_511267,14.25,1
347_514207_514208,21.09,12
2121_504015_513009,1.11,1
353_515060_515194,17.29,264
2121_504015_513007,34.25,5
2401_514154_514346,25.28,285
2121_504015_513006,28.83,352
2242_513224_513330,17.85,103
131_504009_500250,16.25,4
3121_511291_516276,39.67,189
2121_514401_500160,26.47,90
2473_515246_515245,18.12,3
441_502303_500159,4.87,1
306_519202_519192,8.95,1
272_519142_519025,11.00,117
2242_500152_514157,25.13,477
271_516251_516167,15.35,63
302_519051_519052,33.00,354
437_500401_500601,14.27,219
2141_511282_511281,22.94,133
272_519142_519021,18.87,406
131_501550_500601,24.60,743
323_500109_500111,18.90,162
3442_514352_514068,21.98,21
421_502550_502500,36.16,804
2211_518033_516096,22.65,1
3442_514352_514067,22.29,287
2121_515018_515054,42.12,1
2402_500156_519047,23.24,2
2401_514386_514343,40.85,2
1571_501600_501402,0.90,2
318_511016_511232,10.65,1
2243_514345_514156,20.26,136
2471_514373_514431,37.60,456
306_519280_519266,23.90,71
336_513001_513308,33.69,6
336_513001_513309,12.56,2
2473_502051_501951,12.00,1
282_514312_514262,24.16,276
2521_514281_514320,35.10,1
336_513138_513310,16.08,3
3191_502305_511195,24.65,5
3191_502305_511196,31.65,1
272_516063_517212,24.08,1
2242_514125_514121,34.57,301
452_503003_502600,1.75,1
3191_502305_511197,27.36,1
2471_515013_515015,22.59,2
421_501701_501001,25.54,929
2471_515013_515019,15.12,1
2242_514125_514129,4.17,72
2241_514411_514399,10.13,9
2121_513162_514367,34.21,1
150_502601_502701,17.98,7
427_500106_500104,16.31,18
2104_511301_502301,29.31,1
140_500851_501301,25.42,1
2471_515013_515021,35.67,453
2242_512049_512205,26.11,410
2471_515013_515020,12.62,26
305_519161_513002,18.95,7
142_514474_514326,8.97,73
2473_514377_502600,1.74,1
2402_514112_514110,20.25,57
377_517268_517123,0.17,1
2141_515010_515018,36.42,117
2141_515010_515014,14.45,26
421_500106_500602,1.15,2
302_519127_519124,0.42,1
2301_-1_513259,64.96,1
302_519127_519126,9.37,48
282_513233_513292,18.13,61
377_517268_517121,25.30,300
306_519181_519161,61.96,1
131_502051_501951,34.39,2
2121_511275_516192,39.47,315
150_501550_503002,0.26,1
2471_516011_516239,18.70,460
272_516078_516235,45.08,212
2104_516218_516220,25.30,215
2273_518016_518154,7.70,105
2472_518165_518004,17.55,100
2471_516008_516007,30.51,83
2301_-1_513268,25.29,2
2472_518165_518009,24.39,352
2301_-1_513263,7.36,2
2104_516218_516216,15.66,82
2242_500152_514121,40.22,1
272_512037_513264,1.58,1
302_-1_519124,11.38,23
2101_516064_516065,24.53,326
2121_513262_512209,64.95,1
2121_502601_514278,6.77,95
2121_513262_512200,19.80,1
1472_501851_501251,13.42,1
2274_519031_501001,14.06,441
3192_511059_511084,19.00,3
373_517166_517052,37.22,440
452_500603_502601,13.42,1
3192_511059_511082,1.61,2
3192_511059_511081,16.77,15
3452_514131_514245,16.03,51
427_501652_500106,3.89,1
421_501852_502050,26.43,1
376_517172_517171,20.69,50
4272_-1_1046560,19.35,1
3452_514455_514129,16.06,51
2524_516245_516268,55.55,2
385_514532_518185,8.60,61
272_501405_519026,17.57,121
2842_502651_514376,42.40,1
2101_516064_516062,20.95,83
355_514124_514123,21.20,3
131_502251_502151,42.56,3
282_512034_-1,29.05,8
421_501701_502300,0.06,1
3442_514092_514353,23.56,258
3372_513106_500251,8.44,1
4272_501651_519138,20.27,1
2273_513254_502150,56.94,1
2242_512049_512204,12.16,109
2241_514411_514345,24.83,335
2242_512049_512201,15.11,1
3172_511252_502304,24.93,163
3192_511059_511068,5.99,1
2801_518178_518179,33.08,119
3372_513085_500251,9.43,2
3442_514092_514368,24.51,2
3192_511059_511062,12.84,2
3442_514068_514427,15.36,18
3422_514092_514091,22.46,172
3192_511059_511061,22.79,11
311_511261_511496,0.04,1
271_516172_511309,22.46,4
140_501051_500163,23.30,524
131_501702_501652,13.29,238
357_514233_514496,23.93,147
353_515126_515194,1.94,1
3192_511059_511075,30.38,3
2524_516245_516244,7.02,117
3192_511059_511074,17.18,1
2273_518153_514002,34.43,1
2212_500102_518060,38.07,1
271_511427_511242,21.57,61
370_517064_517132,33.02,268
2471_515009_515069,36.97,1
3192_511059_511071,16.22,8
282_518155_514348,15.81,2
131_502051_501901,28.04,1
1472_501801_501703,69.75,1
427_500106_512182,10.97,8
427_500106_512181,2.42,2
3011_501405_500601,33.22,1
3441_514056_514067,13.37,1
324_512163_512162,36.29,8
2402_513129_513100,39.82,1
2473_514415_515060,42.11,1
2402_513129_513101,14.51,105
324_512163_512164,27.59,160
2101_501405_519026,16.48,94
2273_513252_513112,29.75,1
2101_519025_516049,19.32,1
2104_519025_519021,13.29,5
2471_514368_514369,38.60,278
3441_514056_514055,6.65,97
2212_514138_514002,35.20,1
323_500109_512186,17.52,36
2301_500951_512017,54.35,1
355_514193_514278,10.37,1
431_501853_501951,7.64,96
2471_516241_500154,3.47,1
3133_502313_511033,2.44,1
377_516124_516195,30.76,284
2471_515009_515007,21.69,41
2472_516132_501850,10.46,1
2273_513103_513327,48.17,1
2274_512178_513273,10.79,122
2273_502103_502151,22.16,48
2211_502315_516264,18.23,1
2101_516059_516110,24.87,1
2471_515009_515019,40.80,404
2471_515009_515017,7.30,1
304_519107_519264,33.21,1
2471_514368_514381,21.75,34
2102_502301_501400,21.37,1
2121_514431_514373,16.95,86
427_512144_512182,4.13,37
2121_514431_514371,27.27,335
2243_514010_514411,1.06,1
3371_513193_513078,25.63,1
3371_513193_513079,22.26,1
431_502303_-1,17.69,12
2524_501501_500603,24.52,1
2521_518110_502851,27.11,63
3371_513193_513083,0.50,1
3371_513193_513084,1.79,1
272_519025_516071,33.37,1
427_500104_-1,13.55,10
421_500602_502350,15.14,249
2141_500160_514541,39.63,1
2241_513063_513112,16.28,109
2841_514020_500165,25.45,118
2273_518082_516270,12.42,1
2402_513129_513137,29.35,1
321_513047_500105,27.71,339
2121_513261_513259,30.02,14
2243_514465_514054,40.46,3
3371_513193_513095,6.02,1
2521_502800_502850,5.54,67
2121_511275_516138,27.77,5
3371_513193_513093,14.44,4
2841_500165_-1,16.26,22
2301_-1_513273,0.13,1
427_500106_512144,60.83,1
2301_-1_513270,0.23,1
318_511343_511341,17.45,28
2121_514377_514443,28.96,295
437_500300_500602,38.71,1
2211_518016_518046,41.55,4
2211_518016_518045,16.64,297
2242_514396_514342,38.04,27
370_517064_517196,6.82,9
332_513301_513183,32.56,398
2402_513129_513133,18.79,3
306_519195_519196,40.96,275
1472_501150_501100,9.61,112
306_519195_519194,27.36,75
3192_511078_511462,20.50,2
306_519195_519199,11.42,1
2402_513129_513131,23.96,387
271_511311_516250,0.17,1
375_517228_517015,34.65,2
375_517228_517017,35.88,427
131_502251_502101,29.23,1
2212_511284_511281,21.17,506
2274_517009_501501,0.20,1
2402_514112_514152,24.95,10
2402_514112_514155,29.46,3
142_514147_514210,34.88,1
142_514147_514211,17.07,81
142_514147_514212,29.65,469
318_511016_511251,29.52,206
1571_501650_501600,22.39,44
3191_511197_511196,20.18,191
131_501601_501701,33.69,1
3191_511197_511198,22.97,115
4272_519166_502400,25.51,113
2212_511284_511278,14.23,1
355_514173_514468,23.61,32
2402_514156_514155,13.42,123
2212_511284_511279,11.65,142
2212_503004_518164,8.51,67
2473_-1_515025,34.89,2
332_513301_513167,16.30,1
332_513301_513168,37.05,1
271_516167_516252,0.57,1
271_516167_516251,28.02,261
150_500950_501550,5.24,3
332_513301_513166,6.54,3
131_501001_501500,37.54,1
332_513301_513164,13.38,2
2141_511329_511317,5.46,4
2101_501502_519026,0.16,1
2842_514081_514415,24.08,1
2121_514377_514431,14.85,1
2212_513251_513048,10.91,118
2211_518016_518194,34.80,2
2121_513160_513161,35.72,262
2212_511281_502301,13.81,331
3131_511484_511417,19.73,62
2242_514396_514133,24.35,6
2243_514538_514048,5.89,26
142_514213_514054,26.58,1
2243_514538_514049,20.93,103
353_514307_514308,23.81,232
353_514307_514306,5.42,16
2121_513160_513159,11.72,121
2473_516086_516082,24.04,1
2242_514130_514128,15.03,71
2473_516086_516083,5.64,46
2274_500107_517109,1.42,1
2212_503004_518149,33.08,2
2473_516086_516087,26.96,605
371_-1_517029,35.48,9
2121_500103_504015,6.15,1
2471_514278_515061,23.36,454
2242_512164_513233,33.29,1
347_514210_514535,13.09,1
3131_511484_511408,25.31,403
427_512022_502400,30.68,3
2242_512211_512133,21.80,1
2121_512019_513252,25.61,351
2521_515061_502650,40.92,1
2121_512019_513254,20.77,22
431_500300_500250,7.52,84
150_503002_502950,35.24,1
303_519294_519088,22.14,353
427_501651_519164,22.84,1
303_519294_519087,10.28,2
303_519294_519089,0.34,1
2242_514130_514134,28.13,1
371_517015_500051,18.59,489
2121_513160_513162,17.96,2
2242_512211_500150,17.54,4
2242_514130_514132,24.23,454
2472_516240_518005,29.14,3
999_-1_511059,11.45,3
2121_516084_516081,13.65,161
421_500602_501002,48.68,1
427_512144_500106,5.58,5
2101_501552_-1,3.11,2
2401_514133_514342,17.75,2
2102_501400_501000,16.60,278
3141_-1_511039,7.73,7
2401_514133_514346,26.23,20
3123_511288_502103,24.10,1
303_519088_519089,26.85,421
131_501803_501853,9.88,154
282_500102_512181,11.65,2
2524_518033_518085,27.43,1
3141_-1_511037,18.35,2
2472_516240_518010,11.97,68
385_514449_514369,15.39,445
3141_-1_511036,3.08,2
2472_517007_516132,36.71,17
303_519088_519082,11.61,1
2472_516240_518013,20.97,348
2472_517007_516131,25.72,302
2841_514550_514549,22.05,31
2842_503007_502700,25.64,536
427_512001_519117,37.42,1
142_512022_514481,35.44,1
271_517178_516233,4.57,28
3371_513189_513188,39.02,365
357_514254_514432,61.78,1
2121_516084_516090,4.44,2
2274_500107_-1,6.10,6
1571_501650_501752,14.88,2
2121_516084_516088,0.80,1
3133_502309_511034,27.53,330
2473_514278_514376,15.21,91
2471_515147_518012,6.49,2
2243_514538_514050,13.60,1
2473_516086_516097,18.99,4
3371_513189_513190,16.19,42
2121_512003_513251,16.05,1
2121_512003_513257,16.56,13
217_502000_502102,27.40,154
2473_501951_517175,23.73,294
2401_501550_500750,19.69,330
271_517006_511424,52.83,1
2102_516209_516130,56.22,1
131_504009_501602,44.87,1
3721_517225_500052,0.05,1
217_502103_502001,18.31,126
2524_515139_516081,19.40,1
131_502200_502250,17.65,615
3411_514044_514466,21.63,159
2243_514401_514080,25.93,1
2101_516059_516057,32.86,348
2524_515139_516086,35.28,1
2212_511222_514410,39.65,1
2121_513006_513159,50.03,1
2801_519154_519281,8.89,1
3131_502311_-1,0.06,2
142_512022_501151,37.59,1
452_502651_502701,32.14,155
2274_-1_512044,0.71,1
2274_517115_517117,29.90,1
421_501855_501753,26.49,908
2274_501900_502000,33.22,455
2102_514001_502301,15.64,87
2101_516059_516061,14.82,75
2401_514133_514396,24.38,259
2524_515139_516090,1.79,1
4272_519138_519270,11.37,62
2521_515012_512057,4.66,1
271_-1_516146,0.03,1
3141_-1_511045,23.37,1
2473_502103_511316,31.05,2
2524_512022_-1,17.26,3
2102_511281_-1,5.83,1
2524_515139_516097,30.71,14
318_511021_511459,31.43,2
3131_511484_511478,11.10,1
2274_512178_512024,17.74,378
2242_512208_513236,16.04,1
2101_502250_511006,11.93,73
2101_502250_511008,35.56,1
142_-1_514233,22.93,1
142_514232_514481,19.28,1
2274_502100_502000,6.72,1
2842_514432_503012,25.43,2
272_516061_516063,12.76,154
282_512014_500102,6.36,1
4272_519138_519266,12.43,186
272_516061_516068,30.92,1
2121_514401_502601,34.26,2
2211_502312_-1,27.89,5
2473_514382_500154,2.82,2
282_518158_-1,21.20,1
2273_513252_513114,24.00,2
2102_516211_511279,22.97,1
2274_-1_512069,0.34,1
2211_519284_518105,21.45,1
3371_513093_513106,33.05,1
2212_514410_515144,12.22,1
3371_513093_513100,24.84,43
131_500450_500850,5.19,1
272_501502_501552,23.45,467
2842_514421_514376,17.31,2
3121_516276_511452,10.17,2
131_504009_500300,26.59,2
3121_516276_511453,18.31,3
302_519075_519123,43.00,1
302_519075_519122,26.69,322
2242_512211_512147,8.92,37
3372_513037_513038,23.08,339
2242_512211_512148,23.75,442
2121_512003_513259,46.09,299
2301_-1_501401,6.15,34
2121_500103_516090,0.36,1
3191_511496_511215,42.87,107
3411_514053_514051,13.01,1
271_511420_511099,29.27,1
3141_502302_511039,8.12,11
3191_511496_511213,38.82,123
3141_502302_511035,0.32,1
336_513168_513014,14.93,394
1571_502950_501003,1.71,1
427_512023_500106,0.68,1
2301_501451_500601,32.98,2
1472_501251_501201,22.21,832
131_501500_501550,22.32,741
2301_513050_500202,25.93,600
3452_514460_514243,0.62,2
3452_514460_514245,62.39,1
142_-1_514206,37.14,8
2473_502103_501951,20.24,2
131_504009_501652,29.75,2
1472_501600_501650,39.99,618
140_500163_-1,18.65,34
2274_512007_501000,23.89,1
2273_513104_514012,1.22,1
3411_514053_514054,32.56,345
3411_514053_514052,6.16,13
2273_513104_514014,17.16,399
3422_514092_514220,36.98,279
421_501855_501701,21.06,10
347_514535_514429,14.16,1
2471_514278_515012,15.43,1
3122_511353_511354,17.45,284
3122_511353_511352,6.52,33
2841_514021_514020,25.37,14
2212_513231_513063,21.64,35
2841_514021_514024,0.81,1
3133_511224_511225,26.39,147
2402_514002_519047,27.55,3
2102_519022_516079,16.11,71
140_-1_500851,27.64,3
2524_515161_516085,19.56,494
2274_500107_517190,1.11,1
2211_501502_518083,67.50,1
355_514124_514181,30.08,162
2274_513270_513268,26.63,513
2104_516173_511242,27.86,1
2524_515161_516089,12.37,120
3141_502302_511045,30.49,13
2242_500152_514080,42.55,3
370_517134_517133,19.88,105
272_512057_500600,35.76,3
427_512022_502450,14.46,99
3411_514025_514026,17.35,363
3411_514025_514024,30.29,29
3192_511064_511380,21.23,231
2102_501400_502301,16.64,3
3422_514074_514073,22.02,34
2402_514110_514218,22.30,2
2121_515153_516084,18.79,63
306_-1_519281,9.49,11
2104_511426_511424,5.02,1
2104_511426_511425,7.64,40
2121_515153_516088,23.44,301
3411_514025_514031,27.63,1
2242_513224_513232,32.14,1
2273_501150_514003,34.05,1
3123_502103_511388,36.31,217
353_515060_515059,9.20,7
2524_500603_502351,23.13,646
2242_513224_513235,21.05,10
347_514212_514213,22.15,800
427_512001_519136,9.06,1
427_512001_519135,8.06,1
2243_514010_514399,30.74,124
271_501855_517213,7.51,1
1571_502901_501000,19.41,2
347_514212_514214,30.64,3
3441_514213_514212,24.44,68
3441_514213_514214,41.75,457
2243_513327_513107,19.72,1
355_514376_514193,22.76,31
353_515127_514309,13.24,66
3172_511493_511021,9.13,1
2121_515153_516090,0.89,1
427_501651_519138,12.31,5
282_513191_-1,1.26,1
3721_517015_517224,23.92,1
2212_515148_518061,37.00,1
2212_511276_502301,0.49,1
2121_513259_512017,0.51,1
2471_515061_514278,18.39,103
142_514056_514055,6.83,150
2121_514155_514154,12.09,148
2121_514155_514153,22.51,1
2121_514155_514156,22.46,363
376_517067_517259,19.87,1
1472_501403_501003,12.32,142
2242_513224_513218,25.16,462
2473_511316_500154,11.94,1
2473_515058_502600,19.10,9
2242_512164_513216,17.28,2
375_517177_517228,36.56,324
3141_511039_511346,0.88,1
306_519050_519068,16.22,335
2242_512049_512152,21.90,4
421_502150_502300,21.16,10
2242_512164_513219,26.87,1
2521_512021_512105,25.46,225
2104_501405_501451,17.34,268
306_519050_519071,22.68,2
306_519050_519072,28.62,3
2121_500103_516084,11.80,1
3371_513093_513194,16.86,192
2242_512164_513220,28.15,1
3442_514088_514353,21.97,1
421_501852_502200,47.90,1
2241_514345_514411,29.65,77
2273_518016_518023,23.03,1
2102_516204_516212,11.72,1
3411_514331_514044,0.34,1
376_517172_517269,11.60,6
2273_518016_518021,42.99,1
371_500051_517029,9.97,4
2301_-1_512024,0.47,1
2102_516204_516203,19.45,46
347_514429_514210,35.48,875
2102_516204_516206,25.17,232
347_514429_514211,35.84,2
3141_511249_-1,1.62,1
377_516273_516272,11.69,6
131_501702_501750,29.28,667
377_516273_516271,48.11,1
271_511313_516184,0.07,1
377_516273_516274,13.17,311
2273_518016_518019,21.80,341
2301_500951_501401,24.92,364
371_500051_517030,26.16,1
2242_513234_513216,20.11,1
421_502501_502551,22.94,800
2121_514098_514096,13.25,71
2121_514098_514099,41.64,319
2121_513259_512003,10.14,36
2242_513234_513220,56.97,1
3411_514331_514041,16.56,1
2473_517213_511310,2.99,1
2301_513264_512123,11.05,193
2273_500102_513049,7.95,2
2473_517213_511316,23.27,342
271_501855_-1,8.73,5
318_511016_511339,54.76,5
2141_515018_515022,19.64,127
1472_501351_501003,30.42,1
1472_501251_501151,20.96,2
306_519181_519038,15.40,106
142_514198_514199,30.67,341
3124_511444_511440,14.92,241
3141_511250_-1,1.25,1
3124_511444_511441,47.32,14
3124_511444_511443,10.91,1
243_513150_513151,32.02,175
373_517096_517097,24.00,353
2521_502800_502750,31.41,237
2242_513234_513233,26.91,393
142_514198_514197,16.32,83
2121_515020_502600,8.68,1
336_513001_513215,17.70,11
452_503003_502700,20.11,187
2273_500102_513035,22.49,1
150_500950_502950,39.76,4
3172_511251_511020,29.08,188
306_519202_519041,12.97,364
2141_515018_515010,16.24,5
357_514076_514376,25.13,160
243_513150_513144,3.65,27
3442_514352_514161,38.20,1
272_512037_512056,19.73,285
2274_513265_513015,14.63,1
3133_511495_511494,42.23,14
427_501800_501702,9.24,162
2121_514082_514095,25.89,373
2121_514082_514098,9.36,1
2212_513327_513113,1.01,1
2242_512015_512039,33.89,5
2121_513162_514218,22.90,9
2521_502851_513249,14.36,1
3133_511407_511100,0.60,1
217_511021_502201,19.12,153
437_500251_504017,31.23,1
2801_518129_518128,22.28,26
1571_501752_502601,21.25,1
2212_513327_513107,19.08,14
352_515159_515196,18.95,63
427_512023_512022,12.55,145
3171_511020_511385,22.37,3
2241_514399_514411,25.14,242
3133_511495_511483,36.24,292
2243_513058_500203,15.24,21
3411_514270_514480,7.33,1
2273_514014_500102,0.02,1
2471_518074_516241,22.17,1
321_513033_513252,26.63,75
373_517166_517182,29.02,2
2121_516139_511278,50.89,1
2242_512015_512038,29.45,368
2102_516204_516237,20.71,1
2102_516204_516236,115.46,1
1472_500158_501052,38.11,653
1472_501851_501151,70.23,1
2301_513264_501401,17.31,1
3442_514069_514070,34.66,258
377_517268_517200,29.54,1
2121_502601_514374,8.60,1
3192_511059_511187,5.45,5
2121_502601_514370,18.52,1
2472_517119_517012,18.98,317
371_517232_517177,24.45,473
2472_517119_517011,13.62,107
2472_517119_517013,30.99,8
2121_514377_514384,18.97,2
2121_514082_514080,15.30,110
421_501852_502150,45.52,1
2242_514342_514392,30.60,1
347_514429_514209,5.55,19
2242_514342_514396,3.08,1
2401_514080_500161,51.11,1
140_500751_501351,0.03,1
3721_517035_517037,4.88,2
347_514207_514039,33.03,924
371_500051_517014,24.81,481
3721_517035_517034,6.40,96
371_500051_517015,20.52,30
3442_514069_514068,24.37,55
3442_514069_514067,19.14,2
3124_511444_511497,26.06,94
3442_514533_514358,18.36,260
3442_514533_514359,13.32,9
371_500051_517016,31.63,1
2301_-1_512017,16.05,3
2473_500154_502600,37.18,1
2211_511273_511272,24.01,66
2104_516166_516263,18.23,107
2473_515037_514415,13.54,4
3172_511136_511184,53.65,2
2521_-1_515061,8.77,5
3122_511182_511166,7.44,176
3122_511182_511167,10.70,467
305_519161_502400,31.57,2
3122_511182_511168,16.00,6
1571_501650_501700,26.88,768
3122_511182_511169,6.06,1
2211_515214_502315,2.43,1
2141_514401_500160,21.47,39
2471_-1_516008,18.44,2
2121_513158_513159,21.07,358
140_500851_501251,3.85,1
2841_514047_514046,19.21,22
2121_513261_512017,39.31,280
357_514078_514079,24.72,166
2121_514377_514369,26.57,1
2273_516022_501151,10.99,5
2471_515014_515238,3.78,9
2841_514047_514048,22.67,327
3441_514056_514173,16.95,1
142_514196_514467,22.59,1
2521_514319_512115,39.33,1
131_501001_501601,13.49,188
3131_511417_511269,6.28,1
2301_513253_513257,29.52,401
3133_511456_511225,26.43,159
2301_513253_513251,19.79,45
2842_514421_514278,25.06,3
2121_514377_514373,0.19,1
1571_502850_503002,27.32,2
131_501803_501901,41.96,1
2273_519016_516036,22.02,1
2273_519016_516038,48.17,1
2274_501001_501401,31.86,418
2842_514083_514081,17.66,81
324_512158_512160,17.40,7
2471_514382_501752,52.46,4
2842_514083_514085,15.27,2
142_512020_512022,7.76,15
142_512020_512021,31.28,553
2842_514083_514084,33.05,442
427_519164_500104,0.50,1
2521_515118_518058,17.73,57
2121_514099_502301,17.64,1
375_517229_517218,16.11,131
2841_502700_503007,17.62,109
2274_517115_517211,6.83,61
375_517229_517219,16.51,344
2242_514347_514134,23.99,92
2273_519016_516042,34.38,1
322_512033_512032,23.72,123
2274_517115_517215,24.16,372
2274_517102_519031,24.88,2
2273_519016_516044,12.98,1
3371_513189_513100,19.41,2
2273_519016_516040,4.77,22
2841_514232_514048,11.74,1
272_516233_502000,25.25,4
324_512158_512159,29.23,110
271_511490_511230,27.78,1
2121_513158_513162,16.85,1
2212_514137_513107,38.67,1
2121_513158_513161,0.16,1
452_502601_502351,1.20,1
2121_513158_513160,19.47,1
2841_514232_514050,19.91,1
271_516167_516173,1.75,4
371_517026_517028,30.22,140
371_517026_517021,37.83,21
1571_501751_501003,2.40,1
371_517026_517023,30.10,714
2524_515087_516083,29.41,1
3172_511120_511119,21.70,21
3172_511120_511118,24.13,1
2211_518016_518154,10.12,109
2212_503004_518060,34.38,4
2524_516089_515161,18.17,567
3172_511120_511122,37.77,2
282_512014_512181,35.77,275
2524_515087_516092,30.72,1
3133_511495_511408,52.51,1
2242_512211_512213,28.70,1
2301_-1_512069,0.24,1
2242_512211_512214,0.08,1
3133_511495_511407,31.51,13
427_502500_502450,16.89,395
427_500106_512023,38.83,1
2243_513231_513063,16.88,11
3131_511270_-1,0.07,1
142_514474_514481,3.33,1
2301_513269_513267,24.24,48
142_514474_514483,25.83,1
2242_512211_512212,22.71,13
3131_511269_-1,19.17,2
2242_514386_514313,36.95,28
1571_502701_503006,32.66,663
2242_513232_500158,17.06,1
2121_513141_514113,21.82,27
2274_-1_500107,17.51,41
311_511361_511496,0.60,2
2243_514156_500165,23.23,91
427_500106_512035,27.43,5
2274_-1_500105,41.68,4
355_514193_514192,21.38,18
452_503003_502750,10.14,65
2842_514091_514220,21.77,1
377_516124_516248,21.28,21
142_-1_514196,22.06,1
2241_513063_513014,7.79,4
2841_514271_514235,25.82,43
334_513307_513111,22.90,635
3422_514220_500164,14.69,271
2841_514271_514236,20.00,333
2274_501001_501451,0.49,1
336_513138_513215,6.58,3
131_501803_500601,35.34,1
427_512144_512022,4.61,2
3372_513101_513038,15.00,2
3372_513101_513037,21.54,15
2473_-1_515144,17.08,2
282_513037_513102,21.00,80
2212_516169_516168,8.53,43
2212_516169_516171,19.59,2
347_514210_514429,20.06,165
3172_511120_511115,22.49,193
2104_516078_519142,14.25,1
2121_515237_502601,45.07,1
2212_516169_516170,25.52,471
2212_503004_518058,24.81,386
282_514348_514019,24.94,1
2273_502050_502100,32.09,410
2121_511282_511298,34.27,1
2274_517107_519029,18.46,1
271_511427_511098,33.25,2
2274_517107_519027,10.21,5
2101_500952_519025,21.71,321
2101_500952_519021,42.87,3
2243_514012_514010,29.03,137
324_512168_512169,16.67,121
324_512168_512167,20.87,17
282_512035_512181,38.65,26
2473_515246_515025,22.86,400
2274_517107_519030,22.57,1
282_513038_513102,22.96,1
282_513037_513289,23.69,1
142_514197_512022,4.53,1
2273_513112_513063,30.17,363
2121_514365_500160,21.13,325
150_501403_502900,28.23,1
3133_511494_511458,33.82,1
131_-1_502250,59.18,1
150_502900_502950,9.11,40
999_-1_514206,15.19,3
3781_517270_517271,27.20,166
2274_512151_513269,19.95,351
2402_513300_513215,17.57,312
2274_512151_513265,21.85,29
3422_514403_514559,32.48,1
271_516252_516251,4.00,20
1472_500152_501052,41.22,24
2842_514193_514278,20.33,3
322_512062_512032,30.77,1
2841_514020_514021,42.18,284
3442_514069_514427,9.68,3
2841_514020_514023,32.83,1
272_-1_512123,67.08,2
2842_503012_500164,13.57,3
2524_512022_502900,27.56,1
2524_512022_502901,65.36,1
385_518112_518019,28.36,82
1472_501802_501851,32.05,557
441_501851_501301,38.25,8
2521_512021_512020,14.78,72
131_500301_500650,29.82,1
421_501502_501753,4.19,2
306_519112_519041,0.32,1
2842_502650_514379,16.76,443
306_519112_519043,17.02,32
4272_502400_513003,49.39,1
271_516233_517178,33.25,226
3781_517270_517251,13.98,117
373_517046_517279,24.36,1
2121_513325_514155,25.52,1
2524_516266_516267,18.00,449
2841_514379_502650,19.43,82
3133_511494_511495,38.18,280
3122_511354_511171,39.96,11
3122_511354_511172,12.62,1
1472_501851_501801,35.11,714
1472_501250_500152,1.23,1
2241_514080_514412,24.40,1
3372_513102_513037,22.49,345
3372_513102_513038,17.67,3
2842_514083_514076,35.93,1
3452_514450_514241,17.58,2
352_516107_515070,22.57,117
421_501002_500850,12.83,280
282_513254_513247,18.80,1
142_501151_512022,1.09,1
142_514213_514147,19.44,1
2121_500103_515012,22.64,1
2521_518152_518082,24.38,187
3191_511204_511496,20.10,1
427_519135_513003,11.72,133
282_513191_513289,36.24,31
3191_511181_511209,13.46,28
2274_512008_513279,25.07,373
2301_512024_512178,9.50,127
3191_511181_511210,33.46,235
2121_511282_511281,22.61,315
2121_511282_511283,29.31,1
2301_-1_500600,53.92,1
140_501550_-1,29.58,5
3133_511501_511502,41.92,15
2104_516252_516167,60.42,2
324_512168_512170,18.72,35
2243_514012_514014,25.68,25
334_513307_513067,8.32,164
2121_514153_500103,35.93,1
322_512062_512065,11.62,341
352_515043_515137,9.75,20
243_504008_-1,10.99,7
2273_513112_513049,10.89,1
306_519161_519038,35.03,357
2121_516194_516196,28.51,267
3452_514455_514458,31.60,2
3452_514455_514457,24.41,2
2102_516209_516213,15.85,2
2102_516209_516211,25.78,42
2301_500103_513254,22.46,379
311_512002_511046,22.02,513
2121_514376_500103,6.70,1
3411_514479_514235,24.10,1
2211_502351_518016,78.02,1
353_500166_500161,19.12,208
142_514214_514054,24.00,1
353_514306_514308,10.24,1
353_514306_514307,31.35,255
2102_516203_516202,19.64,47
2102_516203_516204,23.54,238
2102_516203_516206,8.34,1
282_518160_518159,20.91,47
2801_515174_515204,8.27,16
2101_511006_501552,0.12,1
282_513289_513038,28.69,92
2104_511424_516252,19.74,101
1571_501751_501850,12.04,1
282_518160_518161,25.22,271
375_517147_517180,32.87,339
2471_501850_517175,23.40,419
272_500600_502400,13.37,146
1571_502800_502700,45.00,1
2273_514014_514012,31.49,359
3121_511377_511401,9.53,65
3112_502310_511016,26.23,10
3121_511377_511400,25.83,4
2274_512070_501551,1.67,1
3452_514455_514456,29.29,169
1472_501351_501403,16.04,189
2212_518189_518063,24.84,2
2242_512164_512214,28.14,1
2841_514550_514039,37.66,313
2241_514012_514010,29.18,352
2241_514012_514014,21.00,67
2211_502351_518045,11.93,1
2121_514365_500103,0.92,1
2212_511277_502301,0.25,1
2121_512003_512017,13.77,2
131_-1_502200,20.01,2
2301_504010_500600,17.99,2
2121_515012_516080,29.82,4
2102_516209_516207,26.04,269
2242_512211_512072,32.89,1
2242_514126_514128,25.53,322
2102_516209_516205,30.66,1
271_516173_511424,15.00,1
2101_516054_516177,33.41,301
2212_518189_518051,32.45,431
2471_514372_500154,10.20,1
3422_514072_514403,31.65,1
2473_516233_517178,30.69,301
2273_516025_517200,22.44,340
3131_511033_502312,23.48,268
2121_511282_511222,12.76,2
347_514054_514055,39.46,719
431_502200_502303,17.22,245
431_504019_502102,0.33,1
2242_514388_514019,20.04,30
1571_501650_501000,12.61,2
2473_511309_516128,18.95,63
2473_511309_516127,3.66,1
2212_511222_502301,4.45,2
2242_514126_514130,27.96,2
2102_502301_-1,15.25,10
2301_500103_513258,18.49,165
311_511261_511346,32.40,8
282_518160_518143,32.93,1
2212_518189_518049,49.89,3
2121_513007_514218,64.03,1
2471_516268_515151,5.13,2
2102_511284_511279,11.04,88
2274_517110_-1,0.11,1
2121_513161_514218,52.35,2
347_514534_514202,40.85,800
2473_516196_516194,12.19,27
347_514534_514201,30.15,16
282_513192_513193,19.67,276
282_513192_513194,36.21,1
142_512022_514198,12.24,1
336_513310_513214,26.52,1
2243_514399_514411,24.55,92
2801_518128_518129,26.85,113
271_511309_516128,18.62,54
272_516071_516069,32.23,328
2102_511284_511281,24.15,299
336_513310_513212,24.88,381
2242_513219_513216,3.17,1
373_517046_517247,15.21,1
271_511315_511098,2.75,1
272_516071_516068,16.79,2
2524_515171_516088,21.96,3
272_501502_502100,0.90,1
272_516071_516073,7.07,139
2524_515171_516080,24.99,1
2524_515171_516081,11.25,1
2524_515171_516082,23.53,2
2471_500154_514541,38.32,1
352_515033_515023,15.14,16
1472_500152_501000,36.04,2
2471_515019_514415,25.36,1
2121_516194_516138,11.21,96
2401_514154_514133,39.43,1
1571_501751_501801,13.51,204
1472_501201_500150,16.08,2
2524_516266_516244,21.99,28
2104_516147_516149,26.21,3
2104_516147_516148,22.34,285
999_-1_514245,14.27,2
282_513038_513191,10.11,4
2524_515171_516092,1.83,1
1472_501403_501351,23.27,806
140_500163_500751,28.30,2
2471_515030_-1,0.10,1
2243_500100_-1,8.70,11
3131_511272_511271,9.77,69
3131_511272_511273,25.82,288
2301_513048_513251,20.10,514
150_501403_502950,32.31,510
2472_517006_516131,13.33,4
2104_516147_516172,12.49,65
3191_511087_511209,45.17,195
3191_511087_511207,43.01,1
3191_511087_511208,44.98,1
2273_502151_502103,33.65,319
142_514232_514534,39.75,1
2301_513048_513263,33.76,1
2841_514037_514033,16.24,65
3372_513101_513102,25.28,329
2473_514415_514377,14.04,3
3372_513101_513100,4.12,42
3133_511402_502309,0.81,1
2211_502315_502351,32.32,1
2473_514415_514371,34.11,1
2402_500157_-1,20.18,33
1472_501600_501000,4.74,161
3191_511244_511247,47.13,232
2121_511277_511283,24.97,106
3121_517273_511453,12.64,1
3121_517273_511452,8.43,39
3141_511241_511045,27.63,445
3441_514056_514219,44.25,5
2212_518060_503004,17.69,1
3172_511111_502313,23.52,2
243_513165_513163,3.51,2
2473_514415_514368,37.24,1
427_502451_-1,6.73,3
2273_516035_516037,19.63,79
2273_516035_516033,30.45,394
2104_516173_511425,26.30,1
3191_511244_511236,10.44,4
3442_514371_514161,24.98,1
3011_518001_517002,5.76,9
2121_511277_511298,26.70,223
2841_514037_514035,20.63,332
3121_517273_511449,8.00,2
2841_514037_514036,46.72,3
142_514021_514467,38.41,460
4272_519135_513003,10.58,62
131_504016_-1,23.62,24
437_501853_-1,5.88,8
3441_514067_514219,5.10,9
2842_514220_503007,0.05,1
385_518118_518185,23.13,365
2242_514347_514411,30.84,332
421_502501_502451,10.74,273
131_501950_502050,1.90,2
142_514233_-1,11.15,2
2242_513219_513220,20.09,421
2273_513103_514011,13.30,1
2121_511277_511275,29.44,16
2301_513050_500250,29.07,1
2273_513103_514013,17.13,126
305_519163_519165,8.18,4
2121_513162_514152,14.79,1
1472_501351_501301,37.82,677
2211_502315_502312,25.80,22
2801_518129_518003,26.32,130
3191_511244_511204,31.33,6
2243_514050_514049,18.51,11
357_514249_514483,23.74,142
427_500106_501652,2.19,1
2801_518129_518006,34.15,9
2242_514342_514257,24.98,38
321_513024_-1,0.12,1
357_514253_514432,39.45,5
131_502250_-1,35.77,2
385_518118_518117,5.61,1
3192_511082_511486,29.22,2
311_511261_511249,24.91,499
427_502401_519165,12.97,124
2842_514559_514091,0.11,1
2471_515013_514379,23.77,1
2243_513013_513327,20.08,30
272_517212_516233,32.92,331
3411_514270_514331,20.71,1
2402_513133_513131,12.79,59
302_519050_519040,2.03,1
302_519050_519041,22.54,1
2402_513133_513135,37.33,368
311_511261_511250,45.35,1
2841_502700_514233,40.27,1
2242_500152_500158,8.66,129
3442_500162_514367,25.46,8
272_516235_516063,25.40,1
2841_514026_514024,1.71,1
2841_514026_514025,6.91,9
2524_518033_516264,18.36,157
2841_514026_514027,23.06,292
2212_513014_513309,33.21,372
375_517147_517179,16.53,104
3452_514131_514460,20.64,1
2842_514559_514087,28.31,425
2842_514559_514086,27.71,17
322_512061_500110,16.17,49
2842_514559_514085,28.66,1
3442_500162_514382,33.56,278
322_512061_500108,17.10,1
2473_516196_516234,33.79,337
272_516235_516073,18.94,5
272_516235_516077,19.77,301
272_516235_516078,12.56,11
2243_514050_514051,16.52,98
3452_514131_514455,18.58,1
2242_514125_514313,4.91,2
1571_502700_503002,16.92,205
131_502102_-1,0.35,1
353_515190_515126,16.68,2
2402_513092_513148,2.42,1
142_514213_514214,35.01,473
2473_515144_515145,36.25,281
142_500751_502350,12.66,193
3442_500162_514352,33.87,1
2242_500158_512208,20.91,3
3112_511258_502315,0.03,1
318_511344_511021,46.85,1
2473_511312_516232,12.33,1
142_514213_514212,24.67,105
2402_513092_513147,15.41,2
302_519124_-1,4.80,11
2212_516234_516194,38.08,1
441_501851_501351,19.83,446
3123_502103_-1,41.07,1
2471_515029_515030,34.76,486
282_514313_514386,22.94,31
2212_516234_516196,20.17,124
437_500300_500400,26.43,622
421_502550_502350,0.39,2
3141_511250_511346,12.74,169
2242_500158_512201,29.21,1
2242_500158_512202,0.12,1
2242_500158_512203,3.15,1
2242_500158_512204,27.10,1
3452_514131_514434,29.31,1
3123_511377_511389,10.44,20
2402_501552_519048,17.40,12
306_519161_519073,11.60,12
2402_501552_519047,72.92,1
2212_513105_513103,13.08,38
271_501901_517178,7.23,29
2842_514092_514220,40.11,306
2473_517213_500154,45.39,1
142_514233_514483,15.80,1
3411_514246_514036,26.76,127
2121_513258_512209,38.76,2
282_513191_512034,32.51,1
370_519110_519109,4.98,7
142_514233_514481,19.10,383
2121_511222_511277,35.98,1
2101_501552_501502,5.51,8
2473_515189_515057,30.26,333
2402_513092_513122,10.07,2
2473_501951_517006,36.67,11
2402_501552_519035,2.67,1
2402_501552_519034,10.90,1
2242_512100_512015,28.42,3
3191_511198_511229,29.86,68
2212_514399_514558,31.29,442
421_502500_502550,10.10,230
441_502102_502050,11.95,144
2402_513092_513130,28.29,14
2121_513258_512200,20.03,9
311_502302_511213,0.21,1
311_502302_511215,12.80,1
2121_511222_511282,25.11,1
2243_500165_514156,6.11,2
3442_514368_514065,27.71,17
2121_511222_511283,38.19,278
243_514113_514099,13.94,38
2121_511222_511281,15.67,101
272_516078_516073,5.20,1
243_514113_514098,60.82,1
272_513270_513016,17.91,56
272_516078_516077,13.78,3
2212_513105_513107,32.84,431
2121_512004_513259,35.80,1
2473_501950_517178,9.62,108
334_513307_513011,20.28,6
2243_513014_513231,11.76,48
311_502302_511265,22.95,5
421_502501_502401,11.19,4
3124_511296_-1,0.55,2
2141_514377_514076,16.61,13
282_513254_513192,10.48,1
2101_-1_501552,8.40,12
2101_511005_519026,0.47,1
2212_513013_500101,10.55,1
2211_511034_518084,49.58,1
140_500751_501051,19.33,2
3721_517034_517035,17.23,436
2121_512004_513262,31.21,2
2121_512004_513260,5.34,2
2121_515021_515013,19.10,23
2141_511268_511267,22.75,58
352_514445_515238,28.21,2
3781_517165_517227,5.69,10
2141_511268_511269,31.11,137
2212_503001_514137,0.12,1
3132_511467_-1,0.04,1
2243_513063_513112,20.55,45
2524_501403_515146,6.13,1
3441_514427_514071,29.12,492
3441_514427_514070,10.94,178
3452_514129_514131,24.99,15
2241_513014_513231,9.99,109
3442_514069_514352,40.85,1
2301_513015_-1,5.78,2
2301_513264_512018,29.03,470
3441_514427_514073,18.66,1
2842_514193_514192,24.32,99
272_512057_512195,3.28,38
2212_518030_514138,20.96,115
427_-1_501950,68.38,1
352_515199_515198,5.68,2
431_-1_500201,58.46,1
2471_517009_516137,55.01,363
305_512072_519041,4.20,3
2472_514137_518049,20.93,111
2212_514138_513327,27.32,1
333_513045_513283,19.45,1
3441_514427_514067,90.31,1
3441_514070_514427,28.52,561
150_502900_502850,30.83,467
282_513037_512081,29.80,2
282_513193_-1,0.50,1
2472_501053_514138,16.14,84
355_514081_514083,32.74,183
355_514081_514084,42.39,1
2841_514233_514054,30.65,1
427_512206_502401,15.34,145
3172_511184_511130,26.62,1
2101_500952_519142,24.81,6
333_513051_504005,38.91,5
2242_512164_512163,12.55,118
352_515154_515157,23.84,1
2471_515150_518004,16.09,1
352_515154_515156,11.10,97
3133_511408_502310,25.50,1
2471_515150_518006,31.01,1
1571_502750_503002,35.32,662
2274_501000_500107,13.35,3
2243_514157_500153,31.69,2
2273_519020_516042,36.33,284
2212_516234_515029,18.70,1
2273_519020_516040,88.38,1
304_519128_519144,2.07,1
2212_516168_516169,37.23,380
2471_514382_500154,0.90,1
353_515190_515191,24.83,299
347_514055_514054,13.59,40
353_515190_515194,5.62,1
347_514055_514056,27.52,886
999_-1_502314,0.18,5
2402_513134_513092,44.12,2
217_511196_511195,8.09,19
2402_513118_519035,20.33,94
2212_516168_516170,30.87,1
999_-1_502310,1.83,2
322_512062_512120,51.88,1
999_-1_502312,0.89,1
271_516146_516250,13.53,49
272_516079_519026,47.88,1
272_516079_519022,21.50,331
352_515154_515166,24.81,45
2274_512007_513273,11.49,1
2274_512007_513272,24.43,357
2274_512007_513271,14.53,111
333_513055_513294,32.69,35
2273_502050_502200,25.27,1
2102_516226_511104,5.03,1
2521_518110_514317,24.03,1
3191_511198_511197,16.85,42
3441_514219_514468,5.04,4
3191_511198_511199,35.74,242
3131_511273_511272,29.58,48
2212_502301_513048,2.36,1
304_519128_519130,28.16,2
2242_500158_512152,20.06,1
2471_514368_500154,64.12,1
373_-1_517164,33.32,2
2521_518152_518151,17.65,53
2473_517178_502000,55.71,4
304_519128_519129,15.04,332
2212_514410_514011,36.02,2
2473_516233_517212,20.06,33
2402_513300_513103,17.70,96
131_500850_500950,33.61,673
3442_514179_500166,40.65,2
282_513192_513248,15.06,70
2212_514410_514009,23.06,453
2842_514070_-1,0.05,1
131_-1_502150,40.66,1
2212_514410_514002,104.47,1
333_513055_513276,21.25,32
333_513055_513277,24.87,1
282_513289_513102,52.12,1
3192_511073_511048,27.23,42
452_512023_512022,13.41,76
2521_513226_514319,32.59,1
2212_511282_516192,19.68,1
2274_500601_-1,5.76,4
352_515043_515044,23.63,140
2243_500165_514021,25.77,1
352_515043_515045,32.23,1
2274_500105_-1,11.77,15
2243_500165_514020,23.45,115
282_513192_513233,4.80,1
421_502500_502400,0.45,1
2121_516194_516089,19.56,2
2301_513254_512019,33.86,395
373_517164_-1,15.73,2
371_517031_517030,5.47,58
2242_500158_500157,20.56,21
302_519052_-1,14.54,10
3422_514073_514403,6.95,3
142_-1_514481,21.54,37
371_517031_517032,17.36,612
142_-1_514482,22.87,2
333_513055_513283,47.77,1
1472_501801_501851,9.61,130
3192_511073_511052,9.92,1
2242_500158_500152,20.38,465
3192_511073_511051,20.83,1
3192_511073_511050,12.35,3
131_502201_502300,8.43,3
282_513191_512081,12.87,3
2274_-1_502000,62.49,9
282_513254_512035,52.30,2
431_500301_500353,6.94,91
302_519070_519124,4.93,1
2472_514058_500154,16.71,31
3192_511073_511049,18.48,307
2212_516195_511279,26.75,1
2402_501552_519049,7.22,3
2121_513325_514218,17.39,4
3141_511261_502302,4.74,1
131_502250_502300,20.17,480
2273_516025_516027,9.59,60
999_-1_502303,26.32,8
999_-1_502304,3.20,2
3191_511086_511201,10.13,3
3191_511086_511202,54.80,139
999_-1_502301,17.51,14
1472_501851_501703,29.96,2
999_-1_502302,12.87,5
3171_511162_511385,13.11,1
3171_511162_511386,16.69,186
272_516072_516070,12.10,102
322_500110_512215,31.04,3
150_502900_501550,33.84,1
272_516072_516074,19.05,340
3192_511073_511076,30.11,1
3172_511184_511136,37.65,2
3192_511073_511070,27.69,2
272_513015_513269,22.80,159
377_516139_516138,36.92,251
3171_511386_502302,1.48,1
999_500153_-1,2.33,1
282_513254_512014,29.39,270
355_514192_514193,32.74,180
272_516072_516076,0.98,1
336_513310_513166,20.09,3
2121_511281_511298,32.06,2
1571_501800_-1,17.16,2
131_501950_502000,36.72,683
282_514349_514019,26.96,299
999_500165_-1,0.35,1
3411_514270_514271,22.31,2
2301_513263_512117,32.83,414
150_501403_502850,42.04,2
336_513310_513136,15.46,107
2471_516242_516241,11.89,130
2521_512020_512021,30.43,223
2211_502351_518152,30.89,1
302_519122_519124,23.17,15
1472_501301_501603,1.14,1
377_516198_516200,39.43,259
302_519122_519123,31.35,316
2104_516213_516262,3.57,1
324_512172_512174,35.19,1
2524_518085_502901,37.89,465
324_512172_512173,25.27,154
2801_518128_518058,24.80,33
324_512172_512171,4.92,1
452_512022_-1,14.34,13
3411_514331_500165,24.66,1
2121_511281_511279,5.04,1
2212_500101_515144,47.41,1
2274_513270_513016,19.86,54
2402_514110_513104,19.84,72
2121_512019_500103,3.20,1
1472_501851_501751,25.39,8
352_515033_515196,29.05,2
271_516251_516252,33.37,222
2121_511281_511282,25.25,65
2273_513112_513114,8.23,61
2104_500751_516213,3.44,2
3122_511292_511177,17.41,360
3441_514485_514486,29.70,385
1472_501403_501201,32.59,1
3441_514485_514487,33.19,9
2101_516054_516056,32.61,4
3411_514270_514269,8.85,37
2104_500751_516215,20.53,1
2121_511281_511284,18.06,85
2121_511281_511283,27.01,1
282_513038_513289,26.92,296
150_501403_501550,15.60,2
3441_514214_514215,33.17,582
3441_514214_514212,21.00,1
3441_514214_514213,17.43,27
2104_500751_516221,23.30,1
2841_514190_514192,33.48,1
3422_514220_514092,35.22,41
2842_502650_514415,11.89,1
2472_516015_518013,14.30,1
2472_516240_516009,3.73,1
375_517176_517015,17.24,1
1472_501403_501251,28.34,2
2801_518128_518003,27.81,1
2242_512201_512038,35.61,1
2841_514076_514081,28.72,361
2242_512201_512039,11.44,94
2121_512003_500100,15.28,1
2524_518085_502951,41.59,2
2101_502303_501405,10.72,3
2121_514376_502601,15.09,8
2104_511284_511281,22.58,296
999_514245_-1,0.34,1
131_-1_502102,62.90,1
131_-1_502101,14.11,2
2472_516240_516010,22.71,1
272_516077_516235,18.66,17
2524_512023_502900,42.27,1
1472_501802_501752,12.95,188
385_518111_518019,23.26,429
3442_514371_514352,17.30,12
304_519128_519101,11.15,84
3442_514371_514351,19.53,311
131_500451_500650,9.51,102
282_513289_513191,26.25,250
2243_514056_500153,18.42,117
2273_502151_502201,7.69,132
427_512206_502451,31.04,5
2104_516213_516215,2.97,25
2242_513219_513328,16.19,108
2242_513219_513329,34.36,1
2471_501850_517007,13.24,1
2402_501050_514002,28.88,6
2471_501850_517006,20.49,1
3133_511501_511458,25.26,214
2473_515245_515052,7.55,1
3133_511501_511456,18.57,44
3441_514219_514427,24.93,1
352_515033_515159,28.23,66
2402_513300_513138,4.47,1
2121_516089_516085,25.84,1
2473_500154_514401,26.38,283
2101_511006_511008,21.40,72
2301_500103_512019,22.33,1
2841_514027_514026,16.46,16
999_-1_514365,11.31,1
2841_514027_514028,0.51,1
2402_501050_514013,32.01,1
999_-1_514359,22.92,2
142_501151_501201,11.73,173
385_518117_518118,27.54,320
150_502900_502800,45.31,3
3722_517037_517223,4.39,37
2102_516202_-1,22.71,1
2472_501850_-1,7.94,7
2104_511284_511279,10.58,103
3191_511244_511016,29.09,5
3422_514403_514404,29.14,358
2402_513149_513303,16.88,105
282_512034_512134,6.24,1
385_518117_518115,65.77,1
385_518117_518116,2.30,1
3781_517227_517226,14.13,18
2242_512164_512132,24.58,353
1571_501751_501703,24.58,779
3192_511059_-1,15.44,12
4272_-1_519166,39.54,2
2273_513254_502050,31.18,5
2104_501451_519026,2.28,2
131_501753_501001,14.10,2
2211_-1_516080,4.19,2
324_512162_512163,36.71,116
272_500600_513264,2.01,1
324_512162_512161,8.00,9
3191_511086_511180,14.83,1
150_500950_501403,29.17,449
282_514312_514387,32.77,4
2211_515026_511019,0.98,1
2121_511281_511222,13.53,357
2141_502301_-1,13.47,12
3452_514132_514460,45.31,3
2524_518194_518046,7.43,172
3172_511251_502313,18.24,34
271_511426_511242,20.59,307
2842_514067_500164,32.04,1
2472_-1_501850,20.29,1
302_519076_519289,9.72,1
282_513191_500101,19.62,1
2104_516078_500751,0.03,1
140_501051_501101,9.26,187
3192_511074_511068,21.51,214
3192_511074_511066,16.33,1
371_517030_517021,57.79,1
3192_511074_511067,14.30,46
2102_514001_516220,47.36,1
999_500900_-1,19.26,2
3133_511501_511494,42.88,3
3452_514128_514132,42.13,1
421_502550_502400,8.76,2
347_514211_514147,32.41,817
2472_518189_503001,16.53,130
3452_514128_514130,27.76,168
2524_518194_518036,18.55,688
421_501552_501502,9.57,342
3442_514533_514555,6.71,2
1472_501351_501251,2.96,1
371_517030_517029,18.80,176
385_518111_518112,40.39,4
385_518111_518113,6.34,4
385_518111_518115,12.84,1
2524_515171_516103,19.74,24
371_517030_517031,17.85,507
385_518111_518118,11.50,1
385_518111_518117,23.84,2
217_511020_511044,23.74,1
3442_514533_514556,21.45,2
217_511020_511043,26.13,122
3442_514533_514557,26.81,1
2211_-1_516090,21.94,2
357_-1_514484,12.71,8
2402_513092_513093,26.55,360
2402_514414_514413,21.13,53
347_514535_514209,32.00,897
3411_514270_514235,25.72,491
347_514535_514208,15.88,24
347_514535_514207,40.07,4
2801_518128_518089,14.69,2
2521_502801_502851,27.99,189
243_514152_514153,25.76,191
3452_514243_514453,22.33,1
322_512061_512215,35.27,233
318_511252_511459,33.94,228
2273_516019_502303,8.02,1
2273_513254_514003,15.96,1
2121_514370_514541,17.71,2
2101_516054_516052,3.62,41
272_512123_512207,14.73,75
1472_501403_501301,24.19,3
3132_511492_511270,0.08,1
271_501900_516231,0.30,1
1571_501751_501653,50.48,2
3452_514128_514126,12.55,9
3452_514243_514454,26.03,5
2212_500102_518164,7.72,7
150_502600_-1,17.39,23
3452_514243_514460,4.96,1
3452_514243_514461,12.45,63
3452_514243_514462,25.39,144
3452_514243_514463,25.61,5
2473_515189_515188,27.09,2
3452_514243_514464,22.32,2
3121_517273_511369,3.80,1
437_500400_500602,20.13,746
2141_511107_511329,0.84,1
421_501750_501002,15.45,2
3192_511083_511463,27.61,2
140_501051_501151,7.88,1
324_512155_-1,37.31,2
2402_514414_513103,22.82,1
2842_514376_514421,32.22,1
2141_511484_511417,19.17,51
1571_502800_502750,38.53,646
142_514020_501151,23.34,136
2842_514088_514090,34.30,492
2842_514088_514091,57.96,2
2301_513263_512017,20.96,102
2842_514088_514086,19.11,1
1571_501703_501003,18.34,1
2842_514088_514087,20.18,238
3133_511495_511226,34.31,1
271_511100_516250,0.06,1
2141_511484_511408,23.65,185
311_512002_511031,6.37,1
2801_518090_518205,18.51,69
1472_501003_501851,14.85,2
2471_515029_515147,27.61,10
272_502100_502050,46.69,1
311_511195_511192,24.25,1
2212_514011_513103,39.31,3
311_511195_511196,24.84,416
2243_513014_513309,30.09,110
3442_514351_514067,11.41,4
371_517030_517083,34.51,9
2212_518061_518063,18.15,71
3721_517204_500052,18.96,2
2841_514036_514032,19.23,1
373_517249_517076,23.09,83
282_503004_513037,12.80,1
3131_511269_511034,5.42,1
2141_514376_514278,14.33,164
3131_511269_511033,10.85,9
3011_512133_515001,14.23,4
2101_516053_516110,18.95,79
324_512169_512168,19.78,51
324_512169_512170,26.41,74
2842_514072_514073,28.10,335
2241_513014_513140,28.28,1
2842_514072_514071,16.33,8
2842_514072_514070,27.73,2
421_502500_502450,18.27,822
2212_502301_514410,35.41,1
2401_500161_514346,2.01,1
2121_511278_511279,37.42,334
377_516139_516195,28.93,34
2121_511278_511276,12.61,136
3372_513102_513101,15.29,117
2473_516232_516119,26.56,381
3131_511324_511416,10.56,1
318_511344_511136,14.94,42
2121_513162_514097,16.97,287
2212_516171_515142,25.22,471
2211_511090_511106,22.70,357
2212_516171_515143,53.87,4
3122_511354_511072,13.74,370
2211_516089_515146,6.73,2
2841_514232_514279,33.92,28
3781_517250_517076,15.09,1
999_501851_-1,3.35,1
304_519128_519093,0.18,1
282_512035_-1,37.67,1
2301_513264_513262,29.36,1
357_514253_514379,18.80,17
2212_500102_518147,34.41,1
2274_512017_512210,23.86,359
355_514182_514175,24.64,204
2211_516089_515161,19.65,338
2121_511283_514001,39.14,1
2274_-1_502100,8.27,36
2121_515142_515143,43.39,213
2841_514036_514035,24.84,91
3131_511324_511478,33.36,300
2243_514051_514050,13.85,12
2241_513063_513231,26.90,233
421_502151_502051,34.64,826
2242_512100_513235,6.13,1
282_513191_512134,34.66,240
2242_512100_513236,24.49,44
3442_500166_-1,8.67,4
3171_511021_511020,5.99,88
2473_515028_502600,50.38,1
355_514182_514181,4.14,1
131_502201_502251,6.85,224
2273_502050_502150,7.35,2
2301_513264_513260,15.46,1
2121_502601_514541,36.65,1
357_514254_514253,12.71,8
357_514254_514255,18.03,187
322_512062_500110,7.19,1
3442_514367_514067,27.08,1
373_517154_500056,19.02,38
2473_514369_514368,22.96,3
421_501502_500603,30.10,11
2243_514051_514052,16.24,141
3422_514559_514403,28.17,1
2402_513119_501552,2.98,1
357_514249_514548,5.94,9
2402_513134_513132,37.56,288
311_502302_511361,41.22,1
2402_513134_513130,35.81,3
2242_514390_514388,30.15,29
2402_513134_513136,6.76,10
2841_514232_514236,13.17,1
2841_514232_514233,43.68,259
3351_-1_513245,47.25,44
2241_513111_504010,36.15,244
2104_514001_516079,17.18,1
3442_500162_514400,48.51,1
2473_515189_515132,31.56,3
3351_-1_513244,14.41,1
375_517147_517218,1.64,1
3372_513085_513037,14.16,1
3372_513085_513038,6.55,1
2842_514193_514073,38.38,1
357_-1_514432,0.26,2
431_500201_502303,4.60,1
2524_516093_516089,24.32,33
131_500350_500400,31.67,607
421_502550_502450,16.60,3
2521_512057_502401,6.42,1
3123_511377_511292,11.76,267
2242_514390_514392,14.85,7
4272_502400_-1,34.55,19
305_512072_519166,44.07,1
373_517076_517015,9.09,2
305_512072_519165,15.42,2
2521_515236_515120,23.86,188
2101_516061_511012,27.83,1
431_501852_501950,19.76,381
2521_515236_515119,3.88,19
2101_516072_502303,0.14,1
2212_518030_514002,37.68,336
355_514123_514124,32.01,155
355_514123_514122,26.67,9
3351_-1_513238,8.88,3
304_519131_519293,6.03,2
2211_518035_518033,20.18,10
437_501750_501853,30.17,468
373_517046_517045,31.09,15
2141_511222_511282,23.39,1
3411_514054_514052,35.14,1
2141_511222_511281,15.38,29
2472_501053_514017,25.75,353
2211_516267_516089,33.46,1
421_501951_501855,17.70,926
150_502900_501403,23.80,2
999_518060_-1,0.95,1
302_519040_519041,28.89,36
2274_512070_512069,22.26,439
304_519095_519098,29.91,1
1571_502950_502850,34.32,6
304_519095_519096,25.48,1
2101_511234_502251,50.41,1
1472_501250_501200,11.32,203
131_501550_501500,10.25,288
304_519095_519094,11.04,117
304_519095_519093,20.58,1
437_500201_504017,48.42,484
3411_514554_514029,29.00,1
2121_500203_513160,0.74,1
3411_514554_514028,28.32,434
373_517046_517050,36.10,3
3411_514554_514027,21.17,214
302_519040_519039,7.39,1
2121_516089_515045,14.67,1
272_516068_516071,10.74,1
3413_514053_514194,2.15,1
2212_516196_502301,25.74,1
427_512144_502400,24.87,1
2473_500154_514367,24.87,1
2121_502601_500103,6.77,2
2212_503001_515149,47.61,1
302_519070_519041,24.91,1
3411_514554_514031,27.31,5
2841_514171_514039,28.25,38
2401_514019_514390,35.44,1
2121_511279_502301,20.85,1
2471_514379_514415,18.46,353
3372_513085_513084,3.38,61
2471_514076_515021,35.00,1
3122_511354_511352,16.07,8
3122_511354_511353,8.98,39
272_512021_512206,14.24,103
2841_514190_514469,15.26,59
2211_519284_519121,23.30,67
2242_500158_512039,5.18,1
2401_514019_514386,29.93,266
431_502200_502150,9.71,83
2401_514019_514388,23.41,95
352_515154_515015,25.35,21
3372_513085_513099,15.11,2
3372_513085_513097,10.32,2
3372_513085_513096,24.80,275
2212_516139_516120,31.12,2
272_513267_502400,19.79,1
2211_511223_511319,23.90,326
3112_511302_511264,15.27,187
3112_511302_511265,14.82,1
3192_511083_511082,16.85,1
3411_514054_514053,11.24,6
2211_511223_511321,29.64,10
303_519082_-1,6.17,3
3411_514054_514055,41.77,408
3411_514054_514056,31.46,3
2211_518035_518037,21.50,366
2273_502050_502303,23.28,1
2101_501552_511012,17.82,1
131_502250_502200,15.48,139
3011_501405_501451,15.59,319
373_-1_517015,7.63,1
3411_514024_514025,25.22,366
3411_514024_514023,28.71,45
272_519021_500600,25.83,1
2471_500154_514376,21.62,3
2242_500158_512015,27.71,1
421_502500_500106,0.06,1
999_-1_502400,3.02,1
999_-1_502401,14.48,2
2301_513273_512178,18.85,538
2471_500154_514382,32.02,4
1571_502901_502851,8.01,73
2471_514076_515013,22.66,1
2473_515057_502600,55.06,1
3122_511292_511290,14.31,364
2101_501552_511006,0.09,2
2472_518004_518009,56.76,2
2121_513252_512019,8.00,97
2141_514401_511033,16.65,1
306_519281_519181,26.92,1
2242_500158_513330,23.51,1
302_519123_-1,18.16,1
272_-1_513264,30.44,17
272_-1_513269,1.50,1
3191_511204_511257,28.28,4
2273_518025_518027,26.82,305
2521_502750_515119,26.93,1
2273_518025_518021,22.22,2
999_-1_514405,2.94,5
2273_518025_518023,8.14,10
2841_514379_514415,18.25,266
217_502151_502201,6.69,55
2243_514465_514466,19.69,133
2211_502351_519174,37.03,1
2473_500154_514369,12.41,1
353_515126_514302,21.06,71
353_515126_514301,15.01,270
2141_500160_-1,15.26,20
2274_512178_502100,52.23,1
437_500850_501002,20.98,689
2473_500154_514374,8.78,1
3442_514367_514351,15.21,1
318_511132_511232,37.80,1
2274_517211_517208,11.88,117
3191_511204_511252,19.73,3
2121_514376_514541,8.20,1
2401_501550_519047,25.23,2
2141_514376_514374,34.84,7
282_512035_513248,15.09,1
318_-1_502313,4.03,13
2473_500154_514382,14.74,2
318_-1_502314,1.43,3
282_512035_513247,27.81,303
371_517014_500051,19.59,48
385_514290_514291,17.02,386
3191_511215_502314,24.04,2
2524_500600_500800,17.64,605
441_501301_501251,15.98,509
2274_517211_517215,20.22,14
217_511196_511496,26.67,113
2121_513161_513162,41.90,295
2121_513161_513160,8.55,14
377_516143_516144,26.78,297
2212_513063_513112,18.19,102
2842_514069_514068,25.43,123
3192_511064_511062,22.11,1
2121_516230_516139,33.30,2
377_516143_516141,0.50,1
377_516143_516142,7.08,15
3124_511435_511487,12.92,2
1472_501700_501802,21.87,1
2842_514069_514070,33.68,440
3124_511435_511488,23.26,1
2471_514372_514541,37.48,323
311_511195_511361,14.41,211
3121_517277_517275,29.98,67
2273_518153_501151,16.78,349
3192_511064_511054,9.93,77
3121_517277_517276,80.23,2
2211_502351_519121,0.05,1
2211_518045_518194,4.15,1
3781_517227_517165,19.00,262
3781_517227_517164,0.75,1
3781_517227_517163,7.56,2
1571_501751_502950,24.02,1
2212_516139_516195,22.56,107
441_501200_501350,10.68,1
2211_518084_518083,19.63,9
2212_516139_516193,38.80,306
3192_511064_511083,42.04,1
1472_500152_501200,51.62,1
355_514192_514421,26.69,10
427_501652_501854,0.96,1
376_500058_-1,13.38,9
2402_513104_513106,15.45,76
2273_513112_513231,35.51,5
2524_500600_500851,19.87,2
271_511426_511425,6.10,38
271_511426_511427,37.28,7
1472_500158_501300,19.68,1
2471_500154_514369,20.07,2
2211_511324_511272,1.45,1
2211_511324_511273,24.97,1
2471_500154_514367,61.96,3
3192_511064_511075,3.44,1
3124_511292_511290,12.95,208
431_500301_500251,36.48,336
999_-1_513182,6.13,5
336_513310_513001,0.23,1
3411_514049_514538,7.43,48
999_-1_514465,7.17,4
3721_517224_500052,13.02,2
352_515033_516107,45.80,3
3124_511435_511436,20.94,338
1472_501851_501653,37.41,1
3124_511435_511437,14.84,8
3112_511302_511297,2.86,46
2801_518090_518174,25.98,6
3124_511435_511441,8.08,1
2121_513007_513158,5.41,1
376_517072_517171,21.69,427
2121_513007_513159,26.26,1
2521_512021_502401,0.08,1
427_502100_500106,45.75,2
3411_514331_514474,42.16,17
302_519040_519071,19.25,1
999_500250_-1,0.39,3
302_519040_519074,35.61,352
3411_514331_514479,10.97,427
302_519040_519075,23.72,3
2121_516230_516193,24.75,3
131_502300_500700,0.50,1
2273_516270_516017,10.97,22
3124_511435_511434,6.74,6
3112_502310_-1,1.94,1
3411_514331_514480,19.14,16
2211_518084_518085,27.31,379
2121_516230_516195,22.49,345
2104_500751_516166,4.05,2
2104_500751_516167,43.33,1
373_517046_517015,33.52,1
421_502050_502150,30.85,930
2273_518153_501101,27.95,2
1472_501351_501603,13.26,2
1472_500152_501250,0.68,1
2211_511272_511324,23.66,1
311_511195_511347,32.92,1
2102_516213_516129,22.43,2
355_514486_514485,35.63,11
2102_516219_516221,17.84,103
355_514486_514487,22.56,194
1472_501201_501251,12.12,224
3112_502310_511265,6.23,7
2211_518035_518085,74.44,1
2211_518035_518083,0.93,1
3124_511435_511447,18.61,1
2212_518147_514003,15.38,128
2842_514092_514091,21.31,194
271_501851_511098,10.04,3
3124_511435_511448,22.59,1
427_500106_501800,35.61,1
427_501652_501800,40.21,1
371_517177_517017,8.17,2
3441_514485_514176,6.60,22
373_-1_517076,15.92,11
2102_516219_516217,19.75,312
2102_516219_516215,13.92,1
2121_512003_512209,13.09,1
2212_511278_516139,11.94,1
437_501500_501001,7.69,323
2301_513279_512149,41.25,3
2211_511272_511271,10.30,110
427_501855_501651,24.41,1
375_517176_517177,22.23,410
1571_502951_501000,21.52,4
2243_514021_514023,5.79,1
2242_513219_512164,19.05,2
2121_504015_500160,14.52,1
2273_516270_516043,30.18,337
2242_513219_512163,0.42,1
2104_500751_516078,47.63,1
1472_501403_501603,27.24,2
282_503001_518162,5.86,3
421_502201_501951,23.62,2
304_519108_519110,25.69,1
2141_511107_511479,2.23,1
304_519108_519106,31.33,2
336_513168_513308,4.39,5
304_519108_519107,22.08,55
336_513168_513309,31.22,67
375_517176_517189,7.40,3
304_519108_519109,29.37,1
2274_519031_501451,3.36,1
2472_518147_501802,21.96,2
2524_518083_518084,37.14,379
2104_516184_511109,12.67,58
324_512159_512158,25.62,7
2141_511107_511480,45.79,3
311_511261_511046,22.42,101
3141_511261_-1,0.05,1
2273_501151_518153,17.44,71
441_502303_501851,8.48,7
272_516062_516064,22.41,323
2121_512200_513258,46.11,279
302_519122_519075,22.00,29
272_516062_516060,15.36,98
2211_511324_511322,31.47,381
324_512159_512160,17.79,102
2211_511324_511320,15.07,1
437_500300_500250,8.80,215
437_500400_500750,8.05,2
2101_502303_501502,33.51,1
272_516062_516065,23.02,1
2212_511275_511298,27.02,99
243_514152_514218,22.97,51
2141_511107_511456,41.02,103
2273_516022_500101,22.00,2
2274_512017_513265,12.29,1
2473_514372_514417,3.05,13
3121_511452_511369,2.84,1
2274_512017_513261,12.37,17
347_514054_514215,19.63,7
2141_515021_515013,17.83,18
2243_514021_514020,17.88,5
243_514365_514156,16.77,2
2274_513273_-1,0.50,2
2841_503007_503012,18.80,32
142_514021_514200,47.71,1
2121_514377_514076,8.55,32
2274_517106_517280,37.80,245
142_514249_514483,21.77,373
140_-1_501550,37.79,6
441_501200_501250,29.42,426
421_502050_502200,31.51,3
1472_501751_501003,1.41,1
352_515023_515196,21.85,29
2472_518189_516010,0.71,1
2524_516083_516086,28.70,534
2524_516083_516087,15.46,2
142_514249_514474,5.47,17
347_514201_514534,34.10,598
2524_516083_516080,13.32,155
2524_516083_516081,17.33,2
3442_500162_514161,34.11,5
2121_513258_512017,47.19,4
2101_516051_511012,14.74,1
2121_513158_514152,54.07,1
2211_518045_518154,11.50,1
2121_515238_502601,0.33,1
2273_500102_512019,20.27,6
3132_511478_511268,22.40,112
3132_511478_511267,19.69,239
385_518121_518122,18.26,358
302_519050_519280,17.19,45
1472_501700_501752,30.60,774
2473_516196_515161,25.22,3
332_513183_513167,18.86,43
2521_502801_502751,29.17,22
385_518121_518120,14.72,57
332_513183_513166,14.03,516
2402_514110_501552,6.95,2
352_515247_-1,14.91,4
2141_515213_515214,36.28,107
347_514211_514210,17.43,293
2524_515171_516264,4.71,1
347_514211_514212,29.34,22
431_501405_501651,11.34,81
2121_504015_500103,0.22,1
3452_514128_514460,25.40,3
2121_513258_512004,33.92,1
3131_511269_511324,7.70,1
437_501853_501001,14.79,1
271_501900_517213,24.98,4
373_517164_500056,40.00,1
2211_511272_511273,26.64,298
2471_516239_516011,2.78,117
333_513045_513053,14.37,1
376_517068_517072,23.81,17
3372_513085_513100,4.99,2
3191_511204_511359,29.95,8
333_513045_513054,15.72,1
3721_517034_517248,5.22,73
2473_516232_516231,11.19,8
2473_515246_516086,9.94,1
2473_515246_516083,32.94,4
3131_511268_-1,1.70,1
2473_515246_516081,30.31,5
2473_515246_516082,32.67,7
2473_515144_516234,27.16,17
3442_514367_514371,43.85,4
2841_514030_514029,25.38,108
333_513045_513051,19.36,359
3133_502309_511402,15.39,3
3133_502309_511403,7.58,1
333_513045_513052,18.58,18
2212_513256_513251,22.71,85
142_514213_501150,1.53,2
2101_516073_516055,23.10,1
2211_519284_519175,16.68,1
441_501350_501300,9.76,97
3191_511181_511360,23.14,41
3442_514367_514382,30.29,29
376_517068_517067,11.81,167
2241_514345_514156,21.84,368
3372_513085_513106,0.07,1
3191_511204_511360,13.63,1
2241_514412_504010,44.15,2
318_511344_511257,23.68,269
3372_513085_513101,5.53,1
2212_513105_513327,43.61,1
355_514182_514275,38.98,2
3413_514553_514552,6.25,13
2471_514374_515061,25.07,1
2241_513106_513104,23.03,320
2274_512070_512008,6.70,1
2101_516051_511008,57.72,2
3721_517034_517222,17.69,1
3441_514067_514068,24.21,586
1571_502950_502900,51.10,606
2473_515052_515246,24.96,1
2101_516073_516069,28.25,3
2473_515052_515245,26.13,263
2472_517013_501802,26.80,460
2472_518004_518006,11.71,57
131_502201_502151,19.69,681
2101_516073_516071,15.72,396
2472_518004_518003,15.37,1
2242_513233_513234,16.77,79
2401_514258_519141,20.15,44
271_516232_516173,28.62,220
427_502101_502100,10.76,6
131_501853_501803,33.63,623
142_514233_514232,44.29,13
2101_516073_516077,10.72,88
2101_516073_516078,8.11,1
3441_514067_514069,26.84,3
2241_513256_500100,23.35,238
271_-1_517213,0.11,1
2101_516077_501552,0.24,1
2242_513233_513220,24.87,2
2141_500160_511033,6.40,1
371_517027_517029,30.97,458
371_517027_517025,9.35,187
2473_515061_502601,29.24,6
2121_513163_504008,14.51,2
302_519070_519071,17.11,312
1571_-1_501850,13.28,14
2212_514001_513113,42.10,2
3131_511416_511230,14.79,3
282_514348_514349,27.91,319
2472_518009_516011,24.95,6
2842_514559_514220,0.05,1
3011_501405_501502,3.03,1
333_513045_513029,16.15,2
347_514208_514039,15.42,234
318_502313_511334,2.32,1
336_513214_513215,0.06,1
302_519076_519127,21.64,74
318_502313_511337,2.53,1
302_519076_519125,33.79,2
441_502050_502000,8.80,157
271_516232_516167,32.37,6
2101_502251_511005,37.74,280
2273_519017_517125,30.61,4
282_514348_514313,39.99,1
1571_502901_502801,37.90,1
375_517180_517216,39.75,373
2473_502001_501951,30.44,407
2241_513106_513140,9.17,113
2521_513230_513149,21.43,218
2212_502301_513251,17.73,2
1571_501850_-1,20.61,17
271_511315_511313,3.20,54
353_500161_515127,28.65,1
2841_514190_514421,22.21,333
2241_514157_500153,18.19,4
2521_502850_502800,33.40,233
2524_518083_518037,18.37,156
2104_516167_516251,29.85,269
333_513045_513042,22.91,4
2524_515028_-1,24.75,69
333_513045_513043,14.64,2
333_513045_513044,19.00,93
282_513037_512134,36.95,1
2841_514030_514032,18.62,1
2841_514030_514031,21.45,377
2121_513252_500103,26.66,1
2471_514374_515008,14.16,1
2242_512024_512178,10.99,93
375_517180_517217,21.43,3
375_517180_517219,8.57,1
2472_517013_501850,19.27,6
302_519070_519068,9.79,101
333_-1_513294,9.43,7
373_517046_517167,22.14,511
2274_512070_513279,16.69,1
217_502102_502150,28.73,155
2274_500105_500107,18.06,273
3191_511021_511257,17.75,169
2472_517007_517006,16.61,66
3122_511292_511352,7.25,1
1472_501201_501151,19.94,814
2104_516147_516216,15.02,1
2521_514282_514281,18.47,65
3191_511021_511252,30.67,103
2141_500160_511100,6.54,1
3422_514088_500164,8.86,1
311_502302_511195,0.12,1
999_-1_513209,0.41,2
311_502302_511196,20.73,2
2471_516112_516134,30.63,442
427_513003_519117,11.77,1
131_502201_502101,28.61,3
3133_502309_511494,40.42,3
271_511312_516231,35.90,1
2101_516061_501552,0.32,1
3442_514072_500162,27.16,1
271_511312_516232,16.46,1
2102_516213_516211,20.61,287
427_502100_-1,7.02,6
333_513055_513053,10.45,1
333_513055_513054,16.39,63
2471_516268_515017,0.28,1
2524_515161_515146,38.57,1
421_501951_501753,27.80,8
2472_518058_503006,25.28,38
437_501601_501001,24.88,756
2102_516213_516209,27.96,4
441_502102_502200,37.25,409
2212_518149_518060,26.27,58
1472_501250_501300,38.64,711
243_514096_513165,23.50,1
272_512123_513264,38.79,272
2524_512022_500600,21.84,3
2801_518090_518089,6.80,9
3411_514246_514326,26.32,448
1571_502950_501403,12.95,100
3131_511273_511019,28.18,291
2242_500158_513235,4.41,1
2242_500158_513236,28.85,1
2472_518013_516010,8.25,1
2212_518149_518058,30.23,2
2211_519175_512046,18.15,1
3411_514246_514331,44.27,1
311_502302_511179,32.15,3
3441_514214_514054,27.96,2
3172_511184_511343,53.32,2
2242_512024_512133,26.33,286
142_514056_514481,20.72,1
311_502302_511178,23.67,421
2102_516213_516215,3.83,16
271_511090_511469,29.69,2
322_512032_512187,4.06,60
302_519040_519122,20.83,3
304_519131_519130,3.61,3
333_513055_513030,18.10,19
2521_513226_513225,14.82,28
3192_511054_511083,16.44,18
271_511090_511468,19.66,61
3422_514403_514220,21.29,9
304_519131_519133,14.34,2
304_519131_519132,20.50,185
3141_511250_511264,19.76,544
3141_511250_511265,23.22,1
2141_515138_515026,37.32,142
2473_500154_514278,0.59,2
2842_514193_514376,24.48,390
272_516079_519290,17.86,2
2242_500158_513222,45.81,1
3422_514403_514219,38.81,1
318_511132_511133,50.09,194
272_511315_516233,11.80,2
437_501701_501753,10.09,305
1571_502901_501402,30.25,10
2211_515146_511273,29.07,1
142_514056_501150,28.94,619
2211_515146_511272,25.76,1
333_513055_513041,31.02,2
352_516107_515196,19.05,4
2473_516127_515143,15.69,60
2473_516127_515142,22.17,1
2102_511284_511305,36.76,1
1472_500158_501402,53.96,1
2211_502351_519284,33.82,1
431_504019_502200,36.00,1
452_502601_502851,0.11,2
370_517257_519110,1.27,1
441_502001_502051,8.68,95
2274_517211_517115,25.25,378
2274_517211_517117,7.92,1
370_517257_519115,0.34,1
3192_511054_511062,33.44,1
3192_511054_511064,23.84,266
2121_513252_513254,31.88,1
2471_514369_-1,35.08,3
282_513289_512034,32.80,1
2521_513226_513249,25.48,205
385_514449_500167,1.26,3
353_514301_515126,20.40,76
2472_518004_518165,20.23,366
305_502400_512009,15.90,2
2524_501551_500603,23.51,654
371_517017_517015,29.40,653
2273_518025_518153,33.12,3
2401_514154_514080,23.32,49
2211_519175_501351,17.05,2
421_501951_501701,46.62,1
271_511420_511423,0.21,1
421_502151_502201,9.01,320
1571_502901_502751,1.89,1
333_513055_513029,30.29,335
271_511420_511421,27.75,223
131_500850_500750,13.65,288
427_513003_519136,36.08,1
306_519281_519280,60.57,1
427_513003_519135,20.06,387
2141_515138_515054,20.15,26
272_-1_512037,20.94,3
377_516274_516142,27.78,302
302_519050_519068,16.61,368
2104_516252_516251,4.28,22
271_511090_511423,19.58,1
302_519050_519067,19.45,87
2212_513063_513231,28.21,295
1472_500152_501300,44.64,1
2141_511222_511317,35.32,1
2104_516213_516006,36.81,3
2841_514186_514468,25.91,346
2104_516213_516005,16.25,284
131_501901_502051,36.19,1
131_-1_502300,15.19,15
2101_502303_511005,36.13,1
375_517176_517228,22.89,5
142_-1_512020,16.94,7
142_-1_512022,11.99,15
2211_516084_516088,23.83,1
2471_514415_514377,15.17,1
2402_500151_519047,10.36,1
376_517062_517061,26.83,22
2841_514550_514171,25.78,2
376_517062_517060,16.82,189
272_511243_516254,25.31,258
352_515199_515213,14.46,114
2273_516040_519016,32.80,255
2211_516084_516092,9.04,1
376_517062_517064,18.74,416
311_511195_511496,26.79,2
333_513277_513294,38.77,1
437_500401_500301,36.17,741
2524_515171_515087,18.11,22
2524_515171_515088,5.88,3
2101_516057_511012,29.63,1
377_516143_516249,36.77,2
2121_512200_500100,22.36,2
305_519039_519038,19.82,86
282_513038_513037,16.81,75
3722_517037_517038,26.06,114
353_514306_514400,17.84,40
2473_514382_514367,37.53,298
3722_517037_517039,24.80,15
2402_513215_513300,21.09,21
371_517151_517231,43.07,1
375_517186_517174,37.05,393
2211_516084_516082,4.74,103
2211_516084_516081,19.80,1
376_517062_517058,13.07,1
2211_518045_518082,53.73,1
2121_514370_514400,10.43,80
2471_516007_516112,25.50,1
282_514312_513233,14.56,85
2121_513161_514365,24.62,1
302_519050_519072,21.59,1
375_517186_517187,24.08,2
3413_514194_514195,37.34,125
302_519050_519070,19.77,3
375_517186_517185,6.68,15
2121_514370_514417,33.76,232
2121_513007_513008,24.49,350
2121_513007_513006,5.50,42
3452_514132_514130,10.00,71
2141_511228_511481,33.91,4
272_513264_519142,9.41,1
306_519186_519185,28.81,4
306_519186_519187,27.68,312
306_519186_519188,20.73,2
2471_516268_515029,14.93,406
2473_515049_515050,41.95,253
2473_515049_515051,6.67,1
2274_513265_512210,19.16,57
306_519186_519184,12.21,1
2104_516219_516221,16.41,108
243_514401_514157,22.30,214
375_517216_500055,3.78,1
2274_512007_512178,3.69,1
2273_500102_500101,12.36,24
322_512215_512062,32.69,266
1472_500158_500152,9.46,167
2121_513040_513032,22.65,9
322_512215_512065,3.22,2
3452_514132_514134,31.87,169
306_519186_519190,28.15,1
427_501652_501702,24.35,438
2104_516219_516217,21.13,324
131_501901_502001,4.25,1
305_519039_519041,10.34,237
2104_500751_516005,29.93,2
2801_519155_519154,25.72,22
2402_514116_500151,14.82,1
2801_519155_519156,21.05,95
2801_519155_519159,8.73,7
2274_517106_517107,24.03,1
2301_513273_500251,6.37,1
2104_516215_-1,0.05,1
376_517062_517014,8.04,1
333_513277_513283,13.09,49
2842_514376_514278,16.89,494
3121_511452_511449,3.07,1
3133_511501_511225,10.39,1
333_513277_513278,17.36,315
377_516143_516272,17.92,1
2104_516262_516263,32.54,267
140_501550_501500,10.94,313
2473_515049_515048,29.84,45
352_515072_515136,23.93,85
2242_514154_500158,21.60,2
3121_511452_511453,11.60,13
3442_514533_500166,28.32,2
3132_511478_511324,12.35,43
2212_514001_502301,11.37,120
271_501851_501855,14.50,158
305_512104_519165,9.60,1
3781_517250_517251,12.70,419
2242_514312_514126,24.17,2
2141_514370_514417,32.29,94
3781_517250_517249,7.93,1
352_515023_515033,20.29,82
311_512002_511213,18.25,159
2104_516262_516166,32.03,1
2841_514232_514470,3.67,1
131_502300_501951,24.20,1
2141_514370_514400,20.37,40
2101_516067_501552,0.03,1
131_501500_500601,21.63,2
3133_511495_511033,7.01,4
2524_515171_515003,22.50,427
2104_516167_516166,38.65,1
2212_513014_513231,9.23,137
2473_514372_514541,36.20,220
357_514547_514548,12.96,141
2241_513014_513309,31.15,277
2841_514415_514379,15.04,3
2104_516167_516173,5.43,1
2301_504010_500203,22.74,8
131_501651_501601,28.34,729
131_500200_500300,39.38,1
375_517180_517147,11.81,15
3721_500052_-1,5.02,1
431_-1_501852,2.16,1
306_519186_519204,16.58,109
2471_500154_514401,27.56,417
431_501853_501651,29.46,344
347_514535_514039,38.48,2
2301_513279_500250,35.92,1
2401_514386_514019,9.32,52
2471_500154_514400,37.53,1
131_502300_500601,37.32,1
3192_511079_511462,22.10,238
352_515023_515022,17.78,4
385_514551_518188,19.07,353
2243_514080_514154,36.70,109
2211_516093_515146,16.76,2
2211_518045_518016,15.13,60
3442_514371_514067,22.86,3
347_514201_514428,28.28,27
2121_516080_511281,58.93,1
2243_514080_514157,17.30,30
2104_511424_516167,13.24,1
217_502001_502103,5.05,29
2524_515171_515028,0.32,1
302_519076_519077,25.79,275
302_519076_519078,22.53,21
2211_515153_516084,16.09,61
2101_516235_502250,43.76,1
2473_515245_515246,40.98,257
2243_514047_514046,15.43,17
2274_517280_517106,10.31,7
2274_517280_517107,24.80,371
2471_516007_516006,12.59,158
3131_511269_511228,50.72,1
2471_516007_516008,26.67,445
311_512002_511250,3.06,1
2211_518045_518036,8.98,2
2211_518045_518034,22.22,1
2121_512200_512004,22.16,2
2473_514415_514076,36.21,324
142_512020_-1,20.68,2
3781_517165_517163,18.86,318
3781_517250_517270,24.22,2
3781_517165_517164,28.31,4
441_501200_501150,8.87,123
2102_511104_511305,2.47,1
353_515127_515128,24.41,242
2524_502951_518085,0.91,1
311_512002_511261,19.48,7
2243_514047_514048,17.84,105
3133_502309_511502,20.49,1
2211_515153_516088,22.69,271
2524_515171_515054,23.85,9
2211_516093_515138,29.16,1
2211_518045_518046,34.27,290
2121_513151_513152,33.06,399
302_519112_519043,16.71,61
2121_513151_513150,10.26,95
3452_514128_514346,37.54,1
373_517167_517015,39.98,1
306_519196_519195,8.64,3
306_519196_519197,17.81,385
306_519196_519192,36.17,1
282_514313_514019,66.43,3
2242_513233_513329,31.66,1
302_519112_519079,20.85,380
2211_518034_516093,25.36,1
2212_518060_516169,29.50,1
2212_518060_516168,37.33,3
999_-1_502600,1.39,5
271_511420_511419,14.03,58
2211_519175_512112,0.05,1
3131_511269_511271,17.24,17
2521_514282_514320,19.61,200
3131_511269_511270,26.38,278
3131_511269_511272,15.78,1
302_519112_519069,46.73,1
2212_518060_516170,37.27,1
3191_511204_511246,46.82,12
3191_511204_511245,30.66,16
131_501853_501951,20.40,2
217_502102_502200,30.44,1
2401_519139_500851,16.17,40
272_516052_516054,30.75,281
2121_500203_513326,17.95,164
3131_511269_511268,85.12,1
272_513015_502400,28.67,1
441_501301_501351,11.71,48
385_518121_518204,33.04,1
3191_511204_511215,18.56,2
355_514421_514190,19.01,28
2121_513258_500100,24.22,276
3191_511204_511213,28.78,1
355_514421_514192,33.44,155
3191_511204_511212,16.68,1
3191_511204_511210,30.79,1
1571_501600_501700,39.92,3
2841_514056_514055,17.76,112
2141_515011_515019,11.33,3
2102_501400_-1,1.10,6
2141_515011_515015,31.91,119
373_517167_517046,18.03,136
2141_515011_515020,29.94,1
3133_511494_511502,12.27,3
2401_500161_514133,16.44,1
2121_513252_513325,20.86,378
2121_513252_513326,1.66,1
272_513270_512040,20.20,419
2473_517006_511316,25.03,1
2121_515011_515015,32.23,286
373_517167_517050,37.84,416
373_517167_517052,22.80,1
2121_515011_515019,8.11,20
2212_515144_513256,61.78,2
336_513214_513312,6.67,104
2121_500103_515238,51.18,1
2121_515011_515020,7.95,2
2524_518034_518036,9.13,224
431_500350_501652,36.68,301
2121_515142_516230,11.19,3
1472_501100_501052,11.36,199
2212_513290_514012,47.07,1
2212_513290_514014,13.68,4
318_511344_511339,1.63,1
2121_513262_513253,38.27,1
1571_502950_502800,43.85,2
2274_517211_517190,0.39,1
3121_511377_511292,15.33,496
2472_516237_518010,1.45,1
3121_511377_511294,5.88,3
2121_513262_513260,27.36,309
385_514290_514426,4.21,10
2273_514409_514410,38.66,390
131_501853_501901,9.58,228
2401_500161_514157,28.04,331
282_512035_513194,34.95,1
353_515127_515190,16.55,2
3191_511204_511208,54.33,2
3191_511204_511206,31.02,188
3191_511204_511207,42.59,4
3411_514044_514054,36.40,1
431_500350_500300,12.57,90
2243_513063_513231,26.52,86
2524_512023_512022,12.93,262
272_516068_516069,8.67,120
2471_515069_515019,43.88,1
441_501851_502303,2.32,1
272_516068_516066,26.14,401
272_516068_516063,9.53,11
2211_515214_515213,5.29,9
3442_514163_-1,4.42,1
2104_519025_500751,3.69,1
3411_514044_514045,21.40,483
3122_511171_511354,26.70,1
2471_514369_514368,17.78,2
1571_501600_501752,55.20,1
2211_518097_501351,23.92,22
2301_504010_500251,48.22,2
441_502050_502102,31.01,437
3121_516277_511235,34.07,213
2471_515069_515011,26.63,1
2471_515069_515017,34.59,548
